# File exported by ZBrush version 2021
# www.zbrush.com
#Vertex Count 3254
#UV Vertex Count 3584
#Face Count 3252
#Auto scale x=1.000000 y=1.000000 z=1.000000
#Auto offset x=0.000000 y=0.000000 z=0.000000
mtllib kidlotus.smooth_OBJ.mtl
usemtl defaultMat
v 0.07585219 0.49993938 -0.03125919
v 0.0808155 0.5071488 -0.02573245
v 0.07861053 0.4914675 -0.01515791
v 0.07532867 0.49333822 -0.02510786
v 0.07335722 0.49819314 -0.04609164
v 0.07061573 0.50617665 -0.05185761
v 0.09349006 0.52306747 -0.01907079
v 0.06817541 0.51888799 -0.05718715
v 0.04975223 0.55016422 -0.06366506
v 0.07466803 0.56152916 -0.02926815
v 0.05584893 0.49269381 -0.06437431
v 0.04307998 0.50514203 -0.07278933
v 0.02205065 0.52753186 -0.08155578
v 0.01647692 0.48278728 -0.08186405
v -0.00917257 0.50498223 -0.08750451
v 0.04031576 0.46392244 -0.07328505
v 0.06853422 0.49352869 -0.05323597
v -0.02988259 0.48719123 -0.09509188
v -0.04583144 0.49641916 -0.09387657
v -0.04644327 0.52086597 -0.0915624
v -0.0575547 0.48538088 -0.09360364
v -0.07578272 0.49418434 -0.08680865
v 0.07229133 0.4539704 -0.0494497
v 0.06964042 0.4794223 -0.04674576
v 0.07631269 0.48200327 -0.02693504
v 0.08221395 0.46701121 -0.0259476
v -0.01064373 0.4599764 -0.08859542
v -0.04643059 0.4649012 -0.10169011
v -0.01584211 0.43599635 -0.08864945
v -0.03955899 0.44782617 -0.09760016
v -0.04590283 0.48100721 -0.10077052
v -0.05712168 0.46859398 -0.09138067
v -0.07853692 0.46994733 -0.08117076
v 0.02941778 0.43966263 -0.07482992
v 0.08711913 0.45579853 -0.023273
v 0.09315794 0.44770717 -0.01737656
v 0.09086242 0.43955016 -0.02216232
v 0.08267995 0.44077807 -0.03650048
v 0.09329637 0.42916235 -0.02134864
v 0.08206649 0.42137771 -0.03583119
v 0.09998504 0.43341067 -0.00750579
v 0.10161972 0.43339896 0.00102332
v 0.10283251 0.42448476 0.0010176
v 0.10107054 0.42502698 -0.00694281
v 0.09338723 0.42166763 -0.01980024
v 0.07283983 0.48771238 -0.04456271
v 0.07552689 0.48933887 -0.03313112
v 0.0518639 0.40768647 -0.05684085
v 0.02243795 0.41941231 -0.07300189
v 0.06239381 0.43016532 -0.05667782
v -0.02287229 0.42428925 -0.07994317
v -0.04550634 0.4460358 -0.0865695
v -0.06690335 0.44023665 -0.07234437
v -0.03470673 0.40720805 -0.06885717
v -0.10188517 0.49938327 -0.0752104
v -0.07733868 0.53556585 -0.08339005
v -0.12874802 0.50738441 -0.05219481
v -0.11742904 0.547899 -0.0587704
v -0.14403295 0.51279068 -0.02798189
v -0.13644236 0.55541396 -0.02933728
v -0.00441287 0.54876065 -0.08845196
v 0.00998312 0.40078222 -0.06774588
v 0.03660626 0.38780424 -0.05407606
v 0.07807122 0.40150106 -0.03582163
v 0.06644021 0.38319554 -0.03667264
v 0.08588077 0.41574728 -0.02921303
v 0.08452899 0.40924239 -0.0274894
v 0.08869822 0.4028092 -0.01736376
v 0.08473603 0.39036771 -0.02012601
v -0.10965587 0.44662955 -0.04007667
v -0.09170015 0.44332748 -0.05904579
v -0.07529366 0.40499308 -0.05316653
v -0.08906202 0.40886929 -0.03661089
v -0.04477667 0.38349303 -0.0633052
v -0.06215194 0.39799839 -0.06060141
v 0.0987368 0.43987813 -0.00754843
v 0.10082006 0.44622787 -0.00655562
v 0.100713 0.45397621 -0.01278325
v 0.10653343 0.45329546 -0.00551656
v 0.08767059 0.47500509 -0.01353076
v 0.09614455 0.46373772 -0.0132982
v 0.08586534 0.49750173 -0.00786665
v 0.09214134 0.47736841 -0.00512665
v 0.10194477 0.4649294 -0.00490579
v 0.07939221 0.38062471 -0.02221928
v -0.00640989 0.38508981 -0.06222704
v 0.02184397 0.37168261 -0.04767302
v 0.00033617 0.35647946 -0.04972447
v -0.02179554 0.36983919 -0.06033264
v 0.06819327 0.37173831 -0.02235295
v 0.05657966 0.37403312 -0.03466877
v 0.08683918 0.37824055 0.0009805
v 0.07463684 0.36980325 0.001018
v 0.03828565 0.36146444 -0.02452317
v 0.08946749 0.38880211 0.00079457
v -0.10369911 0.47130379 -0.06625865
v -0.12611407 0.47591763 -0.04448463
v 0.01649954 0.34666466 -0.02831151
v -0.04304383 0.56661772 -0.08178528
v 0.04607621 0.59150236 -0.03551801
v 0.02479381 0.5762397 -0.07133875
v -0.08802215 0.58481508 -0.05954105
v -0.10270454 0.59656882 -0.02676259
v -0.01536939 0.59538358 -0.0653842
v -0.05679578 0.60225027 -0.05263874
v 0.00034659 0.61329007 -0.03311904
v -0.05455231 0.61502939 -0.02571266
v -0.09840402 0.41111034 -0.01586453
v -0.12000952 0.44931936 -0.02170418
v -0.1376429 0.47931435 -0.02426036
v -0.10190974 0.41158944 0.00101778
v -0.12514677 0.45002239 0.00101798
v -0.03219017 0.34868937 -0.06472324
v -0.00865312 0.3366706 -0.05590482
v -0.01025814 0.31278044 -0.06855639
v -0.03958534 0.32631281 -0.07804326
v 0.01187836 0.32446104 -0.03180926
v 0.01710337 0.29521158 -0.03820646
v -0.07967338 0.3753066 -0.05067589
v -0.06971162 0.36860236 -0.05930028
v -0.08186388 0.34299165 -0.06695543
v -0.09113372 0.34852093 -0.05523374
v -0.0550796 0.35940706 -0.06537193
v -0.06623019 0.33678618 -0.07720256
v -0.09971477 0.3836354 0.00101723
v -0.09691518 0.38292974 -0.01460559
v -0.10331757 0.35769689 -0.01665414
v -0.10561056 0.35880228 0.00101787
v -0.08986373 0.38037148 -0.03376178
v -0.09853742 0.35439464 -0.03591364
v 0.04168834 0.24380038 -0.05222391
v 0.00619982 0.27775999 -0.0974138
v -0.03976643 0.30538603 -0.11749358
v -0.07975754 0.32045412 -0.11908011
v -0.10175979 0.32221877 -0.1010063
v -0.11385278 0.31990969 -0.08366493
v -0.11993388 0.32037219 -0.05845104
v -0.12096518 0.32298854 -0.02994812
v -0.03412726 0.27920478 -0.17604956
v -0.09061237 0.29473879 -0.18121139
v -0.12519478 0.29068887 -0.15900461
v -0.1006857 0.25941056 -0.22202915
v -0.04253115 0.25155147 -0.21719218
v -0.05126815 0.18944077 -0.24494817
v -0.09973707 0.18611314 -0.24114282
v -0.1368263 0.25082045 -0.19030122
v -0.12808908 0.18076333 -0.19787608
v -0.01675234 0.0226021 -0.25023582
v -0.05113696 0.00576796 -0.24192264
v -0.06675729 -0.00712217 -0.19662977
v 0.0268442 -0.03338937 -0.26510596
v 0.00376945 -0.06033826 -0.24982859
v 0.00333676 -0.0707613 -0.21442894
v 0.19508008 -0.08646266 -0.31882995
v 0.18865491 -0.10775525 -0.3067266
v 0.19225251 -0.11557284 -0.28060233
v -0.14303523 0.2316894 -0.15861555
v -0.14199705 0.27763012 -0.13589043
v -0.0528707 -0.00246842 -0.17430676
v -0.11902278 0.16846944 -0.16369181
v -0.00734948 0.18753576 -0.20188444
v 0.00138354 0.02455585 -0.20875318
v 0.00499048 0.22600288 -0.18299731
v -0.03683476 0.14952626 -0.1704497
v -0.01450498 0.01359728 -0.17898689
v 0.05435907 0.16916641 -0.13610588
v 0.01665192 0.24559149 -0.14485864
v 0.0678419 0.18584816 -0.07899887
v 0.03512156 0.15455332 -0.16375738
v -0.01022137 0.12701149 -0.16452732
v 0.0341354 -0.01978804 -0.22409555
v 0.20799136 -0.07833756 -0.30030173
v -0.10524831 0.13369472 -0.14342357
v -0.1405445 0.20504777 -0.12811946
v -0.15072321 0.26283806 -0.10383001
v -0.14876841 0.25369972 -0.05782903
v -0.15086729 0.19693331 -0.07367698
v -0.08966608 0.05335799 -0.14470979
v -0.14334671 0.07361203 -0.0877992
v -0.15101401 0.14037597 -0.08675597
v -0.00230453 0.0493597 -0.15626844
v 0.06347506 0.0845842 -0.13665992
v 0.08098553 0.09423697 -0.10227161
v 0.07555836 0.00713923 -0.09742827
v 0.08745442 0.0098772 -0.04863375
v 0.07630126 -0.08701542 -0.04852787
v 0.06209696 -0.08687968 -0.0905787
v -0.00488985 -0.02255109 -0.15228766
v 0.05279783 -0.00592432 -0.12808831
v 0.03817362 -0.09282434 -0.12008964
v -0.01615637 -0.09673186 -0.15011565
v -0.14361947 0.01728112 0.00101795
v -0.13255208 0.00480193 -0.0899046
v -0.13198497 -0.05682161 -0.08405931
v -0.14167067 -0.04959248 0.00101793
v -0.079506 -0.01377236 -0.14276427
v -0.09268467 -0.08451124 -0.14106498
v -0.04672958 -0.1582143 -0.14793443
v -0.11458957 -0.15165728 -0.14343087
v 0.01310218 -0.15199512 -0.11675812
v -0.15237912 -0.22072719 -0.13512107
v -0.18118667 -0.22195619 -0.08903522
v -0.14829546 -0.1406251 -0.10588114
v 0.04274224 -0.15340374 -0.08523938
v 0.01560039 -0.19379955 -0.08332986
v -0.02792463 -0.1884502 -0.11841113
v -0.12988638 -0.10042414 -0.11079038
v 0.06323431 -0.1563946 -0.04389673
v -0.09130531 -0.20113426 -0.14726157
v -0.15915069 -0.27489417 -0.13514822
v -0.17539823 -0.30710792 -0.08257315
v 0.04758677 -0.2014001 -0.0435002
v -0.06937945 -0.19903788 -0.12660199
v -0.01610932 -0.20990192 -0.08511711
v -0.03567839 -0.20030133 -0.09672215
v -0.08340787 -0.18741069 -0.14759244
v 0.08541395 0.1027085 -0.04693941
v -0.14796806 0.0826734 0.00101784
v 0.04835004 0.23370593 0.00093736
v 0.07101546 0.17271158 0.00102184
v 0.01330101 -0.05694412 -0.1966269
v 0.02626115 -0.03155812 -0.19748568
v 0.15410229 -0.11747855 -0.29232919
v 0.15570965 -0.10450623 -0.25231137
v 0.20284831 -0.10000728 -0.27262234
v 0.20767357 -0.11524473 -0.30676847
v 0.14747344 -0.15985782 -0.31136733
v 0.19948357 -0.15384797 -0.32280045
v 0.15634647 -0.2330511 -0.26063108
v 0.1400669 -0.21413099 -0.29278147
v 0.18175125 -0.20125922 -0.30645006
v 0.19076386 -0.21243172 -0.28092175
v -0.1182819 -0.22262784 -0.15422657
v 0.18215349 -0.1715004 -0.19411002
v 0.17249079 -0.22059728 -0.22329536
v 0.20445436 -0.19764852 -0.24942298
v 0.21222345 -0.15379148 -0.21975486
v 0.05985012 -0.2304728 -0.09878173
v -0.0380475 -0.31993836 -0.02522512
v -0.12449767 -0.33606624 -0.03797271
v 0.03930871 -0.28374978 -0.12408296
v 0.02291983 -0.13900892 -0.15931814
v 0.0584621 -0.1793282 -0.11259736
v 0.17311918 -0.13024492 -0.205077
v -0.12050533 -0.32561069 -0.10357112
v 0.02097874 -0.29247033 -0.17456722
v -0.12326061 -0.29273903 -0.15479178
v -0.0028826 -0.26033347 -0.21944169
v 0.2005101 -0.08362741 -0.27003476
v 0.19842031 -0.10463704 -0.26339036
v 0.18895515 -0.18886834 -0.30752885
v 0.19502939 -0.16209954 -0.28906446
v 0.25966379 -0.11929377 -0.28346002
v 0.25760692 -0.14079067 -0.29739838
v 0.21237546 -0.11885166 -0.22859764
v 0.25087314 -0.1154075 -0.26363563
v 0.23916965 -0.17634135 -0.31173998
v 0.20416685 -0.19988967 -0.31499099
v 0.19622215 -0.1295505 -0.26195582
v 0.20631316 -0.21191921 -0.29352867
v 0.24523915 -0.19522348 -0.2832877
v 0.20357687 -0.24300958 -0.18749043
v 0.16259416 -0.25130045 -0.20826296
v 0.26535427 -0.16158613 -0.26610046
v 0.22471451 -0.211392 -0.1619142
v 0.18233914 -0.19522744 -0.2893179
v 0.12621995 -0.22905577 -0.20594263
v 0.18856811 -0.13100026 -0.24616444
v 0.18388134 -0.1637714 -0.27285766
v 0.12162392 -0.19175846 -0.19032792
v 0.15930262 -0.15571627 -0.16534373
v 0.2660312 -0.13617985 -0.25386077
v 0.24339671 -0.12347406 -0.24271321
v 0.19869321 -0.15960633 -0.15387785
v 0.22211085 -0.18299523 -0.15138861
v 0.09460772 -0.31671968 0.04283492
v 0.11805025 -0.29184776 0.0589838
v 0.10196329 -0.30052352 0.09008963
v 0.07754652 -0.3250584 0.0777049
v 0.03033295 -0.29518419 0.01165456
v 0.05864489 -0.32110676 0.0230485
v 0.04427509 -0.32879212 0.06005036
v 0.01921643 -0.305599 0.04569429
v 0.06166828 -0.2531425 0.03523875
v 0.03032996 -0.27155187 0.01714509
v 0.02019348 -0.28532826 0.04864598
v 0.04665962 -0.27062231 0.0647549
v 0.11676548 -0.26847484 0.05561526
v 0.0948462 -0.25379002 0.04545936
v 0.07702265 -0.26878756 0.07450607
v 0.10077226 -0.2792932 0.08494308
v 0.25244614 -0.07175137 -0.33693862
v 0.25700843 -0.07743276 -0.34998416
v 0.28894403 -0.05911451 -0.35999459
v 0.28945416 -0.05744269 -0.34995186
v 0.31065675 -0.04975686 -0.35837313
v 0.31014457 -0.05273241 -0.3651666
v 0.31240132 -0.0543073 -0.3562285
v 0.31273692 -0.05782086 -0.36287275
v 0.29667851 -0.06919997 -0.35809618
v 0.29436802 -0.06504429 -0.34785684
v 0.26638418 -0.07790525 -0.33280906
v 0.27711123 -0.090998 -0.35282483
v 0.27333706 -0.11596011 -0.34486681
v 0.24738952 -0.11511169 -0.33293813
v 0.24632976 -0.12445555 -0.296882
v 0.25038319 -0.0853383 -0.30870127
v 0.25088894 -0.11462024 -0.27433824
v 0.279253 -0.12428513 -0.30678534
v 0.28802442 -0.11332787 -0.27722635
v 0.25479337 -0.09536464 -0.27700409
v 0.29056763 -0.09906374 -0.27906239
v 0.28219535 -0.09453041 -0.31494271
v 0.32306361 -0.10458037 -0.28500866
v 0.31166529 -0.09699102 -0.32206106
v 0.31179216 -0.12072752 -0.31995528
v 0.32147398 -0.11631296 -0.28434217
v 0.30038285 -0.11257544 -0.35663005
v 0.32711893 -0.08970124 -0.36899831
v 0.34585702 -0.10040121 -0.33431693
v 0.30011227 -0.09915916 -0.35826838
v 0.36000424 -0.10376047 -0.2951824
v 0.35903281 -0.09534612 -0.29453113
v 0.33789581 -0.08596028 -0.3320164
v 0.32202249 -0.08014524 -0.36610782
v 0.37406218 -0.0757306 -0.3122884
v 0.35895696 -0.06111506 -0.33886188
v 0.37769982 -0.07871053 -0.31420695
v 0.33199191 -0.05929147 -0.36303144
v 0.3367106 -0.0612018 -0.36538153
v 0.36713254 -0.06344576 -0.34246754
v 0.09473268 -0.27891072 0.11527064
v 0.10240081 -0.30655166 0.11832329
v 0.0661848 -0.33819666 0.11372207
v 0.08630781 -0.26588174 0.14401119
v 0.10846983 -0.30192831 0.15040652
v 0.06489967 -0.34055715 0.14577777
v 0.11987726 -0.25127613 0.19215294
v 0.12742966 -0.29161387 0.18903029
v 0.09725465 -0.33669221 0.18824195
v 0.15035271 -0.24878761 0.23259019
v 0.15868707 -0.27865046 0.2358233
v 0.13550272 -0.32163661 0.22491593
v -0.00376871 -0.32349717 0.07005991
v -0.00220504 -0.29925635 0.06972192
v 0.01820682 -0.28278905 0.0887214
v 0.02506506 -0.34102892 0.09584956
v 0.0501992 -0.27446657 0.10416331
v 0.00865945 -0.34262737 0.11511869
v -0.02398956 -0.32541206 0.09121844
v -0.02292799 -0.30093535 0.09492771
v -0.00308542 -0.28542095 0.1131122
v 0.03001293 -0.27624979 0.12620936
v -0.02478983 -0.31990584 0.10895819
v -0.02457844 -0.3000651 0.11311111
v 0.10695515 -0.25495266 0.21101743
v 0.14153221 -0.25029653 0.2446818
v 0.03647742 -0.33238995 0.15315169
v 0.00106446 -0.33052396 0.12942114
v 0.07054483 -0.27050951 0.1638081
v 0.02346212 -0.28173977 0.14378267
v -0.00624836 -0.29091778 0.1307578
v 0.1264069 -0.31469065 0.2350303
v 0.0781828 -0.32915228 0.19193626
v 0.15093506 -0.27750322 0.25204211
v -0.11045225 -0.22544093 -0.17435529
v -0.01594686 -0.19579735 -0.23546251
v -0.00638868 -0.14459683 -0.20790725
v 0.08360081 0.41203579 -0.01953139
v 0.08839994 0.41133803 -0.0129662
v 0.08919842 0.41479277 -0.01579857
v 0.08464583 0.41323477 -0.02274745
v 0.09586747 0.41551995 -0.00483729
v 0.07992725 0.40970492 -0.01623776
v 0.08354152 0.41040569 -0.00989703
v 0.09137004 0.41430717 -0.00262935
v 0.0845763 0.41388303 -0.01285965
v 0.08104574 0.41249081 -0.01864041
v -0.07529378 0.40499308 0.05520216
v -0.08906205 0.40886932 0.03864598
v -0.08986384 0.38037148 0.03579615
v -0.07967418 0.3753066 0.05271015
v -0.06623145 0.33678621 0.07923746
v -0.03957739 0.32628503 0.08009024
v -0.03219848 0.34869113 0.06676466
v -0.0550801 0.35940706 0.06740623
v -0.06971259 0.36860239 0.061334
v -0.06215204 0.39799839 0.06263697
v -0.04477671 0.38349306 0.06534028
v -0.09840402 0.41111031 0.01789962
v -0.09691519 0.38292968 0.01663998
v 0.0003312 0.35648068 0.05176573
v -0.00869334 0.33668038 0.05798103
v 0.01187325 0.32445806 0.03373354
v 0.0164989 0.34666436 0.03032247
v 0.02593914 -0.23710537 -0.04065128
v -0.18157401 -0.31784066 -0.02618712
v -0.14356517 -0.34291276 0.00263673
v -0.18352629 -0.31878417 0.00243071
v -0.18734918 -0.21610117 -0.03218312
v -0.15891832 -0.12594285 -0.05172185
v 0.01016674 -0.26848614 -0.03200662
v 0.04032193 -0.24339303 0.00104746
v 0.01335423 -0.28388649 0.00098578
v -0.14292734 -0.08445967 -0.06710173
v -0.14801661 -0.08045173 0.00101007
v -0.16100712 -0.12421644 0.00089937
v 0.07555742 0.49892103 0.03447895
v 0.07536736 0.49301788 0.02700902
v 0.07861053 0.4914675 0.01719312
v 0.0808155 0.5071488 0.02776759
v 0.07061573 0.50617665 0.05389294
v 0.07249709 0.49957668 0.04942044
v 0.09349006 0.52299881 0.0211066
v 0.06817541 0.51824408 0.05912948
v 0.07466803 0.56079113 0.0311944
v 0.04975223 0.54573619 0.06440424
v 0.04307998 0.50503468 0.07426393
v 0.05584893 0.49269381 0.06641017
v 0.02205065 0.52679383 0.079633
v -0.00917257 0.50498223 0.08889873
v 0.01647692 0.48278728 0.08380594
v 0.04031576 0.46392244 0.07532095
v 0.06850905 0.49387025 0.05524113
v -0.04644327 0.52086597 0.09322941
v -0.04583144 0.49641916 0.09591238
v -0.02988259 0.48719123 0.09712786
v -0.0575547 0.48538088 0.09563952
v -0.07578272 0.49418434 0.08884389
v 0.07229133 0.4539704 0.05148565
v 0.08221395 0.46701121 0.02798356
v 0.07631269 0.48200327 0.02897076
v 0.06964042 0.4794223 0.04878119
v -0.01064373 0.4599764 0.09063136
v -0.04643059 0.4649012 0.10372611
v -0.03955899 0.44782617 0.09963616
v -0.01584211 0.43599635 0.09068545
v -0.04590283 0.48100721 0.10280653
v -0.05712168 0.46859398 0.09341666
v -0.07853692 0.46994733 0.08320656
v 0.02941778 0.43966263 0.07686588
v 0.08711913 0.45579853 0.02530878
v 0.08267995 0.44077807 0.03853636
v 0.09086242 0.43955016 0.02419756
v 0.09315794 0.44770717 0.0194117
v 0.08206649 0.42137771 0.03786705
v 0.09329637 0.42916235 0.02338386
v 0.09338723 0.42166763 0.02183537
v 0.10107054 0.42502698 0.00897795
v 0.09998504 0.43341067 0.00954335
v 0.07392215 0.48888874 0.04484967
v 0.07550158 0.48815584 0.03306527
v 0.0518639 0.40768647 0.05887628
v 0.06239381 0.43016532 0.05871373
v 0.02243795 0.41941231 0.0750378
v -0.04550634 0.4460358 0.08860548
v -0.02287229 0.42428925 0.08197908
v -0.06690335 0.44023665 0.07438028
v -0.03470673 0.40720805 0.07089251
v -0.07733868 0.53556585 0.08534552
v -0.10188517 0.49938327 0.07724554
v -0.11742904 0.547899 0.06080628
v -0.12874802 0.50738441 0.05423004
v -0.13644236 0.55541396 0.03137316
v -0.14403295 0.51279068 0.03001723
v -0.00441287 0.54797422 0.08638021
v 0.00998312 0.40078222 0.06978184
v 0.03660626 0.38780424 0.05611176
v 0.07807122 0.40150106 0.03785749
v 0.06644018 0.38319578 0.03870795
v 0.08588078 0.41574728 0.03124826
v 0.08452899 0.40924239 0.02952518
v 0.08473603 0.39036771 0.02208743
v 0.08869822 0.4028092 0.01938979
v -0.10965587 0.44662955 0.04211255
v -0.09170015 0.44332748 0.06108168
v 0.0987368 0.43987813 0.00958453
v 0.10082006 0.44622787 0.00859093
v 0.100713 0.45397621 0.01481844
v 0.10653342 0.45329546 0.00755224
v 0.09614455 0.46373772 0.01533343
v 0.08767059 0.47500509 0.01556654
v 0.08586534 0.49750173 0.00990198
v 0.09214134 0.47736841 0.00716243
v 0.10194476 0.4649294 0.00694112
v 0.10279022 0.46512174 0.0010179
v 0.09353175 0.47745254 0.00101796
v 0.10808749 0.45365384 0.00101796
v 0.08765888 0.49826127 0.0010179
v 0.07939202 0.38062614 0.02424267
v -0.00640989 0.38508981 0.06426286
v -0.02179656 0.3698394 0.06236921
v 0.02184396 0.37168276 0.04970835
v 0.05657934 0.37403562 0.03670402
v 0.06819216 0.37174674 0.02438882
v 0.04318112 0.35810563 0.00101264
v 0.03828546 0.36146584 0.0265572
v 0.02215709 0.3406611 0.00094098
v -0.10369911 0.47130379 0.06829397
v -0.12611407 0.47591763 0.04652042
v -0.04304383 0.56583404 0.08323018
v 0.08165594 0.56210851 0.0010179
v 0.05266024 0.59568601 0.00101798
v 0.04607621 0.59071582 0.03689879
v 0.02479381 0.57152032 0.06886856
v -0.08802215 0.5847001 0.06157697
v -0.10270454 0.59656882 0.02879857
v -0.01536939 0.59068101 0.06668467
v -0.05679578 0.60102409 0.05467433
v 0.00034659 0.61250633 0.03504584
v -0.0545523 0.61491447 0.02774857
v -0.12000952 0.44931933 0.02374007
v -0.1376429 0.47931432 0.02629624
v 0.00482346 0.6194548 0.001018
v -0.05324934 0.61917322 0.001018
v -0.10595209 0.59904378 0.001018
v -0.14133556 0.55742788 0.00101798
v -0.01019453 0.31261745 0.07066288
v 0.02047451 0.3190175 0.00065543
v 0.01710193 0.29520589 0.04007621
v 0.02821979 0.2898119 0.00044607
v -0.09113527 0.34852093 0.05726807
v -0.08186595 0.34299165 0.06898931
v -0.1033176 0.35769689 0.01868986
v -0.09853781 0.35439464 0.03794901
v 0.00689964 0.27668753 0.09946531
v 0.04127017 0.24380326 0.05427755
v -0.07975707 0.32045367 0.12111078
v -0.03963257 0.30519944 0.11952131
v -0.10176061 0.32221877 0.10303873
v -0.1199356 0.32037219 0.06048534
v -0.11385648 0.31990969 0.08569687
v -0.12096537 0.32298851 0.03198393
v -0.09061148 0.29473608 0.18324121
v -0.03409035 0.27915772 0.17805215
v -0.12519516 0.29068887 0.16104003
v -0.10068531 0.25940987 0.22406423
v -0.09973712 0.18611174 0.24317872
v -0.05126844 0.18944077 0.24698357
v -0.04252717 0.25154876 0.21922262
v -0.13682635 0.25081908 0.19233714
v -0.12808908 0.18075488 0.19991195
v -0.05113698 0.00576773 0.24395844
v -0.01675243 0.0226021 0.25227165
v -0.06675729 -0.00712358 0.19866521
v 0.00377121 -0.06033168 0.25186404
v 0.02684737 -0.0333814 0.2671363
v 0.00333653 -0.07076221 0.21646457
v 0.18866412 -0.10771306 0.30876678
v 0.19509887 -0.08641439 0.32083314
v 0.19225797 -0.11557781 0.28263783
v -0.14199765 0.27763012 0.13792568
v -0.14303523 0.23168917 0.16065096
v -0.11902278 0.16846855 0.16572769
v -0.0528707 -0.00246865 0.17634266
v 0.00138353 0.02455585 0.2107886
v -0.0073497 0.18753665 0.20392032
v 0.00491482 0.22600291 0.18503247
v -0.01450498 0.01359728 0.18102282
v -0.03683481 0.1495265 0.17248566
v 0.05367703 0.16917052 0.13814246
v 0.06467261 0.18585573 0.08104386
v 0.01632773 0.24541106 0.1468907
v -0.0104465 0.12701216 0.16656312
v 0.03377424 0.15456578 0.16579346
v 0.03413727 -0.01978628 0.22612868
v 0.20800286 -0.07832671 0.30232265
v -0.10524884 0.13369457 0.14545857
v -0.1405445 0.20504777 0.1301552
v -0.14876844 0.25369972 0.059865
v -0.15072348 0.26283806 0.10586571
v -0.15086729 0.19693331 0.07571259
v -0.12091393 0.32413721 0.001018
v -0.14394684 0.2515982 0.00101799
v -0.14833028 0.19805856 0.00101793
v -0.1510998 0.14662082 0.00101761
v -0.1510147 0.14037597 0.08878952
v -0.14335134 0.07361181 0.08983415
v -0.08967313 0.05335528 0.14674489
v -0.00371414 0.04935531 0.15830385
v 0.05504209 0.0846097 0.13869637
v 0.07950468 0.09424486 0.1043078
v 0.0749742 0.00713804 0.09946479
v 0.06204259 -0.08687545 0.0926233
v 0.07630427 -0.08701637 0.05056662
v 0.08746463 0.00985707 0.05067059
v -0.0054772 -0.02255137 0.15432523
v -0.01621378 -0.0967161 0.15217107
v 0.03782473 -0.0928114 0.12213999
v 0.04929875 -0.00591878 0.13012541
v -0.13255703 0.00480085 0.09194053
v -0.13198903 -0.05681834 0.0860964
v -0.09267946 -0.08449354 0.14311416
v -0.07951816 -0.01377884 0.14480164
v -0.11461844 -0.15158832 0.14550095
v -0.04672416 -0.15817621 0.15006148
v 0.01318892 -0.15197105 0.11887293
v -0.15253356 -0.22060647 0.13718345
v -0.14844289 -0.14049027 0.10792689
v -0.18206995 -0.22158223 0.09092602
v -0.0276324 -0.18848145 0.12068989
v 0.01574817 -0.19376486 0.08553266
v 0.04278632 -0.15337783 0.08732874
v -0.12989163 -0.10037753 0.11283884
v 0.06324701 -0.15638169 0.04595052
v -0.0912213 -0.20113043 0.14955341
v 0.04763836 -0.20138381 0.04559886
v 0.05698736 -0.20465838 0.00102909
v 0.06632877 -0.15906155 0.00101945
v -0.17649124 -0.30678921 0.0837956
v -0.15947751 -0.27493247 0.13698259
v -0.06865879 -0.19935773 0.1291227
v -0.08209323 -0.18850246 0.15015667
v -0.03471593 -0.20125387 0.09913923
v -0.01572929 -0.21001048 0.08749996
v 0.08495495 0.10268431 0.0489801
v 0.08964002 0.00540642 0.00102007
v 0.08637034 0.10019753 0.00103046
v 0.02626094 -0.03156384 0.19951985
v 0.01329829 -0.05695568 0.19866892
v -0.00101006 -0.14672768 0.21017979
v 0.17983037 -0.11733753 0.29706615
v 0.17763975 -0.10339646 0.25850418
v 0.02707318 -0.14053526 0.16137322
v -0.01092176 -0.19756916 0.2368873
v 0.17050588 -0.15773715 0.31255951
v 0.02382647 -0.29441866 0.17458087
v 0.17373836 -0.22571817 0.26417428
v 0.16069364 -0.2102414 0.29381647
v 0.00133477 -0.26230451 0.21992552
v -0.11779403 -0.22289949 0.15664736
v 0.06279783 -0.23207464 0.09945473
v 0.20009753 -0.1651448 0.20114606
v 0.18870607 -0.2120846 0.22961732
v 0.04170083 -0.28562903 0.12423441
v -0.12470974 -0.33722281 0.03925301
v -0.0379912 -0.32089605 0.02674786
v 0.19294537 -0.12654218 0.21201296
v 0.06195985 -0.18120467 0.11382576
v -0.12219891 -0.3265379 0.10407753
v -0.12335671 -0.29371374 0.15614323
v 0.20051588 -0.08366173 0.27205956
v 0.19844658 -0.10470642 0.26546239
v 0.2069772 -0.18305064 0.26523304
v 0.20173478 -0.16609047 0.27852845
v 0.18988952 -0.19491136 0.29415693
v 0.19356925 -0.20401863 0.28908821
v 0.23722364 -0.12620976 0.30932849
v 0.26624274 -0.14282025 0.30054003
v 0.26751703 -0.12060581 0.28800952
v 0.23449148 -0.10805125 0.28463488
v 0.26506683 -0.11656799 0.26667821
v 0.24036012 -0.11737777 0.25022554
v 0.22310182 -0.16452238 0.32045155
v 0.24744308 -0.18056955 0.30969566
v 0.19706204 -0.20294737 0.30820536
v 0.20899948 -0.2060219 0.30519586
v 0.23196652 -0.14361834 0.24098111
v 0.2409712 -0.13047188 0.25913
v 0.20372584 -0.22573857 0.27800643
v 0.18979552 -0.26380616 0.18952135
v 0.236341 -0.25302267 0.17844274
v 0.24648454 -0.20668043 0.27602535
v 0.2569752 -0.22795358 0.15934974
v 0.2664442 -0.17362058 0.26301533
v 0.17526634 -0.21016307 0.26698684
v 0.14977556 -0.24324131 0.17772221
v 0.22304341 -0.13090913 0.2327556
v 0.19064839 -0.16023606 0.14365419
v 0.1452576 -0.20324787 0.16002853
v 0.18082287 -0.17501623 0.25098806
v 0.26641804 -0.14658102 0.24988959
v 0.2532376 -0.19411508 0.14562328
v 0.23394642 -0.1659217 0.13970676
v 0.25170853 -0.12992176 0.23492948
v 0.19284904 -0.32870119 -0.0656657
v 0.18439018 -0.33696821 -0.10669197
v 0.21278336 -0.31431368 -0.11173091
v 0.22093787 -0.30450096 -0.07546844
v 0.12032419 -0.30803003 -0.05204328
v 0.11932977 -0.31697669 -0.09073826
v 0.14744521 -0.34078919 -0.09929777
v 0.1521348 -0.33441889 -0.05661262
v 0.1574113 -0.2637963 -0.06549139
v 0.1523797 -0.28181275 -0.09944982
v 0.12172738 -0.29667928 -0.09199941
v 0.12145181 -0.28364944 -0.05669795
v 0.21887476 -0.28040084 -0.07147477
v 0.21113973 -0.29275313 -0.10533309
v 0.18468175 -0.27999025 -0.10103234
v 0.1934739 -0.26365232 -0.0671967
v 0.25700956 -0.0774258 0.35201847
v 0.25244802 -0.07174892 0.33897197
v 0.28894403 -0.05911451 0.36203032
v 0.31014457 -0.05273241 0.3672021
v 0.31065675 -0.04975686 0.36040848
v 0.28945416 -0.05744269 0.35198706
v 0.31273692 -0.05782086 0.36490789
v 0.31240135 -0.0543073 0.35826382
v 0.29667851 -0.06919997 0.36013183
v 0.27711126 -0.09099742 0.35486021
v 0.26638442 -0.07790502 0.33484405
v 0.29436802 -0.06504429 0.34989208
v 0.24738286 -0.11508749 0.33499795
v 0.27333703 -0.11595214 0.34690526
v 0.24637067 -0.12445353 0.2989209
v 0.25038459 -0.08533768 0.31073501
v 0.2511416 -0.1146318 0.27637875
v 0.28806698 -0.11332787 0.27926105
v 0.27926006 -0.1242838 0.30882024
v 0.25483572 -0.09537036 0.27903682
v 0.29057472 -0.09906374 0.28109705
v 0.28219535 -0.09453041 0.31697756
v 0.31166529 -0.09699102 0.32409477
v 0.32306361 -0.10458037 0.28704229
v 0.32147398 -0.11631296 0.28637617
v 0.31179356 -0.12072992 0.32198947
v 0.30039125 -0.11258987 0.35866478
v 0.34585726 -0.10040165 0.33635163
v 0.3271203 -0.08970386 0.37103283
v 0.30011367 -0.09916157 0.36030328
v 0.35903281 -0.09534612 0.2965658
v 0.36000424 -0.10376047 0.29721665
v 0.3220227 -0.08014568 0.36814326
v 0.33789581 -0.08596029 0.33405131
v 0.35895696 -0.06111506 0.34089684
v 0.37406218 -0.0757306 0.31432333
v 0.37769982 -0.07871053 0.31624177
v 0.33199191 -0.05929147 0.36506658
v 0.3367106 -0.0612018 0.36741638
v 0.36713254 -0.06344576 0.3445025
v 0.21999719 -0.31445694 -0.13958007
v 0.21484324 -0.28594926 -0.13448806
v 0.18005496 -0.34081578 -0.14814245
v 0.23485294 -0.30827307 -0.16761536
v 0.21712108 -0.27026462 -0.16097573
v 0.1865502 -0.33925026 -0.17992097
v 0.26480388 -0.29781687 -0.19787208
v 0.26428636 -0.25661152 -0.1961779
v 0.22937364 -0.33712673 -0.21185082
v 0.30910843 -0.28526303 -0.23269484
v 0.30461162 -0.25495255 -0.22684593
v 0.27788877 -0.32451108 -0.23497052
v 0.10731296 -0.29745638 -0.1177093
v 0.10287348 -0.3208155 -0.12197545
v 0.13411483 -0.28213229 -0.1282898
v 0.13534665 -0.3394263 -0.14192412
v 0.17001569 -0.27685439 -0.13384084
v 0.08928965 -0.31498348 -0.14738227
v 0.12438444 -0.33470323 -0.16488792
v 0.12074097 -0.27794435 -0.15681771
v 0.09470651 -0.29155099 -0.14684447
v 0.15713045 -0.27325084 -0.15963797
v 0.09769194 -0.29174652 -0.16506083
v 0.09393495 -0.3086389 -0.16386808
v 0.29928544 -0.25339242 -0.24082486
v 0.2565757 -0.25563678 -0.21798519
v 0.12263301 -0.32076472 -0.17864635
v 0.16252014 -0.32611388 -0.19281932
v 0.20677372 -0.2704924 -0.1845377
v 0.15429016 -0.27951094 -0.17959299
v 0.12105645 -0.28532248 -0.17610997
v 0.21329562 -0.32534974 -0.21889984
v 0.27298066 -0.31467405 -0.24576447
v 0.3063052 -0.28079319 -0.24992471
v -0.10930378 -0.22658287 0.17659455
v 0.08839994 0.41133797 0.01500079
v 0.08360081 0.41203579 0.02156717
v 0.08464583 0.41323477 0.02478278
v 0.08919842 0.41479277 0.01783426
v 0.09410281 0.40199434 0.00098995
v 0.09486562 0.41144365 0.00101564
v 0.09586747 0.41551995 0.0068664
v 0.08356868 0.41035077 0.01155796
v 0.08009019 0.40937542 0.01801254
v 0.08473925 0.41355359 0.014687
v 0.0913972 0.41425228 0.00457114
v 0.0961164 0.41531539 0.00099923
v 0.09191197 0.41387182 0.00092202
v 0.08109403 0.41239324 0.0206153
v 0.02609602 -0.23734872 0.04283468
v -0.17919217 -0.31801545 0.02804009
v -0.15946373 -0.12590417 0.05371457
v -0.18999165 -0.21601326 0.03402667
v 0.01074981 -0.27045562 0.03402208
v -0.14292943 -0.08444353 0.06914061
v 0.1040245 0.44585344 0.0010179
v 0.10136828 0.43961215 0.00101892
v 0.09627918 0.52424615 0.00101796
v -0.14213642 0.48055326 0.00101798
v -0.14913907 0.51383507 0.0010179
v 0.07922762 -0.08989767 0.00101818
v -0.19011949 -0.21438479 0.00081525
v 0.08965954 0.41100785 0.00095155
v -0.05199537 -0.33408013 0.00123256
v 0.21225071 -0.21760842 0.03069375
v 0.17216771 -0.21418891 0.03457995
v 0.17061562 -0.30016732 0.0618357
v 0.21373654 -0.29282349 0.0512482
v 0.23758849 -0.26940277 0.03632195
v 0.23428905 -0.24091787 0.03019551
v 0.13195997 -0.24495066 0.04691612
v 0.13444235 -0.27695357 0.05810492
v 0.14412057 -0.21024635 -0.04803043
v 0.10951337 -0.20530462 -0.06040156
v 0.10980683 -0.28897434 -0.0885044
v 0.14838826 -0.28396475 -0.06751088
v 0.16878734 -0.25975549 -0.04695457
v 0.16539922 -0.23244005 -0.04153362
v 0.07302457 -0.23306068 -0.08216886
v 0.07612805 -0.26442444 -0.09291001
v 0.08281034 0.41190987 -0.00018879
v 0.08440999 0.41148325 0.0097346
v 0.08345951 0.41340497 -0.00931764
v 0.09021114 0.41409894 0.00072815
v 0.07729612 0.50291055 -0.02860962
v 0.08026412 0.50100141 -0.01837681
v 0.07593943 0.49276149 -0.02076837
v 0.07525931 0.49663293 -0.02755543
v 0.076951 0.4983327 -0.0225265
v 0.07492218 0.49965387 -0.03795856
v 0.07178575 0.50218188 -0.04961393
v 0.07707437 0.50845569 -0.03865525
v 0.0754115 0.50389951 -0.039035
v 0.08687412 0.51294356 -0.02319918
v 0.07048869 0.51075524 -0.05440899
v 0.08137819 0.52327978 -0.03980974
v 0.080639 0.51393824 -0.03864499
v 0.06044668 0.53354525 -0.06011112
v 0.06352312 0.55746138 -0.04723537
v 0.08587325 0.5427131 -0.02468431
v 0.07456474 0.53941273 -0.042955
v 0.06301456 0.50156617 -0.06005194
v 0.04944175 0.49778923 -0.06930793
v 0.05564468 0.51304602 -0.06705262
v 0.06010774 0.50572776 -0.063593
v 0.03353918 0.51571661 -0.07701388
v 0.03628906 0.53956413 -0.07476037
v 0.04708299 0.52544248 -0.0707025
v 0.02977525 0.49456402 -0.07778044
v 0.0044325 0.494026 -0.08474493
v 0.00595406 0.51593786 -0.08508575
v 0.01888074 0.50497996 -0.08133
v 0.04739125 0.47852718 -0.06957206
v 0.02780218 0.47246438 -0.07879531
v 0.03843624 0.48587325 -0.07466475
v 0.07076643 0.49585378 -0.05131075
v 0.06416744 0.49396282 -0.05767487
v 0.0669075 0.49864 -0.05615775
v -0.02050112 0.49486491 -0.09096631
v -0.03880912 0.49305766 -0.09493488
v -0.04656006 0.50487005 -0.09270305
v -0.02517981 0.51445782 -0.09020938
v -0.03364475 0.50267171 -0.0924305
v -0.06572724 0.48967731 -0.09012662
v -0.0654705 0.50765085 -0.08952894
v -0.05195756 0.49144285 -0.09392093
v -0.0578955 0.49926149 -0.09174174
v 0.06994562 0.46879836 -0.0483765
v 0.07396918 0.47939056 -0.03633049
v 0.07895606 0.47483795 -0.02625506
v 0.07885418 0.46107569 -0.03629943
v 0.07590475 0.47055599 -0.0365805
v 0.00393143 0.4712868 -0.08487831
v -0.0211595 0.47621962 -0.09284319
v -0.00848075 0.483648 -0.08835275
v -0.03227975 0.46236664 -0.09740937
v -0.01329725 0.44565695 -0.08931137
v -0.03112925 0.44263774 -0.09548825
v -0.04389968 0.45481279 -0.10088399
v -0.03108175 0.451269 -0.09703549
v -0.04663268 0.47489669 -0.10231793
v -0.039168 0.48356664 -0.09950199
v -0.03490424 0.47411453 -0.098906
v -0.06649363 0.46946519 -0.08624336
v -0.07952888 0.48190689 -0.08418443
v -0.05902 0.47781449 -0.09280162
v -0.0681315 0.47994875 -0.08843775
v 0.03425081 0.45109704 -0.07476144
v 0.01080956 0.44844752 -0.08158463
v 0.01825049 0.46004727 -0.08083149
v 0.08986875 0.45111703 -0.02093112
v 0.09108324 0.44394806 -0.02016943
v 0.08671981 0.43934014 -0.02964706
v 0.08427518 0.44895213 -0.03061631
v 0.08742675 0.44573074 -0.02591699
v 0.09194918 0.43428248 -0.02218737
v 0.08834438 0.42575332 -0.02837231
v 0.08202887 0.43186393 -0.03759787
v 0.08729149 0.43215477 -0.02983725
v 0.10131056 0.43363153 -0.00278593
v 0.10277725 0.42924663 0.00102056
v 0.10256112 0.42488727 -0.00251687
v 0.10103068 0.42954123 -0.00736168
v 0.1024615 0.42960074 -0.002728
v 0.09724512 0.43181783 -0.01404325
v 0.09768431 0.42383617 -0.01315162
v 0.09385681 0.42520692 -0.02075018
v 0.09800124 0.42794627 -0.01376375
v 0.07490081 0.48811382 -0.03930618
v 0.07561893 0.4861496 -0.02905087
v 0.07157731 0.48509562 -0.04533581
v 0.07433399 0.48455822 -0.03684249
v 0.07750506 0.48555648 -0.02008493
v 0.07520425 0.49117356 -0.02803006
v 0.07582474 0.48879224 -0.023318
v 0.03807525 0.41275996 -0.06528475
v 0.02603806 0.42923057 -0.07431925
v 0.04717656 0.43424987 -0.06634181
v 0.05759631 0.4188252 -0.05726394
v 0.0429985 0.4233365 -0.066291
v 0.06690219 0.44126975 -0.05469362
v 0.0786965 0.44550019 -0.04236112
v 0.07337743 0.42536485 -0.04639549
v 0.076121 0.43579599 -0.04568524
v 0.05592512 0.45802664 -0.06307968
v 0.05170674 0.44560402 -0.06521724
v 0.06249225 0.48380243 -0.05665531
v 0.05916775 0.47214549 -0.0600915
v 0.07112687 0.49052083 -0.04935599
v 0.06695624 0.48883926 -0.05317375
v 0.00323956 0.42770618 -0.08097206
v 0.00650775 0.43749076 -0.081866
v -0.01882743 0.42979151 -0.08515219
v -0.03572412 0.43528592 -0.08375968
v -0.04201081 0.44674131 -0.09428049
v -0.03224125 0.43828898 -0.0904715
v -0.05257262 0.46702486 -0.09810505
v -0.052628 0.45756983 -0.08920656
v -0.048805 0.45677423 -0.0967025
v -0.05084331 0.48330831 -0.09864768
v -0.0532625 0.47613024 -0.09885575
v -0.04528375 0.48777699 -0.09717399
v -0.05455881 0.44461891 -0.07981549
v -0.07463481 0.45743459 -0.07728212
v -0.062199 0.45761597 -0.08311175
v -0.02859574 0.4167366 -0.074146
v -0.04978387 0.42223757 -0.0710245
v -0.04288425 0.43069174 -0.07712724
v -0.08814287 0.49688893 -0.08224175
v -0.09189468 0.51727455 -0.07994081
v -0.06081324 0.52936399 -0.08903374
v -0.0770555 0.51302903 -0.08617501
v -0.11608706 0.50325965 -0.06449913
v -0.12523669 0.52708816 -0.05593768
v -0.0981225 0.54202061 -0.072555
v -0.10923224 0.52226626 -0.06908724
v -0.13786757 0.51062393 -0.04038437
v -0.14288613 0.53335642 -0.0291435
v -0.12952268 0.55237197 -0.04427812
v -0.13607651 0.53082424 -0.04281549
v -0.024776 0.53563267 -0.09087424
v 0.00984568 0.53860646 -0.08598925
v -0.0088035 0.52625447 -0.08882
v 0.01694374 0.4098193 -0.07065031
v -0.00654181 0.4120149 -0.07428599
v -0.0011005 0.41962301 -0.07819925
v 0.04455081 0.39718619 -0.05579749
v 0.02341831 0.39291068 -0.06128056
v 0.0313095 0.40241622 -0.06354299
v 0.07171343 0.39128875 -0.03691768
v 0.05238949 0.38486659 -0.04531844
v 0.06551637 0.40412944 -0.04669043
v 0.05922174 0.39390152 -0.04633399
v 0.0790055 0.41203194 -0.03757562
v 0.07003875 0.41471326 -0.04672074
v 0.084403 0.41257837 -0.02962775
v 0.08311356 0.40596738 -0.03084687
v 0.08505906 0.41730451 -0.03158193
v 0.08317624 0.41181251 -0.03274275
v 0.08916412 0.4188742 -0.02554562
v 0.089081 0.42171448 -0.027137
v 0.086057 0.40561419 -0.02349762
v 0.08703382 0.3965649 -0.01891587
v 0.08195775 0.39454913 -0.02801787
v 0.08455199 0.40049803 -0.02612175
v -0.10148255 0.44488382 -0.04985906
v -0.08223743 0.42430299 -0.05582862
v -0.08235494 0.40716236 -0.04586093
v -0.09802243 0.42773938 -0.03830043
v -0.09061174 0.42609301 -0.04772075
v -0.03991418 0.39577826 -0.06517318
v -0.05420149 0.39119383 -0.06253574
v -0.06401931 0.41783288 -0.06497812
v -0.05248525 0.40765449 -0.06590174
v 0.09515412 0.43977195 -0.01440775
v 0.09911575 0.4367609 -0.00762049
v 0.09604225 0.43586123 -0.01443225
v 0.09714449 0.44643995 -0.01206212
v 0.09916218 0.44304859 -0.00713225
v 0.09534224 0.4432455 -0.01344675
v 0.10413043 0.4533388 -0.00973743
v 0.10413856 0.44937145 -0.00600225
v 0.09763275 0.45105844 -0.01495156
v 0.10109874 0.44951322 -0.01076675
v 0.08475124 0.46088066 -0.02494937
v 0.08508787 0.47171294 -0.01877
v 0.09214737 0.46905577 -0.01338468
v 0.09151631 0.46072989 -0.01779818
v 0.088484 0.46590298 -0.01839125
v 0.09953256 0.45794737 -0.01329612
v 0.09450225 0.45528948 -0.0169735
v 0.08284375 0.48268884 -0.01371162
v 0.08101049 0.47906374 -0.01895174
v 0.08153099 0.45397073 -0.03419425
v 0.09030018 0.5093137 -0.01107393
v 0.08285775 0.49499017 -0.01131062
v 0.0855095 0.50543797 -0.01496975
v 0.08741243 0.48658931 -0.00601168
v 0.09015674 0.47671175 -0.00899406
v 0.08523149 0.48516875 -0.00957575
v 0.09725193 0.47063091 -0.00482918
v 0.09968163 0.46481379 -0.00887937
v 0.09515949 0.47035723 -0.0087945
v 0.10542037 0.4588162 -0.005143
v 0.103165 0.45879 -0.009151
v 0.07443062 0.3818888 -0.02980362
v 0.08230505 0.38519799 -0.02136118
v 0.078417 0.38807448 -0.02931374
v 0.00649225 0.37763166 -0.05660175
v 0.00876681 0.36442124 -0.04845381
v -0.01028075 0.36292722 -0.05621875
v -0.01455331 0.37787812 -0.06062143
v -0.00237975 0.370662 -0.05571275
v 0.02897949 0.38002032 -0.05161875
v 0.00198375 0.39263176 -0.06476999
v 0.01511875 0.38484847 -0.05871225
v -0.02019581 0.394887 -0.06611844
v -0.01311374 0.40365552 -0.06997074
v 0.07564874 0.37621691 -0.02229818
v 0.06288893 0.37265405 -0.02957581
v 0.06180644 0.37718612 -0.03534587
v 0.0704995 0.37680673 -0.02928175
v 0.04376337 0.37271559 -0.03935956
v 0.04625425 0.37786173 -0.04331075
v 0.08435642 0.37908163 -0.0114275
v 0.08297262 0.37407818 0.001018
v 0.07263318 0.37050095 -0.01156
v 0.08056949 0.37490999 -0.01157499
v 0.05414437 0.36695253 -0.02313862
v 0.03110731 0.36522585 -0.0361225
v 0.04786425 0.36925649 -0.03251349
v 0.08841212 0.38311803 0.000868
v 0.08783662 0.38887575 -0.01020918
v 0.08635024 0.3835985 -0.010899
v -0.08092806 0.44235411 -0.06624787
v -0.09902042 0.45828166 -0.06246856
v -0.09110005 0.47034931 -0.07464043
v -0.08705224 0.45754748 -0.07058174
v -0.11931806 0.4619593 -0.04196824
v -0.11585012 0.47344338 -0.05563168
v -0.1101085 0.45996427 -0.0524005
v 0.02540075 0.35487872 -0.02637456
v 0.00948143 0.35117662 -0.04028312
v 0.0183 0.35917401 -0.0384305
v -0.03363443 0.3765347 -0.06263281
v -0.02716749 0.38605147 -0.06359399
v -0.06887099 0.40226829 -0.05777918
v -0.07365499 0.42246598 -0.06160074
v -0.105237 0.48453199 -0.07057781
v -0.09214399 0.48306274 -0.078462
v -0.12914894 0.49069345 -0.04813531
v -0.118068 0.48743027 -0.05983924
v -0.06029031 0.55161702 -0.08417917
v -0.02206218 0.55781489 -0.08708162
v -0.0413475 0.54377526 -0.08958999
v 0.06199812 0.57754433 -0.03318006
v 0.03854174 0.56418198 -0.06833312
v 0.03678825 0.58551275 -0.05468137
v 0.05157774 0.5725497 -0.0518055
v 0.01158525 0.56314271 -0.08226788
v 0.02512925 0.55205822 -0.07944399
v -0.10413924 0.5679115 -0.06009943
v -0.06729937 0.57601785 -0.07247
v -0.08337675 0.56009298 -0.07385374
v -0.1222908 0.57765144 -0.02830637
v -0.0984055 0.59180915 -0.04340375
v -0.11611025 0.57378077 -0.044402
v -0.02789349 0.58175748 -0.07568544
v 0.006487 0.58697843 -0.06990537
v -0.00636125 0.57303547 -0.0807465
v -0.07173262 0.59629958 -0.05671156
v -0.03976606 0.6004402 -0.05912643
v -0.05219474 0.58932948 -0.06789024
v -0.00600156 0.60584342 -0.05038612
v -0.05701331 0.60890024 -0.04124437
v -0.02699687 0.6167441 -0.02908818
v -0.0317165 0.60976219 -0.04519049
v 0.02511499 0.60414683 -0.03537999
v 0.01721425 0.59718549 -0.053879
v -0.07995662 0.60866624 -0.02541774
v -0.07897475 0.60321575 -0.04149999
v -0.09442219 0.41020721 -0.02616487
v -0.10798493 0.43015062 -0.01873112
v -0.11560068 0.44817113 -0.03108762
v -0.103714 0.42914545 -0.028591
v -0.13305187 0.47787612 -0.03454262
v -0.13005518 0.46489262 -0.02316962
v -0.12565074 0.46363097 -0.0327625
v -0.14229369 0.49502849 -0.02610931
v -0.13699173 0.49325749 -0.03735499
v -0.10097612 0.41151312 -0.0070515
v -0.11242763 0.4306752 0.00101793
v -0.12357493 0.44988513 -0.01073862
v -0.11113374 0.43059399 -0.0088595
v -0.02027268 0.34283906 -0.06184762
v -0.01123287 0.32578975 -0.06087049
v -0.02501106 0.32014855 -0.07536581
v -0.03647581 0.337343 -0.06916137
v -0.0238685 0.33191323 -0.06679324
v 0.00250743 0.33019256 -0.04547843
v 0.01255925 0.31187367 -0.03439206
v 0.004523 0.30347943 -0.055383
v 0.001511 0.31844574 -0.04945975
v -0.07488381 0.37221232 -0.0556745
v -0.0751153 0.35519632 -0.06099731
v -0.08693962 0.34570312 -0.06165324
v -0.08444931 0.3617998 -0.05108705
v -0.08008024 0.35857901 -0.05668199
v -0.06333944 0.36426878 -0.06284437
v -0.06039444 0.34743273 -0.06874912
v -0.07526768 0.34023436 -0.07269299
v -0.068804 0.35155528 -0.06539925
v -0.0989488 0.38347443 -0.00647831
v -0.09915562 0.37047496 -0.01483837
v -0.10492537 0.35851734 -0.007702
v -0.10179324 0.37134411 0.0010175
v -0.10103549 0.37112724 -0.00669475
v -0.09387818 0.3819395 -0.02399631
v -0.093167 0.36762422 -0.03331399
v -0.10123493 0.35637524 -0.02607081
v -0.096547 0.36938574 -0.02384475
v -0.09508499 0.3515973 -0.04614424
v -0.08489774 0.37809342 -0.04301331
v -0.088973 0.36495524 -0.04284624
v -0.04985275 0.37139824 -0.06346437
v -0.02748562 0.35981553 -0.06174012
v -0.04424449 0.35421297 -0.06594812
v -0.03920225 0.36572223 -0.06347024
v 0.02797949 0.27115654 -0.04375781
v 0.02674318 0.25956937 -0.0770405
v -0.00311418 0.29600074 -0.08042306
v 0.014365 0.28270399 -0.06416125
v -0.05383056 0.33200216 -0.07882075
v -0.04076156 0.31613522 -0.09435768
v -0.06147637 0.31463241 -0.12080705
v -0.07301981 0.32877829 -0.09433887
v -0.0582895 0.323504 -0.09615574
v -0.09264881 0.32250231 -0.11115537
v -0.09089025 0.33296945 -0.08010043
v -0.08345875 0.33157426 -0.08805075
v -0.10100231 0.33532863 -0.06570718
v -0.11760105 0.31973964 -0.07189137
v -0.10718368 0.33971905 -0.04383831
v -0.10452199 0.33736899 -0.05539774
v -0.12084025 0.32164436 -0.04450931
v -0.11030794 0.34373414 -0.02129018
v -0.10901375 0.34193527 -0.0324985
v -0.01658887 0.29306376 -0.110297
v -0.02192975 0.30705598 -0.08980099
v -0.03636193 0.29264092 -0.14683988
v -0.06332711 0.28935539 -0.18218287
v -0.08543762 0.30885869 -0.1503483
v -0.06235599 0.30290874 -0.15166848
v -0.11080411 0.29459449 -0.17182642
v -0.11403787 0.30782896 -0.13024705
v -0.10210949 0.309946 -0.14168973
v -0.0720293 0.25751286 -0.22425133
v -0.05042199 0.23208952 -0.23347331
v -0.07651288 0.18831443 -0.2492872
v -0.10474994 0.2346915 -0.23419031
v -0.07833875 0.23459576 -0.23931026
v -0.12256149 0.25680029 -0.20856024
v -0.11768168 0.18427944 -0.22131061
v -0.13784168 0.22808337 -0.19621074
v -0.12517699 0.23281125 -0.21742899
v -0.03602362 0.10504962 -0.24894581
v -0.03418887 0.01503237 -0.25277298
v -0.07735737 0.09510462 -0.24280874
v -0.05734775 0.10074 -0.25249952
v -0.0622775 -0.0022615 -0.21995131
v -0.09991068 0.08614743 -0.19698379
v -0.09221474 0.09031449 -0.22117149
v -0.00551825 -0.01421568 -0.25358775
v 0.01474881 -0.047107 -0.26338225
v -0.034602 -0.03779475 -0.24121907
v -0.02038175 -0.0256485 -0.25393351
v 0.0010105 -0.06848706 -0.23177158
v -0.04207975 -0.05040337 -0.19990986
v -0.04137124 -0.0466265 -0.22058975
v 0.10950055 -0.06290456 -0.29089486
v 0.19144687 -0.09735012 -0.31628131
v 0.0954993 -0.08661731 -0.27688175
v 0.101878 -0.0751475 -0.28852048
v 0.1894443 -0.11396487 -0.29388919
v 0.09870705 -0.09526112 -0.24779188
v 0.09537425 -0.09354975 -0.26218152
v -0.10870006 0.32104533 -0.09260636
v -0.09659824 0.3340415 -0.07329699
v -0.14264974 0.24260932 -0.17370867
v -0.14550012 0.2551257 -0.15092694
v -0.13507682 0.28478819 -0.14772254
v -0.13270081 0.2716875 -0.17846092
v -0.14117525 0.26429802 -0.16457174
v -0.1294828 0.2999508 -0.11026455
v -0.12288899 0.30416575 -0.12057449
v -0.06372318 -0.00688018 -0.18172887
v -0.08524093 0.0803003 -0.16984987
v -0.12870168 0.17351487 -0.17892469
v -0.09843599 0.08238124 -0.17964175
v -0.02726199 0.18804967 -0.2273302
v -0.00700481 0.1024903 -0.20750188
v -0.0041465 0.02554756 -0.23204457
v -0.01722274 0.10586249 -0.23084975
v -0.01813006 0.24197056 -0.20281714
v -0.00159125 0.21481218 -0.19594107
v -0.02547824 0.22673824 -0.21736401
v -0.01434312 0.16057725 -0.18381431
v -0.02888906 0.0856397 -0.17457787
v -0.00240731 0.02031412 -0.19091567
v -0.0114295 0.09424474 -0.18819275
v 0.030647 0.20088125 -0.15960381
v 0.01241268 0.23519963 -0.16583512
v 0.04257587 0.21954475 -0.11672918
v 0.06193843 0.17595838 -0.11193005
v 0.03872875 0.2085995 -0.139317
v 0.01359306 0.18189568 -0.18055619
v 0.01804687 0.13982406 -0.16704957
v -0.02596149 0.15515837 -0.16750267
v -0.0007 0.16701924 -0.1763435
v 0.01368475 0.2603676 -0.12047193
v -0.00819168 0.26504749 -0.16412012
v -0.01095275 0.2786 -0.137052
v -0.07438392 0.14803181 -0.163743
v -0.03389537 0.00518025 -0.17342168
v -0.05777575 0.08118899 -0.16831272
v 0.00576275 -0.00571337 -0.21080537
v 0.03295125 -0.02378149 -0.24767312
v 0.00318075 -0.00752425 -0.23503649
v 0.11450411 -0.04913881 -0.25906086
v 0.19681443 -0.07880599 -0.31064924
v 0.11335724 -0.05365274 -0.27780199
v -0.05500337 0.12413212 -0.15742918
v -0.10960137 0.16387468 -0.1540713
v -0.06842899 0.15351925 -0.16001124
v -0.14098617 0.21758332 -0.14485475
v -0.13764555 0.20657318 -0.16219775
v -0.12896712 0.17231544 -0.13510325
v -0.13097749 0.18799749 -0.14988499
v -0.13761612 0.29312869 -0.08111487
v -0.15078994 0.25737077 -0.08264856
v -0.1361278 0.28986194 -0.04382956
v -0.13767124 0.29108125 -0.06348474
v -0.14575211 0.1988395 -0.10410288
v -0.15185956 0.22384725 -0.06684106
v -0.14974793 0.23434987 -0.11859662
v -0.15147949 0.22763775 -0.0952245
v -0.14750237 0.26995229 -0.12141843
v -0.13463926 0.29617849 -0.09690974
v -0.09470637 0.09111525 -0.1436315
v -0.122713 0.06346219 -0.12148988
v -0.14811992 0.10786937 -0.088002
v -0.13363249 0.134808 -0.11814662
v -0.12833899 0.09935275 -0.1207295
v -0.00356649 0.08956106 -0.16031405
v -0.04683831 0.04686705 -0.15556256
v -0.0491995 0.08635125 -0.1563085
v 0.05330168 0.12233237 -0.14833313
v 0.03586043 0.06620625 -0.14904768
v 0.0304445 0.105245 -0.15720175
v 0.04632287 0.16318275 -0.15341225
v 0.07164631 0.13341912 -0.11597275
v 0.07635781 0.09167106 -0.12186475
v 0.06547325 0.1297525 -0.13506975
v 0.08258031 0.00982056 -0.07440444
v 0.08282893 -0.04017068 -0.04949419
v 0.07035162 -0.08623431 -0.07108387
v 0.06940788 -0.0412193 -0.09440863
v 0.07724999 -0.03955299 -0.07351324
v 0.02782068 -0.01582018 -0.14244011
v 0.04589 -0.05165399 -0.12397393
v 0.01477075 -0.09617768 -0.13724137
v -0.00875231 -0.06008662 -0.15113474
v 0.0223065 -0.05749274 -0.13973948
v -0.14200818 0.01329474 -0.04715443
v -0.13068144 -0.0291075 -0.08844987
v -0.13985712 -0.05134894 -0.04367106
v -0.14189712 -0.0187485 0.00101787
v -0.13995125 -0.02183 -0.0462525
v -0.11062687 -0.004731 -0.12181024
v -0.08167531 -0.04833719 -0.14185263
v -0.1156195 -0.06621475 -0.11584594
v -0.1106525 -0.038614 -0.12050099
v -0.04246287 -0.02079043 -0.15265956
v -0.0532155 -0.091758 -0.15164823
v -0.04556075 -0.05626475 -0.15195149
v -0.02892793 -0.12957206 -0.14900887
v -0.08266587 -0.15621824 -0.15051874
v -0.09929207 -0.11941656 -0.14462193
v -0.06560824 -0.12497524 -0.1514175
v 0.02756249 -0.12573087 -0.11775387
v -0.01371143 -0.15545669 -0.13448931
v 0.0028645 -0.12866699 -0.13545399
v -0.17069669 -0.22330048 -0.11514006
v -0.16627307 -0.17773738 -0.09756237
v -0.13556988 -0.14672012 -0.1278595
v -0.13471394 -0.18651306 -0.13934382
v -0.15460351 -0.18333949 -0.12169674
v 0.03042493 -0.15187937 -0.10131569
v 0.030026 -0.17673382 -0.08382512
v -0.00414687 -0.18972107 -0.10116963
v -0.00616175 -0.17323869 -0.11689388
v 0.01431024 -0.17397201 -0.10065824
v -0.13648724 -0.11491081 -0.11079344
v -0.11755912 -0.09555125 -0.12481699
v -0.12209499 -0.117436 -0.13056425
v 0.06987287 -0.12541225 -0.04613506
v 0.05453956 -0.15486262 -0.06560662
v 0.05332049 -0.12386343 -0.08750642
v 0.06291049 -0.12430325 -0.06813024
v -0.06922388 -0.18226561 -0.14701244
v -0.12432782 -0.211893 -0.1464235
v -0.10431525 -0.18578873 -0.14821149
v -0.05807418 -0.1927873 -0.13584962
v -0.03525625 -0.17704275 -0.13445925
v -0.16029906 -0.25104293 -0.133523
v -0.16968768 -0.29421341 -0.11136569
v -0.18380287 -0.26899018 -0.08349774
v -0.17535026 -0.26260951 -0.1112535
v 0.05266 -0.08940068 -0.10572469
v 0.0429595 -0.12423449 -0.10290949
v 0.05607612 -0.18099594 -0.04339387
v 0.03365843 -0.19788543 -0.06409656
v 0.04485175 -0.17901524 -0.06446725
v -0.0424865 -0.200902 -0.10660888
v -0.03142612 -0.21079051 -0.08704386
v -0.06154193 -0.18703442 -0.12424724
v -0.08376374 -0.19700312 -0.13379931
v -0.05859125 -0.19850873 -0.11196225
v -0.03664162 0.26638245 -0.19877561
v -0.09583412 0.27884119 -0.20473724
v -0.06678849 0.27499476 -0.205793
v -0.117696 0.27713701 -0.19373798
v -0.14096574 0.21963624 -0.17771998
v -0.01147599 0.253789 -0.1855555
v 0.02315525 0.1925815 -0.17416325
v 0.07958706 0.14321249 -0.05952062
v 0.08383506 0.09905207 -0.07548993
v 0.076508 0.13924601 -0.08960325
v -0.08338443 0.01926074 -0.14406868
v -0.13746562 0.03914899 -0.08906056
v -0.115728 0.029031 -0.121995
v -0.14805625 0.24432775 -0.13638299
v -0.15125761 0.16958674 -0.08114813
v -0.13961999 0.16793325 -0.11217399
v -0.14893481 0.08023993 -0.04553418
v -0.14572706 0.05050399 0.00101793
v -0.14529149 0.047083 -0.04644224
v 0.08085356 0.0522175 -0.09806969
v 0.08817625 0.0578835 -0.04554631
v 0.08531725 0.05596625 -0.0727435
v 0.06717062 0.00180987 -0.11420362
v 0.06098331 0.04066018 -0.13111431
v 0.074728 0.04831875 -0.11652624
v 0.0602725 -0.04574125 -0.11004624
v 0.05473062 0.21723467 -0.06478256
v 0.03736375 0.23752549 -0.09526675
v 0.04768243 0.23576164 -0.02601087
v 0.06005043 0.20381681 0.00102325
v 0.0718685 0.17588456 -0.03534718
v 0.06043174 0.20665624 -0.03236549
v -0.00274312 0.01296 -0.15379592
v -0.04374074 0.01236999 -0.15410475
v 0.03366225 0.025632 -0.14483501
v -0.02994812 -0.039282 -0.18049594
v 0.01986224 -0.04412106 -0.19434112
v -0.00606312 -0.01650231 -0.18277651
v -0.01803375 -0.027805 -0.178771
v 0.00761306 -0.06636893 -0.20301842
v -0.03811775 -0.047385 -0.18704375
v 0.03146212 -0.02291368 -0.20738512
v 0.00227525 -0.00892225 -0.19341999
v 0.15398886 -0.10638706 -0.27431175
v 0.18508005 -0.09866481 -0.26840424
v 0.20488017 -0.10377406 -0.29171612
v 0.18941444 -0.11264105 -0.30651694
v 0.18658325 -0.10142924 -0.28967276
v 0.15171906 -0.13571137 -0.30582651
v 0.20575311 -0.13217836 -0.3181923
v 0.18290518 -0.15244942 -0.32347169
v 0.1880045 -0.129793 -0.31889799
v 0.1464442 -0.22810286 -0.27767673
v 0.1696913 -0.20444369 -0.30412748
v 0.18380811 -0.21109113 -0.29437539
v 0.18340043 -0.22018992 -0.2747876
v 0.174372 -0.21673099 -0.29013624
v -0.0498818 -0.19661843 -0.12155988
v -0.09454031 -0.20624831 -0.14440281
v -0.10786836 -0.21422843 -0.14970068
v -0.0784695 -0.20205248 -0.13914625
v 0.18922968 -0.17952656 -0.31740576
v 0.14199969 -0.18869018 -0.30551531
v 0.17466825 -0.18017473 -0.31689375
v -0.14091706 -0.24827106 -0.15028843
v -0.13647499 -0.23273724 -0.1470825
v 0.17897243 -0.19796407 -0.20558288
v 0.1985733 -0.20744249 -0.24029798
v 0.20917238 -0.17708656 -0.23202732
v 0.2075908 -0.16092468 -0.21040031
v 0.20472249 -0.18595624 -0.22251075
v 0.19798207 -0.20869055 -0.26582935
v 0.16498874 -0.23142111 -0.24207437
v 0.19146674 -0.21797373 -0.25794923
v 0.00209606 -0.27885398 -0.05613087
v -0.07731218 -0.33105754 -0.02984481
v -0.04323899 -0.31332576 -0.07843287
v 0.05050119 -0.25982958 -0.10710506
v -0.0219555 -0.29948425 -0.0627525
v 0.09132099 -0.11731213 -0.20947331
v 0.04265637 -0.15565869 -0.13366755
v 0.11749806 -0.14850756 -0.16352286
v 0.16359543 -0.11390537 -0.22686532
v 0.10466975 -0.12936149 -0.184483
v -0.0563155 -0.31441664 -0.13377162
v 0.03027968 -0.29396039 -0.1480378
v -0.12176306 -0.33157056 -0.07243981
v -0.0520405 -0.31814175 -0.104208
v -0.0716805 -0.28120109 -0.18266475
v 0.00897056 -0.2812888 -0.19926881
v -0.12240351 -0.31368652 -0.13185994
v -0.0640195 -0.30263477 -0.1608175
v 0.1122925 -0.05846918 -0.2346535
v 0.1993343 -0.07786474 -0.28068918
v 0.11399725 -0.0511095 -0.24449048
v 0.10665093 -0.08225849 -0.2309091
v 0.20014506 -0.09383668 -0.26388531
v 0.10984575 -0.07012224 -0.23011249
v 0.195517 -0.11217299 -0.26969936
v 0.10270199 -0.09106774 -0.23708498
v 0.19100274 -0.19954526 -0.29544663
v 0.19183674 -0.17685398 -0.2999455
v 0.20103013 -0.17889161 -0.27062168
v 0.19614148 -0.19170248 -0.28420424
v 0.23243042 -0.10875299 -0.27983617
v 0.25969287 -0.12782743 -0.29087448
v 0.23392936 -0.12696287 -0.30362123
v 0.23344451 -0.114813 -0.29299673
v 0.2070533 -0.10618525 -0.24907431
v 0.23353788 -0.11639249 -0.24767068
v 0.25994512 -0.11517144 -0.27305257
v 0.23508125 -0.109871 -0.26277399
v 0.25098064 -0.15820175 -0.30513411
v 0.22060012 -0.16402699 -0.31856811
v 0.22969099 -0.14411449 -0.31307524
v 0.22152975 -0.19149017 -0.31487441
v 0.19400374 -0.19952999 -0.31181114
v 0.2065275 -0.1844595 -0.31730926
v 0.19173088 -0.14496618 -0.27415716
v 0.20557506 -0.14093375 -0.2422183
v 0.201723 -0.16017599 -0.25446149
v 0.19318693 -0.1977813 -0.31254327
v 0.18955948 -0.2033565 -0.30458626
v 0.2261838 -0.20716404 -0.28991448
v 0.22839312 -0.21735674 -0.24185411
v 0.18425175 -0.2509551 -0.19994048
v 0.18816417 -0.22987368 -0.25764718
v 0.20909975 -0.22734597 -0.25161749
v 0.25802308 -0.17877836 -0.27467155
v 0.2491272 -0.1842045 -0.21983543
v 0.21711325 -0.22835543 -0.17383593
v 0.24161674 -0.20156298 -0.23040999
v 0.19108331 -0.20680812 -0.29310697
v 0.14206044 -0.24315393 -0.20953463
v 0.15741944 -0.21040493 -0.25392973
v 0.17001399 -0.22328274 -0.25789022
v 0.18224525 -0.14574399 -0.25861606
v 0.15552681 -0.17539179 -0.23753643
v 0.13746237 -0.17082592 -0.17750255
v 0.17713844 -0.14022481 -0.21146753
v 0.1628665 -0.15547224 -0.22388199
v 0.18192555 -0.18057386 -0.28282985
v 0.11864212 -0.21154618 -0.19967418
v 0.15315075 -0.19407199 -0.24734874
v 0.25920993 -0.12786044 -0.2475208
v 0.22388142 -0.13853023 -0.20377582
v 0.21278201 -0.17008175 -0.15140105
v 0.24803486 -0.15701325 -0.20799815
v 0.23934549 -0.146182 -0.20483999
v 0.26805147 -0.14740419 -0.25960874
v 0.22623437 -0.19651863 -0.15466237
v 0.25128099 -0.169521 -0.21268072
v 0.10886687 -0.30537474 0.05259037
v 0.10639256 -0.29778093 0.08015437
v 0.0920655 -0.31384152 0.0855053
v 0.08312212 -0.32209774 0.06548193
v 0.09711124 -0.310929 0.0745465
v 0.04213156 -0.30996829 0.01566993
v 0.04916049 -0.32623326 0.04673993
v 0.02948456 -0.31873425 0.05151237
v 0.02313018 -0.30109363 0.03436375
v 0.03386974 -0.31528899 0.03903549
v 0.04380012 -0.26081502 0.02604631
v 0.02378656 -0.28004106 0.03853724
v 0.031539 -0.27684643 0.05642587
v 0.05285862 -0.2643139 0.05510987
v 0.03628125 -0.27091473 0.0466635
v 0.02612 -0.2826935 0.01224706
v 0.01610268 -0.29468804 0.04490381
v 0.019586 -0.2897225 0.0343175
v 0.10782431 -0.25975075 0.05068349
v 0.08442812 -0.26391273 0.06439806
v 0.09073562 -0.27258002 0.07975105
v 0.10569031 -0.27627074 0.07496231
v 0.09702225 -0.26873922 0.06962824
v 0.12042862 -0.27936083 0.05918706
v 0.10469018 -0.28880757 0.08914575
v 0.109033 -0.28608977 0.079382
v 0.077002 -0.32266044 0.03254556
v 0.06095606 -0.33047103 0.06900055
v 0.06635824 -0.32785099 0.05588425
v 0.23705869 -0.07868655 -0.32400637
v 0.25287467 -0.0718913 -0.34364113
v 0.23621198 -0.08776506 -0.33678668
v 0.2357385 -0.08090925 -0.33144101
v 0.28814506 -0.05680468 -0.355306
v 0.30368793 -0.05144562 -0.35496211
v 0.3125548 -0.04961399 -0.3631038
v 0.3026258 -0.05456037 -0.3643012
v 0.302531 -0.05178875 -0.3600665
v 0.31380575 -0.05019725 -0.35697519
v 0.31493029 -0.05560074 -0.3598499
v 0.31367936 -0.0550175 -0.3659785
v 0.31664526 -0.05126124 -0.36252674
v 0.2965773 -0.06859606 -0.35264372
v 0.28011119 -0.07195406 -0.34132224
v 0.27338641 -0.08336706 -0.34034761
v 0.28490603 -0.07785781 -0.35521832
v 0.28415727 -0.07650949 -0.34792122
v 0.29296129 -0.06464286 -0.36073553
v 0.26932174 -0.0842185 -0.35422307
v 0.2740913 -0.06612843 -0.35596334
v 0.280144 -0.07262574 -0.35768199
v 0.29176107 -0.06075787 -0.34721416
v 0.3064894 -0.05812587 -0.35252094
v 0.30510675 -0.05416575 -0.35221299
v 0.27114242 -0.06444069 -0.3447656
v 0.27096825 -0.06368099 -0.35071349
v 0.30733481 -0.06245112 -0.36152425
v 0.30753797 -0.06150274 -0.35658776
v 0.30496224 -0.05912574 -0.36444124
v 0.25817668 -0.07389468 -0.33250033
v 0.27498149 -0.06756474 -0.34095275
v 0.27424281 -0.10439093 -0.35318318
v 0.26085674 -0.11559787 -0.33950978
v 0.25069388 -0.09852055 -0.34357073
v 0.26330599 -0.10056524 -0.34930121
v 0.23219449 -0.12336649 -0.29346394
v 0.23130363 -0.11487543 -0.32371124
v 0.24600023 -0.12305875 -0.31546306
v 0.23094499 -0.12188275 -0.30896425
v 0.23389649 -0.10129499 -0.33359774
v 0.23693332 -0.08346412 -0.30711418
v 0.25585219 -0.08194793 -0.32220917
v 0.24475525 -0.07905599 -0.32092851
v 0.2481818 -0.121396 -0.28293147
v 0.23692786 -0.11349168 -0.2741183
v 0.23442599 -0.12037625 -0.2813175
v 0.26245504 -0.1246535 -0.30136185
v 0.28385305 -0.12036906 -0.28918674
v 0.26901894 -0.11382056 -0.27529543
v 0.26553726 -0.12095074 -0.28553348
v 0.23939311 -0.09342474 -0.27938425
v 0.25378376 -0.10486849 -0.271829
v 0.23898848 -0.10329249 -0.27345973
v 0.29061389 -0.10553418 -0.27355325
v 0.27256268 -0.09695056 -0.27719637
v 0.2719385 -0.10494349 -0.27198624
v 0.25184506 -0.08933255 -0.29146388
v 0.236927 -0.0875345 -0.29193425
v 0.28683173 -0.09599231 -0.29464882
v 0.26600268 -0.08981762 -0.31153711
v 0.26915827 -0.09247274 -0.29251629
v 0.27944749 -0.09288855 -0.33457425
v 0.26737347 -0.08729275 -0.32785025
v 0.30667468 -0.10258543 -0.28170341
v 0.31835651 -0.09984894 -0.30097386
v 0.29736483 -0.09710499 -0.31823894
v 0.30283075 -0.09892849 -0.29741898
v 0.2954061 -0.12367531 -0.31303423
v 0.31730806 -0.11992456 -0.29950076
v 0.30461201 -0.11537743 -0.28036755
v 0.30049002 -0.1209795 -0.29395449
v 0.31524962 -0.10359694 -0.36377924
v 0.33592504 -0.09554524 -0.35476344
v 0.32928875 -0.11334525 -0.32739508
v 0.30546855 -0.11798125 -0.34069705
v 0.32168075 -0.10943025 -0.34846776
v 0.32374763 -0.11063331 -0.27948814
v 0.30697101 -0.10865724 -0.27615174
v 0.28815019 -0.09916725 -0.35417407
v 0.29858049 -0.10539975 -0.36265817
v 0.28646218 -0.11582456 -0.35044974
v 0.28601425 -0.10695949 -0.35761049
v 0.30502885 -0.09655868 -0.34294763
v 0.29220247 -0.0965335 -0.33910375
v 0.34130266 -0.11247818 -0.28877332
v 0.36204844 -0.10040981 -0.28927183
v 0.34191393 -0.1021133 -0.28886729
v 0.34368151 -0.10778299 -0.28326875
v 0.27537736 -0.1227035 -0.32737311
v 0.29016149 -0.12167674 -0.33372849
v 0.32525107 -0.09363812 -0.3270443
v 0.32799214 -0.08170224 -0.35154125
v 0.31235241 -0.09184518 -0.36284324
v 0.317317 -0.09129525 -0.34761473
v 0.32210803 -0.08368974 -0.37235331
v 0.31190174 -0.0968405 -0.36840122
v 0.34961229 -0.09051892 -0.31089618
v 0.33461025 -0.09732125 -0.30546051
v 0.3702273 -0.08444069 -0.30325192
v 0.37023106 -0.06804955 -0.3230817
v 0.3493731 -0.07287155 -0.33580511
v 0.36138296 -0.0786155 -0.31729826
v 0.37348476 -0.09004725 -0.30509075
v 0.37917465 -0.07607674 -0.31212401
v 0.37412422 -0.08881724 -0.29927551
v 0.26073399 -0.12324824 -0.321442
v 0.34217315 -0.05764643 -0.35405826
v 0.32627424 -0.06697931 -0.36627131
v 0.33597949 -0.06873875 -0.35316324
v 0.33072844 -0.05647037 -0.36673992
v 0.33204698 -0.07170055 -0.36938825
v 0.32532948 -0.0683555 -0.37202799
v 0.36592114 -0.05743393 -0.34163805
v 0.37699246 -0.07110212 -0.32634002
v 0.37646523 -0.06525975 -0.32666149
v 0.34935468 -0.05900068 -0.35726493
v 0.34746724 -0.053667 -0.35580378
v 0.35424524 -0.10344862 -0.31232702
v 0.33616724 -0.11434675 -0.30548951
v 0.35945802 -0.08076812 -0.33968412
v 0.36871975 -0.08643274 -0.32041949
v 0.34532848 -0.07584774 -0.35730701
v 0.09784324 -0.28031605 0.09954875
v 0.10453931 -0.29056441 0.11776436
v 0.10110262 -0.30418789 0.10326993
v 0.10405675 -0.29070851 0.102663
v 0.08747369 -0.32421821 0.11731381
v 0.07120694 -0.33186006 0.09518093
v 0.08869774 -0.31943202 0.10056775
v 0.08927001 -0.2746486 0.12860006
v 0.10517144 -0.28156504 0.14816431
v 0.10444812 -0.3053925 0.13387775
v 0.10354449 -0.28714722 0.13228049
v 0.09330187 -0.32295292 0.14975275
v 0.0645615 -0.33976206 0.12914036
v 0.08885899 -0.32471776 0.13332349
v 0.10336725 -0.2583968 0.16818767
v 0.127349 -0.2681469 0.1895343
v 0.11569118 -0.29737699 0.1683828
v 0.11351925 -0.274926 0.16736874
v 0.11425417 -0.31732785 0.18789111
v 0.08119274 -0.33839809 0.16777011
v 0.10125049 -0.32094597 0.16775749
v 0.13939032 -0.24689324 0.21657656
v 0.15869699 -0.25807577 0.23628374
v 0.14500275 -0.28451424 0.21357262
v 0.14542175 -0.2621445 0.21430151
v 0.14950506 -0.30456477 0.23112955
v 0.11980112 -0.33131104 0.2095763
v 0.13386225 -0.3107295 0.210707
v 0.00900756 -0.31484168 0.05792243
v -0.00633412 -0.31118807 0.06650012
v 0.01038237 -0.29280069 0.05877918
v 0.00627275 -0.30334472 0.05549375
v 0.00634993 -0.28991952 0.0783593
v 0.03350037 -0.27737632 0.07625974
v 0.02020274 -0.28400701 0.06690199
v 0.03539012 -0.33495828 0.07829749
v 0.00775974 -0.33396613 0.08176725
v 0.0197205 -0.326494 0.06694199
v 0.044961 -0.34311968 0.10653425
v 0.052995 -0.33689126 0.08773399
v 0.06429925 -0.27219051 0.089023
v 0.07382443 -0.27424472 0.11047568
v 0.08274525 -0.27433276 0.09472899
v 0.01585937 -0.34330123 0.10707475
v -0.01138118 -0.33580356 0.10101862
v -0.01538468 -0.32624098 0.08111844
v -0.0032155 -0.33654847 0.092431
v -0.01412706 -0.3014931 0.08225924
v -0.01468618 -0.29195958 0.10368074
v 0.00560493 -0.28507354 0.10123688
v -0.00594199 -0.29210701 0.09106524
v -0.02693381 -0.31293773 0.08998087
v -0.01814824 -0.31371349 0.07833574
v 0.03390049 -0.34439861 0.12925587
v 0.03933999 -0.3451645 0.119851
v 0.03866381 -0.27596086 0.1161415
v 0.05641274 -0.27034324 0.13303962
v 0.06474649 -0.27256321 0.12290474
v -0.02773256 -0.32334932 0.10048031
v -0.02759406 -0.30920738 0.11067107
v -0.02615218 -0.29900717 0.10626387
v -0.030455 -0.3108775 0.10041575
v 0.11087956 -0.24535092 0.19963592
v 0.12702593 -0.24972105 0.23405768
v 0.14889019 -0.24512204 0.24258682
v 0.13117949 -0.24203348 0.22408075
v 0.04816487 -0.34238112 0.15143212
v 0.01834674 -0.3324176 0.14041106
v 0.00435168 -0.33985948 0.12312699
v 0.02641099 -0.342195 0.1363205
v -0.01610087 -0.32567471 0.11695674
v -0.01491325 -0.33329376 0.10961549
v 0.07514806 -0.26120722 0.15332818
v 0.08938594 -0.26258012 0.18567505
v 0.09386774 -0.25259324 0.17431201
v 0.02456643 -0.27490994 0.13561868
v 0.04665843 -0.27664688 0.15119418
v 0.0497245 -0.26863974 0.14190375
v -0.01795125 -0.29476857 0.12183006
v -0.00664437 -0.28502231 0.12365342
v -0.01789575 -0.29086726 0.11486674
v 0.13434881 -0.32524582 0.23256564
v 0.10316656 -0.32489651 0.21473139
v 0.08586318 -0.34111028 0.19220805
v 0.11062026 -0.33677974 0.21405226
v 0.05618793 -0.33147579 0.17086826
v 0.0665135 -0.34249851 0.17069801
v 0.15875932 -0.27659481 0.24959594
v 0.14317156 -0.2945168 0.24860981
v 0.15061299 -0.30224752 0.24408325
v 0.14815136 -0.26113486 0.25337114
v 0.15813425 -0.25709775 0.25009447
v 0.11470331 -0.28466275 0.22533157
v 0.13316625 -0.27211174 0.243751
v 0.07231656 -0.29938826 0.17957356
v 0.094287 -0.29342225 0.20221024
v 0.02783781 -0.30653798 0.15011444
v 0.04919124 -0.30355876 0.16260799
v -0.00010593 -0.20454694 -0.08381981
v -0.02370875 -0.19833524 -0.10308225
v -0.07557974 -0.21357357 -0.20021037
v -0.01171849 -0.22952213 -0.23238501
v -0.11887969 -0.25970935 -0.16985219
v -0.0758265 -0.24852052 -0.1966325
v 0.17975381 -0.14918531 -0.19404999
v 0.21369501 -0.13455012 -0.21871806
v 0.19849044 -0.12191437 -0.22058418
v 0.20485475 -0.13975749 -0.20977948
v -0.058685 -0.16715718 -0.17242193
v -0.01397743 -0.16610181 -0.226038
v -0.09916981 -0.20077712 -0.16561526
v -0.07006249 -0.18534076 -0.190888
v 0.22278419 -0.11994905 -0.25919267
v 0.21994125 -0.126543 -0.24038675
v 0.21440069 -0.12404879 -0.2415623
v 0.1802898 -0.15339711 -0.15799711
v 0.20031127 -0.13556098 -0.20537525
v 0.07907225 -0.25119406 0.04101043
v 0.06207574 -0.2680355 0.0701445
v 0.06930725 -0.26220876 0.06028999
v 0.03224162 -0.27747637 0.09711732
v 0.04804175 -0.27332127 0.08324999
v 0.01099725 -0.28073003 0.12009431
v 0.01971175 -0.27991125 0.10925725
v 0.00669131 -0.2865358 0.13752293
v 0.00664325 -0.28003698 0.13005299
v -0.00307381 -0.31014758 0.13232256
v 0.01118299 -0.30893024 0.14089374
v -0.01723324 -0.30960202 0.12177749
v 0.08466143 0.4114052 -0.02325
v 0.08532343 0.41159308 -0.0169045
v 0.08922906 0.40812042 -0.01510268
v 0.08633 0.40959075 -0.02001775
v 0.09164437 0.41779595 -0.01790706
v 0.08649324 0.41403991 -0.02034699
v 0.0857918 0.41428905 -0.02596193
v 0.0882565 0.41606825 -0.0230125
v 0.08352831 0.41257488 -0.02197731
v 0.08453775 0.412853 -0.02563624
v 0.09892249 0.41974219 -0.00600381
v 0.09288919 0.41529601 -0.01012481
v 0.095668 0.41907748 -0.01176475
v 0.08143705 0.4107142 -0.01773631
v 0.08108268 0.40974295 -0.0137255
v 0.08598449 0.41130128 -0.01178787
v 0.08298975 0.41078645 -0.01538025
v 0.09318637 0.41419339 -0.00373587
v 0.08837918 0.41423732 -0.00750493
v 0.08661956 0.41385918 -0.01420274
v 0.09028475 0.41411751 -0.0087535
v 0.08179956 0.41335675 -0.01678543
v 0.0822965 0.41288918 -0.02048837
v 0.08400949 0.41353225 -0.0183585
v 0.07980431 0.41124332 -0.01806331
v 0.08132249 0.41168251 -0.01985999
v -0.082355 0.40716236 0.04789631
v -0.087419 0.39359992 0.03701393
v -0.08489818 0.37809342 0.04504768
v -0.07553068 0.38918268 0.05344387
v -0.08157125 0.3916625 0.04618975
v -0.05383287 0.33200216 0.08085606
v -0.03648874 0.33734566 0.07120718
v -0.04424562 0.35421299 0.06798262
v -0.0603955 0.34743273 0.070784
v -0.04913675 0.34260577 0.07194349
v -0.07488481 0.37221229 0.05770843
v -0.06472037 0.38222903 0.06097312
v -0.06887112 0.40226829 0.05981487
v -0.07021449 0.38614624 0.05795674
v -0.06334006 0.36426875 0.06487831
v -0.04985293 0.37139827 0.06549893
v -0.05420156 0.3911938 0.064571
v -0.058146 0.37710675 0.06373775
v -0.09568937 0.39592242 0.01675306
v -0.09387819 0.3819395 0.02603068
v -0.09442218 0.41020715 0.02819987
v -0.09215675 0.39500924 0.026736
v -0.0051535 0.34706974 0.05425468
v 0.00248168 0.33019644 0.04754281
v 0.01258937 0.33629038 0.03192581
v 0.00947825 0.35117712 0.0423225
v 0.004678 0.34131151 0.04457575
v -0.12191474 -0.22741219 -0.16073606
v -0.14961095 -0.28971481 -0.14059537
v -0.13781425 -0.25844401 -0.15614125
v -0.10438475 -0.20678475 -0.151673
v 0.03695474 -0.21979099 -0.04308943
v 0.00750418 -0.22409895 -0.06282031
v 0.020771 -0.21259748 -0.06387899
v -0.15724931 -0.32457792 -0.08788462
v -0.15483251 -0.31105923 -0.11680525
v -0.16442443 -0.33628526 -0.02942012
v -0.1410323 -0.34198886 -0.01199124
v -0.16953662 -0.3386859 0.00278993
v -0.1832863 -0.31884077 -0.00925781
v -0.168072 -0.3381645 -0.01073025
v -0.01848818 -0.17152306 -0.121274
v 0.00624093 -0.13544374 -0.18486599
v -0.04085749 -0.162358 -0.14856874
v -0.1791525 -0.3144567 -0.05240293
v -0.16063174 -0.3323715 -0.05694724
v -0.18575525 -0.21903756 -0.05936131
v -0.17436361 -0.16589844 -0.04148412
v -0.15545493 -0.13259056 -0.07957231
v -0.17201174 -0.17117601 -0.06923275
v -0.00708431 -0.29677 -0.02566643
v 0.06334856 -0.20395262 -0.10079062
v 0.02284637 -0.22533273 -0.06897606
v 0.01920175 -0.25367176 -0.05753199
v 0.01629906 -0.25428 -0.03467543
v -0.00792362 -0.22786438 -0.06615962
v -0.00482725 -0.23333725 -0.05992624
v 0.03678062 -0.24253355 -0.01954281
v 0.02987231 -0.26227712 0.00101737
v 0.01168887 -0.28370052 -0.01097056
v 0.0270465 -0.26174974 -0.0153575
v 0.00651475 -0.19523225 -0.09248325
v -0.18948411 -0.27226394 -0.02709612
v -0.18783125 -0.27173826 -0.0534795
v -0.13659393 -0.07258269 -0.07609587
v -0.14678326 -0.08108411 -0.03439287
v -0.14405086 -0.06725843 0.00101837
v -0.14246225 -0.06831974 -0.03934474
v -0.14940418 -0.10052149 -0.05961906
v -0.16055561 -0.12400838 -0.02511862
v -0.15254682 -0.09787774 0.00098393
v -0.15183675 -0.09798374 -0.02993474
v -0.13629213 -0.0920633 -0.09442956
v -0.144939 -0.10771824 -0.0868585
v -0.1253425 -0.08112999 -0.10562375
v 0.07534637 0.49591225 0.02928868
v 0.07593943 0.49276149 0.02280381
v 0.08026412 0.50100141 0.02041193
v 0.07729613 0.50291055 0.03064474
v 0.07695099 0.49833273 0.02456174
v 0.07707437 0.50845575 0.04069043
v 0.07178575 0.50218188 0.05164943
v 0.07453881 0.49967467 0.04275262
v 0.07541149 0.50389951 0.04107024
v 0.08137819 0.52285045 0.04184556
v 0.07048869 0.51075524 0.05644456
v 0.08687412 0.51294356 0.02523462
v 0.080639 0.51393824 0.0406805
v 0.08587324 0.54228383 0.02671993
v 0.06352312 0.55450934 0.04883424
v 0.06044668 0.53096944 0.06177287
v 0.07456475 0.53769546 0.04499075
v 0.05564468 0.51261675 0.06871437
v 0.04944175 0.49778923 0.0713438
v 0.06301456 0.50156617 0.06208756
v 0.06010775 0.5057277 0.06562874
v 0.03628906 0.53661215 0.07379324
v 0.03353918 0.51528728 0.07680469
v 0.04708299 0.52372527 0.07124175
v 0.00595406 0.51593786 0.08455525
v 0.00443249 0.494026 0.08640638
v 0.02977524 0.49456405 0.07944187
v 0.01888075 0.50497996 0.081869
v 0.02780218 0.47246438 0.08083093
v 0.04739125 0.47852718 0.07160793
v 0.03843624 0.48587328 0.07670049
v 0.06416744 0.49396279 0.05971074
v 0.07070981 0.49662232 0.05327743
v 0.0669075 0.49864 0.05819349
v -0.02517981 0.51445782 0.09154956
v -0.04656006 0.50487005 0.09473862
v -0.03880912 0.49305766 0.09697081
v -0.02050112 0.49486491 0.09300218
v -0.03364474 0.50267171 0.09446624
v -0.05195756 0.49144285 0.09595681
v -0.0654705 0.50765085 0.09156411
v -0.06572725 0.48967731 0.09216219
v -0.0578955 0.49926146 0.09377724
v 0.07885418 0.46107569 0.03833537
v 0.07895606 0.47483795 0.02829093
v 0.07396918 0.47939056 0.03836606
v 0.06994562 0.46879836 0.05041212
v 0.07590474 0.47055599 0.03861625
v -0.0211595 0.47621962 0.09487912
v 0.00393143 0.4712868 0.08691393
v -0.00848075 0.483648 0.0903885
v -0.04389968 0.45481282 0.10292001
v -0.03112925 0.44263774 0.09752424
v -0.01329725 0.44565695 0.09134736
v -0.03227975 0.46236664 0.09944537
v -0.03108175 0.45126897 0.0990715
v -0.039168 0.48356664 0.101538
v -0.04663268 0.47489669 0.10435393
v -0.03490424 0.4741145 0.100942
v -0.05902 0.47781449 0.09483756
v -0.07952888 0.48190689 0.08621993
v -0.06649363 0.46946519 0.08827931
v -0.0681315 0.47994875 0.0904735
v 0.01080956 0.44844752 0.08362056
v 0.03425081 0.45109704 0.07679737
v 0.0182505 0.4600473 0.08286725
v 0.08427518 0.4489521 0.03265218
v 0.08671981 0.43934014 0.03168256
v 0.09108324 0.44394806 0.02220462
v 0.08986875 0.45111703 0.02296656
v 0.08742675 0.44573074 0.0279525
v 0.08202887 0.43186393 0.03963375
v 0.08834438 0.42575332 0.03040774
v 0.09194918 0.43428248 0.02422262
v 0.0872915 0.43215474 0.03187274
v 0.09385681 0.42520692 0.02278531
v 0.09768431 0.42383617 0.01518675
v 0.10103068 0.42954123 0.00939806
v 0.09724512 0.43181785 0.01607868
v 0.09800124 0.42794624 0.01579899
v 0.07157731 0.48509562 0.04737137
v 0.07561893 0.4861496 0.03108637
v 0.07531462 0.48814088 0.03821174
v 0.07433399 0.48455822 0.03887799
v 0.07529131 0.49045288 0.02976337
v 0.07750506 0.48555648 0.0221205
v 0.07582475 0.48879227 0.02535349
v 0.05759631 0.4188252 0.05929956
v 0.04717656 0.43424987 0.06837774
v 0.02603806 0.42923057 0.07635518
v 0.03807525 0.41275996 0.06732037
v 0.0429985 0.4233365 0.06832675
v 0.07337743 0.42536479 0.04843143
v 0.0786965 0.44550019 0.04439712
v 0.06690219 0.44126975 0.05672962
v 0.076121 0.43579602 0.04772125
v 0.05592512 0.45802661 0.06511562
v 0.05170675 0.44560402 0.06725324
v 0.06249225 0.48380243 0.05869093
v 0.05916775 0.47214549 0.06212724
v 0.07107025 0.49128937 0.05132268
v 0.06695625 0.48883923 0.05520949
v 0.00323956 0.42770621 0.08300805
v 0.00650775 0.43749076 0.083902
v -0.04201081 0.44674134 0.0963165
v -0.03572412 0.43528592 0.08579562
v -0.01882743 0.42979151 0.08718818
v -0.03224125 0.43828901 0.0925075
v -0.052628 0.45756977 0.09124256
v -0.05257262 0.46702486 0.10014106
v -0.048805 0.45677426 0.0987385
v -0.05084331 0.48330831 0.10068368
v -0.0532625 0.47613024 0.10089174
v -0.04528375 0.48777699 0.09921
v -0.07463481 0.45743465 0.07931806
v -0.05455881 0.44461894 0.08185143
v -0.062199 0.457616 0.08514775
v -0.04978387 0.42223757 0.07306006
v -0.02859574 0.4167366 0.07618162
v -0.04288425 0.43069171 0.079163
v -0.06081324 0.52936404 0.09074799
v -0.09189468 0.51727455 0.08197625
v -0.08814287 0.49688893 0.08427687
v -0.07705549 0.51302897 0.08821024
v -0.0981225 0.54202055 0.07459087
v -0.12523669 0.52708816 0.05797318
v -0.11608706 0.50325965 0.06653431
v -0.10923225 0.52226626 0.07112275
v -0.12952268 0.55237197 0.046314
v -0.14288613 0.53335642 0.03117906
v -0.13786757 0.51062393 0.04241962
v -0.13607649 0.5308243 0.044851
v 0.00984568 0.53780096 0.0834158
v -0.024776 0.53563273 0.09060818
v -0.0088035 0.52625447 0.08807399
v -0.00654181 0.4120149 0.07632193
v 0.01694375 0.4098193 0.07268624
v -0.0011005 0.41962298 0.08023524
v 0.02341831 0.39291068 0.06331644
v 0.04455081 0.39718619 0.05783306
v 0.0313095 0.40241622 0.06557875
v 0.06551637 0.40412944 0.048726
v 0.05238949 0.38486653 0.04735387
v 0.07171343 0.39128875 0.03895325
v 0.05922175 0.39390152 0.0483695
v 0.0790055 0.41203191 0.0396115
v 0.07003875 0.41471326 0.04875649
v 0.08505906 0.41730451 0.03361743
v 0.08311356 0.40596738 0.03288275
v 0.084403 0.41257837 0.03166331
v 0.08317625 0.41181251 0.03477849
v 0.08916412 0.4188742 0.02758074
v 0.08908099 0.42171448 0.02917224
v 0.08195775 0.39454913 0.03005375
v 0.08703382 0.3965649 0.02090362
v 0.086057 0.40561419 0.02553318
v 0.084552 0.400498 0.0281575
v -0.09802244 0.42773935 0.040336
v -0.08223743 0.42430299 0.05786456
v -0.10148256 0.44488379 0.05189494
v -0.09061175 0.42609298 0.0497565
v -0.06401931 0.41783285 0.067014
v -0.03991418 0.39577826 0.06720843
v -0.05248525 0.40765446 0.06793725
v 0.09911575 0.4367609 0.00965762
v 0.09515412 0.43977195 0.01644318
v 0.09604224 0.43586126 0.01646775
v 0.09916219 0.44304862 0.00916775
v 0.09714449 0.44643992 0.01409725
v 0.09534225 0.44324553 0.01548199
v 0.09763275 0.45105844 0.01698668
v 0.10413856 0.44937145 0.00803775
v 0.10413043 0.4533388 0.01177281
v 0.10109875 0.44951325 0.012802
v 0.09151631 0.46072989 0.01983368
v 0.09214737 0.46905577 0.01542025
v 0.08508787 0.47171294 0.02080587
v 0.08475124 0.46088066 0.02698531
v 0.08848399 0.46590298 0.020427
v 0.09953256 0.45794737 0.01533125
v 0.09450224 0.45528951 0.01900875
v 0.08284375 0.48268884 0.01574718
v 0.0810105 0.47906374 0.0209875
v 0.081531 0.45397073 0.03623025
v 0.08285775 0.49499017 0.01334581
v 0.09030018 0.5093137 0.01310943
v 0.08550949 0.50543797 0.017005
v 0.09015674 0.47671175 0.01102981
v 0.08741243 0.48658928 0.00804725
v 0.08523149 0.48516875 0.01161125
v 0.09968162 0.46481379 0.01091456
v 0.09725193 0.47063091 0.00686475
v 0.0951595 0.47035723 0.01083
v 0.10542037 0.4588162 0.0071785
v 0.103165 0.45879 0.01118625
v 0.10275118 0.46505579 0.00377718
v 0.09831138 0.47068426 0.00101793
v 0.09321937 0.47751024 0.00393118
v 0.09815625 0.4707005 0.003733
v 0.10776475 0.45349407 0.00409443
v 0.10643 0.45917463 0.00101793
v 0.1063195 0.45902472 0.00391275
v 0.08898963 0.48701673 0.00101793
v 0.08731988 0.49829456 0.00565962
v 0.08862525 0.48703649 0.00452275
v 0.08230505 0.38519802 0.02334712
v 0.07443049 0.38188976 0.03183918
v 0.078417 0.38807451 0.0313495
v -0.01455331 0.37787812 0.06265731
v -0.01028418 0.36292809 0.05825819
v 0.00876681 0.36442124 0.05048974
v 0.00649225 0.3776316 0.05863743
v -0.00237975 0.37066203 0.05774875
v 0.00198375 0.39263176 0.06680586
v 0.02897949 0.38002032 0.05365425
v 0.01511874 0.3848485 0.060748
v -0.02019581 0.394887 0.068154
v -0.01311374 0.40365552 0.07200649
v 0.06180631 0.37718707 0.03738106
v 0.06288818 0.37265968 0.03161131
v 0.075648 0.37622255 0.02433406
v 0.070499 0.37681049 0.03131724
v 0.04376325 0.37271648 0.04139474
v 0.04625424 0.37786176 0.04534599
v 0.04210843 0.35900855 0.0140185
v 0.02540074 0.35487866 0.02840306
v 0.02073512 0.3425892 0.01615962
v 0.03036175 0.35002887 0.00099656
v 0.02925 0.35149377 0.015025
v 0.03110718 0.3652268 0.03815805
v 0.05414362 0.3669582 0.0251745
v 0.04786375 0.36926025 0.03454899
v -0.09110005 0.47034931 0.07667593
v -0.09902042 0.45828169 0.06450419
v -0.08092806 0.44235411 0.06828381
v -0.08705224 0.45754748 0.0726175
v -0.11585012 0.47344338 0.05766718
v -0.11931806 0.46195933 0.04400418
v -0.11010849 0.45996424 0.05443625
v 0.0183 0.35917401 0.04046624
v -0.03363456 0.3765347 0.06466811
v -0.02716749 0.3860515 0.06562949
v -0.073655 0.42246598 0.06363675
v -0.105237 0.48453199 0.07261293
v -0.09214401 0.48306274 0.08049725
v -0.12914893 0.49069345 0.05017074
v -0.118068 0.48743027 0.06187449
v -0.02206218 0.55697894 0.0867533
v -0.06029031 0.55161702 0.08589388
v -0.0413475 0.5437752 0.09034074
v 0.06913287 0.57980334 0.00101793
v 0.05116537 0.59474867 0.01910687
v 0.06199812 0.57673883 0.03477893
v 0.08025325 0.56244134 0.01559587
v 0.06756374 0.57954871 0.0178115
v 0.03678825 0.58236652 0.05409681
v 0.03854174 0.559349 0.06705312
v 0.05157775 0.56932771 0.05209425
v 0.01158525 0.55999642 0.07938168
v 0.02512924 0.54883623 0.07695125
v -0.06729937 0.57555806 0.07450594
v -0.10413923 0.56791144 0.06213543
v -0.08337675 0.56009298 0.07588975
v -0.09840549 0.59180915 0.04543968
v -0.1222908 0.57765144 0.03034237
v -0.11611025 0.57378077 0.046438
v 0.006487 0.58196246 0.06899962
v -0.02789349 0.57862246 0.07696337
v -0.00636125 0.56969153 0.0797505
v -0.03976606 0.59768134 0.06116206
v -0.07173262 0.59583973 0.05874719
v -0.05219474 0.58749026 0.06992599
v -0.02699687 0.61628431 0.03112412
v -0.05701331 0.60844045 0.04328
v -0.00600156 0.60270839 0.05198531
v -0.0317165 0.60792297 0.04722625
v 0.02511499 0.60331082 0.03697925
v 0.01721425 0.59384149 0.054168
v -0.07995662 0.60866624 0.02745368
v -0.07897475 0.60321575 0.04353575
v -0.11560068 0.44817113 0.0331235
v -0.10798493 0.43015062 0.02076668
v -0.103714 0.42914551 0.0306265
v -0.13005518 0.46489262 0.02520562
v -0.13305187 0.47787612 0.03657849
v -0.12565073 0.463631 0.03479849
v -0.14229369 0.49502849 0.02814487
v -0.13699175 0.49325752 0.0393905
v 0.00381168 0.61787653 0.01804681
v -0.02390874 0.62215638 0.001018
v -0.05345618 0.6182729 0.01395006
v -0.024558 0.62083423 0.01586124
v -0.08103612 0.61180639 0.001018
v -0.10517443 0.59866303 0.01435812
v -0.08071374 0.61123931 0.01366299
v -0.12668025 0.5798732 0.001018
v -0.140227 0.55699932 0.01624293
v -0.12568199 0.57947397 0.01539349
v 0.03078512 0.60976725 0.001018
v 0.02948375 0.60835301 0.019157
v -0.02496893 0.32003742 0.07744712
v -0.01129437 0.32580456 0.06296918
v -0.02030056 0.34284609 0.06390956
v -0.02391124 0.33192399 0.06887025
v 0.01813006 0.32052892 0.01769187
v 0.01255162 0.31186848 0.03626612
v 0.02524568 0.29095757 0.02066718
v 0.02300793 0.30685192 0.00048637
v 0.02010975 0.30806076 0.01882799
v 0.00455881 0.30338305 0.05747368
v 0.00147175 0.31845128 0.0515405
v -0.08445031 0.3617998 0.0531215
v -0.08694161 0.34570312 0.06368719
v -0.07511699 0.35519632 0.06303112
v -0.08008174 0.35857898 0.05871599
v -0.07526918 0.34023436 0.07472731
v -0.06880524 0.35155525 0.06743349
v -0.09915562 0.37047499 0.01687337
v -0.10123506 0.35637524 0.02810644
v -0.09316712 0.36762422 0.03534893
v -0.096547 0.36938574 0.02587975
v -0.09508594 0.3515973 0.04817912
v -0.0889735 0.36495524 0.044881
v -0.02748968 0.35981643 0.06377849
v -0.03920275 0.36572223 0.06550499
v -0.00263175 0.29529419 0.08250588
v 0.02690393 0.25895842 0.07911312
v 0.02800162 0.27115437 0.04571649
v 0.0146535 0.28229898 0.06624725
v -0.07302031 0.32877829 0.09637187
v -0.06147494 0.31463062 0.12283462
v -0.04068131 0.31601417 0.09639799
v -0.05829074 0.323504 0.09818875
v -0.09089181 0.33296945 0.08213337
v -0.09264887 0.32250231 0.11318749
v -0.08345949 0.33157426 0.09008374
v -0.10718487 0.33971905 0.04587312
v -0.11760412 0.31973964 0.07392431
v -0.10100524 0.33532863 0.06774006
v -0.10452425 0.33736902 0.0574315
v -0.11030806 0.34373414 0.02332606
v -0.12084101 0.32164436 0.04654456
v -0.10901425 0.34193527 0.034534
v -0.01606012 0.29232651 0.11233313
v -0.0216025 0.30657178 0.09186326
v -0.08543674 0.30885687 0.15237775
v -0.06331825 0.28934449 0.1841963
v -0.03626325 0.29250717 0.148851
v -0.06234999 0.3029015 0.15368676
v -0.11403837 0.30782896 0.13228081
v -0.11080518 0.29459449 0.17386181
v -0.10210999 0.309946 0.14372324
v -0.10474981 0.23469056 0.23622626
v -0.07651306 0.18831443 0.2513228
v -0.05042125 0.23208952 0.23550891
v -0.07202681 0.25751107 0.22628364
v -0.07833825 0.23459577 0.241346
v -0.13784168 0.22807773 0.19824668
v -0.11768168 0.1842738 0.22334656
v -0.12256169 0.2567994 0.21059624
v -0.12517699 0.23280751 0.21946498
v -0.07735744 0.09510368 0.24484461
v -0.03418893 0.01503237 0.2548089
v -0.036024 0.10504962 0.25098139
v -0.057348 0.10074 0.25453525
v -0.09991068 0.08614181 0.19901943
v -0.0622775 -0.00226243 0.22198687
v -0.09221474 0.09031074 0.22320726
v -0.034602 -0.03779475 0.24325463
v 0.01475149 -0.04709881 0.26541501
v -0.00551825 -0.01421568 0.25562363
v -0.02038175 -0.0256485 0.25596925
v -0.04207975 -0.05040337 0.20194543
v 0.00101137 -0.06848343 0.23380693
v -0.04137124 -0.0466265 0.22262524
v 0.09550637 -0.086591 0.27891755
v 0.19146207 -0.09729918 0.31830263
v 0.10951325 -0.06287268 0.29290857
v 0.10188874 -0.07511474 0.29054474
v 0.09870612 -0.09526474 0.24982711
v 0.18944862 -0.11394131 0.29592663
v 0.09537775 -0.09353525 0.26421648
v -0.10870257 0.32104533 0.09463843
v -0.09660074 0.33404147 0.07532975
v -0.13270099 0.2716875 0.18049687
v -0.13507719 0.28478819 0.14975787
v -0.14550012 0.2551257 0.15296255
v -0.14264975 0.24260836 0.17574431
v -0.14117525 0.26429799 0.16660749
v -0.12948519 0.2999508 0.11229793
v -0.12289049 0.30416575 0.122608
v -0.12870168 0.17350925 0.18096055
v -0.08524093 0.08029937 0.17188581
v -0.06372319 -0.00688112 0.18376448
v -0.09843599 0.08237749 0.18167749
v -0.00414656 0.02554756 0.23408013
v -0.00700487 0.1024903 0.20953741
v -0.02726218 0.18804967 0.22936573
v -0.017223 0.10586249 0.23288525
v -0.00159131 0.21481312 0.197977
v -0.01812737 0.24196875 0.20484943
v -0.02547775 0.22673825 0.21939975
v -0.00240731 0.02031412 0.1929513
v -0.02888906 0.08563968 0.1766138
v -0.01434331 0.16057819 0.18585026
v -0.0114295 0.09424474 0.1902285
v 0.0601075 0.17596218 0.11396831
v 0.04082387 0.21944823 0.11877219
v 0.01210937 0.23519876 0.16786788
v 0.03034168 0.20088312 0.16164019
v 0.03750824 0.20860324 0.1413545
v -0.02596168 0.15515931 0.16953861
v 0.01714837 0.13983145 0.16908556
v 0.01359193 0.1819013 0.18259218
v -0.00070075 0.167023 0.17837949
v -0.00809268 0.26491373 0.16613382
v 0.01390531 0.25965023 0.12250837
v -0.01059 0.27810123 0.13907125
v -0.03389537 0.00518024 0.1754577
v -0.07438393 0.1480318 0.16577893
v -0.05777574 0.08118899 0.17034876
v 0.032954 -0.02377606 0.24970445
v 0.00576275 -0.00571337 0.212841
v 0.00318075 -0.00752425 0.23707225
v 0.19683092 -0.07877337 0.31265741
v 0.11451156 -0.04913174 0.26108574
v 0.11336825 -0.053631 0.27981948
v -0.10960137 0.16387468 0.15610687
v -0.05500412 0.12413118 0.15946468
v -0.068429 0.15351925 0.16204699
v -0.12896712 0.17231544 0.13713856
v -0.13764555 0.20657226 0.16423329
v -0.14098617 0.21758331 0.14689029
v -0.13097749 0.1879975 0.15192049
v -0.13612793 0.28986191 0.04586543
v -0.15079006 0.25737077 0.08468443
v -0.13761724 0.29312869 0.08314975
v -0.13767175 0.29108125 0.06552024
v -0.14974793 0.23434987 0.12063255
v -0.15185956 0.22384725 0.06887706
v -0.14575213 0.19883951 0.10613855
v -0.15147949 0.22763773 0.09726049
v -0.13333074 0.28917723 0.001018
v -0.14572443 0.25197443 0.03136231
v -0.12095375 0.32383692 0.01668543
v -0.13430899 0.2892965 0.0239955
v -0.14750286 0.26995229 0.12345387
v -0.13464126 0.29617849 0.09894375
v -0.15 0.17341712 0.00101775
v -0.15354643 0.14473988 0.04740268
v -0.15125763 0.16958674 0.08318256
v -0.15014831 0.19730401 0.03974956
v -0.1522015 0.17201176 0.04411149
v -0.13363331 0.134808 0.12018062
v -0.14812262 0.10786937 0.09003599
v -0.12271937 0.06346131 0.1235248
v -0.09470968 0.09111431 0.14566637
v -0.12834225 0.09935275 0.12276375
v -0.04684437 0.04686056 0.15759775
v -0.00446606 0.08955906 0.16234961
v -0.0492025 0.0863475 0.15834376
v 0.03023656 0.06621769 0.15108367
v 0.04791806 0.12235406 0.15036943
v 0.02685425 0.10525575 0.15923775
v 0.07073681 0.09169337 0.12390112
v 0.07044468 0.13342624 0.11800919
v 0.04542487 0.16319194 0.15544831
v 0.061885 0.1297705 0.137106
v 0.0691685 -0.04122025 0.09644668
v 0.07035555 -0.08623343 0.07312537
v 0.08283618 -0.04018155 0.0515308
v 0.08258549 0.00980787 0.07644074
v 0.07725399 -0.03956024 0.07555049
v -0.00899231 -0.06008043 0.15317738
v 0.01453787 -0.09616275 0.13929507
v 0.04445494 -0.05164787 0.12601406
v 0.02548693 -0.01581668 0.1444775
v 0.02134975 -0.05748575 0.141781
v -0.13068644 -0.02910743 0.09048599
v -0.11561951 -0.06620637 0.11788755
v -0.08167912 -0.04833593 0.14389462
v -0.11063644 -0.00473531 0.12384687
v -0.11065749 -0.03861375 0.12254
v -0.05321274 -0.09174168 0.15370175
v -0.042472 -0.02079481 0.15469719
v -0.04556299 -0.05626099 0.1539945
v -0.09929537 -0.11937481 0.1466813
v -0.08268193 -0.15617044 0.15261994
v -0.02892556 -0.12954351 0.15108943
v -0.06561099 -0.12494275 0.1534885
v -0.01365975 -0.15542736 0.13661649
v 0.02759924 -0.12570974 0.11982662
v 0.00288575 -0.12864224 0.13753324
v -0.13479387 -0.18640919 0.14142625
v -0.13561905 -0.14660807 0.12991362
v -0.16679555 -0.17748263 0.09957943
v -0.17105019 -0.22302049 0.11709731
v -0.15474973 -0.18314075 0.12373675
v -0.00599581 -0.17322349 0.11907787
v -0.003904 -0.18972 0.10341462
v 0.03011243 -0.1766985 0.08596218
v 0.03049943 -0.15185436 0.10341874
v 0.0144525 -0.17394673 0.10282075
v -0.11755899 -0.09551681 0.12686549
v -0.13650129 -0.11483949 0.11284512
v -0.12210349 -0.11737449 0.13261875
v 0.05333912 -0.12384906 0.08956655
v 0.05456412 -0.15484194 0.06767775
v 0.06987718 -0.12540519 0.04817893
v 0.06292025 -0.1242925 0.070182
v -0.12435156 -0.21185243 0.1486155
v -0.06920611 -0.18222782 0.14921625
v -0.10434974 -0.185731 0.15036125
v -0.05785987 -0.1928125 0.13815718
v -0.03515175 -0.17702123 0.13666573
v 0.05610587 -0.18097963 0.04546418
v 0.05496849 -0.20375847 0.02363962
v 0.06186875 -0.18375319 0.00102187
v 0.06624918 -0.15813212 0.02363187
v 0.06100125 -0.18284824 0.02346475
v -0.18477673 -0.2685548 0.08508987
v -0.17078886 -0.29401031 0.11284299
v -0.16054937 -0.25094926 0.1354988
v -0.17607501 -0.26229524 0.11300449
v 0.05242931 -0.08939188 0.10777212
v 0.04299125 -0.12421675 0.10497625
v 0.03374693 -0.19785268 0.06624531
v 0.04490324 -0.17898625 0.06656999
v -0.08277912 -0.19757768 0.13642782
v -0.06037943 -0.18795293 0.12678793
v -0.03078243 -0.21121868 0.08953237
v -0.04190743 -0.20110356 0.10907781
v -0.05775125 -0.19894599 0.1145525
v -0.09583343 0.27883938 0.20676963
v -0.03663094 0.26637157 0.20078986
v -0.06678199 0.27498751 0.20781448
v -0.11769675 0.27713701 0.19577398
v -0.14096574 0.2196325 0.17975574
v -0.01146874 0.25378173 0.187577
v 0.0231545 0.19258524 0.17619925
v 0.08352968 0.09904031 0.07752631
v 0.07775425 0.14320287 0.06156162
v 0.07528676 0.1392425 0.09164074
v -0.13747075 0.03914812 0.09109611
v -0.08339606 0.01925456 0.14610418
v -0.11573725 0.02902749 0.1240305
v -0.14805625 0.24432775 0.13841874
v -0.13962 0.16793324 0.11420874
v -0.14762961 0.22267213 0.00101799
v -0.14949673 0.22263425 0.03605675
v 0.08940574 0.00731893 0.02565662
v 0.0897575 0.05460712 0.00102625
v 0.08592362 0.10178144 0.02409262
v 0.08818131 0.05785737 0.04758506
v 0.08949124 0.05626975 0.02352375
v 0.07971706 0.05222094 0.10010574
v 0.08531999 0.05595174 0.07477949
v 0.05416506 0.04067625 0.13315063
v 0.06483656 0.00181431 0.11624044
v 0.07018224 0.048333 0.11856249
v 0.059315 -0.04573775 0.11208525
v 0.05292706 0.21724194 0.06684994
v 0.03645825 0.23712074 0.09732325
v -0.0038845 0.01295618 0.15583157
v -0.04374999 0.01236275 0.15614025
v 0.029115 0.025639 0.146871
v -0.00606312 -0.01650231 0.18481244
v 0.01986044 -0.04413106 0.19637981
v -0.02994812 -0.039282 0.18253186
v -0.01803375 -0.027805 0.180807
v 0.00761124 -0.06637618 0.20505785
v -0.03811775 -0.047385 0.1890795
v 0.03146306 -0.02291556 0.20941831
v 0.00227525 -0.00892225 0.19545576
v 0.09197631 -0.12805025 0.25735926
v 0.17817881 -0.10610263 0.28001174
v 0.10347481 -0.11665082 0.21297812
v 0.01107824 -0.13727137 0.18715387
v 0.09643949 -0.11705274 0.23692324
v 0.08390268 -0.17475581 0.27883556
v 0.17656049 -0.134736 0.30872046
v -0.0086285 -0.16809356 0.227968
v 0.08718774 -0.14803025 0.27234074
v 0.10880905 -0.25890651 0.22309093
v 0.16541782 -0.22249774 0.27977329
v 0.08824075 -0.23404875 0.26082336
v 0.01248793 -0.28327351 0.1994443
v 0.097686 -0.251248 0.24342599
v -0.10761956 -0.21431613 0.15207268
v -0.09386075 -0.20657812 0.14692394
v -0.04939831 -0.19675925 0.12395744
v -0.07805375 -0.20218975 0.141567
v -0.00703456 -0.23135462 0.23330649
v 0.1638033 -0.18578004 0.30616837
v 0.08394999 -0.20599 0.27381151
v -0.14073944 -0.24845656 0.15245881
v -0.13642451 -0.23276275 0.14928574
v 0.13731744 -0.19284662 0.15308862
v 0.19585301 -0.19028319 0.21246418
v 0.12614794 -0.24693557 0.18047744
v 0.05310962 -0.26153481 0.10749769
v 0.1333425 -0.22206226 0.163109
v 0.03275194 -0.29589706 0.14805318
v 0.18141782 -0.22307169 0.24715481
v 0.11813326 -0.25834301 0.20128974
v -0.04378612 -0.31574031 0.07852818
v -0.07752005 -0.33208486 0.03133162
v 0.00227562 -0.28080418 0.05685731
v -0.02213699 -0.301611 0.06313574
v 0.18424719 -0.11158419 0.23349055
v 0.128523 -0.14740169 0.16603669
v 0.04641149 -0.15732994 0.13532081
v 0.11597976 -0.1284575 0.18746924
v -0.12279169 -0.33270293 0.07297194
v -0.05725169 -0.31670755 0.13379581
v -0.05295449 -0.32055825 0.104161
v -0.12353643 -0.31458774 0.13270293
v -0.07106237 -0.28332889 0.18353444
v -0.06428725 -0.30483099 0.16119423
v 0.19933994 -0.077876 0.28270855
v 0.11229163 -0.05849206 0.23668217
v 0.11400099 -0.051117 0.24651549
v 0.20016256 -0.09389668 0.26593717
v 0.10664006 -0.08230475 0.23296929
v 0.1098385 -0.07016225 0.23215925
v 0.19553449 -0.1122165 0.27175617
v 0.10269475 -0.09109675 0.23913499
v 0.20542849 -0.17260047 0.27483949
v 0.19167456 -0.18210718 0.28720712
v 0.19248193 -0.19763656 0.29388392
v 0.19831605 -0.196175 0.27786004
v 0.19579824 -0.18709123 0.28517475
v 0.25408878 -0.13367563 0.30680835
v 0.26792609 -0.12933981 0.29512161
v 0.25376954 -0.11349499 0.28927168
v 0.23612898 -0.1138955 0.29865068
v 0.25455123 -0.12076125 0.29927998
v 0.26773804 -0.11643443 0.27730912
v 0.25592449 -0.11605106 0.26202169
v 0.23743298 -0.10990349 0.26659667
v 0.25569099 -0.11226975 0.27531975
v 0.23733893 -0.17199724 0.31650629
v 0.25974443 -0.16123093 0.30615955
v 0.23265355 -0.1437675 0.31735286
v 0.24843499 -0.15184524 0.31332051
v 0.20439229 -0.20333242 0.30830419
v 0.22835068 -0.1968338 0.30886387
v 0.20925149 -0.18642801 0.31635242
v 0.22054974 -0.19085875 0.31405574
v 0.23853193 -0.13624306 0.25333529
v 0.22052806 -0.14723224 0.2672753
v 0.21979655 -0.16368356 0.25096422
v 0.22166074 -0.15407975 0.26225823
v 0.1959218 -0.20413199 0.30022338
v 0.19249294 -0.20754349 0.2991603
v 0.1951915 -0.20432099 0.30158701
v 0.19754493 -0.24378857 0.24078568
v 0.21454587 -0.2614178 0.18622468
v 0.24268451 -0.22898218 0.23377355
v 0.22584824 -0.21961605 0.27873033
v 0.22130399 -0.23955577 0.2393525
v 0.25021657 -0.24186082 0.16889655
v 0.2628135 -0.2001535 0.21708029
v 0.25955644 -0.19044487 0.27013886
v 0.25611001 -0.21546301 0.22574473
v 0.16241991 -0.22566187 0.22870436
v 0.16705425 -0.25694736 0.18561175
v 0.18619562 -0.22153464 0.27360642
v 0.17698374 -0.23828551 0.23637723
v 0.20657768 -0.14182849 0.1936962
v 0.16460011 -0.17848393 0.15091618
v 0.16229686 -0.18706226 0.21125817
v 0.20048074 -0.15048681 0.24066761
v 0.1819655 -0.16141301 0.20140749
v 0.14141306 -0.22508755 0.16907919
v 0.17294675 -0.19478263 0.25960424
v 0.15665298 -0.208533 0.22034424
v 0.2607505 -0.16894781 0.20294511
v 0.24611774 -0.17848005 0.14159993
v 0.24298654 -0.14527481 0.19239556
v 0.26072406 -0.13684907 0.24188542
v 0.25397801 -0.15568825 0.19678999
v 0.25741949 -0.2113223 0.15156592
v 0.26852804 -0.15891873 0.25659924
v 0.26402798 -0.18420898 0.20959448
v 0.18757644 -0.33506926 -0.09138244
v 0.2011678 -0.32667014 -0.11020625
v 0.21523861 -0.3118512 -0.09958587
v 0.20980736 -0.31760305 -0.07154893
v 0.20411199 -0.32437199 -0.09655225
v 0.11999444 -0.31434929 -0.076948
v 0.13080568 -0.33045744 -0.094471
v 0.14933519 -0.34016281 -0.08309556
v 0.13349868 -0.32321801 -0.05343112
v 0.132044 -0.32901424 -0.07929675
v 0.155198 -0.2762458 -0.0875615
v 0.13519619 -0.28815555 -0.09585237
v 0.12184968 -0.29278782 -0.07996462
v 0.13717119 -0.27223306 -0.06144581
v 0.13649599 -0.28329825 -0.08405425
v 0.11637112 -0.30600181 -0.09010455
v 0.11607237 -0.29521113 -0.05334799
v 0.11647275 -0.30270597 -0.07738325
v 0.21358688 -0.28980851 -0.09348493
v 0.19976887 -0.28485846 -0.10260719
v 0.18882675 -0.2753148 -0.08865456
v 0.20825162 -0.27052086 -0.06889956
v 0.203151 -0.28111025 -0.0904355
v 0.21579261 -0.30278974 -0.10924044
v 0.22353193 -0.29191386 -0.07455406
v 0.21800649 -0.30019274 -0.09754924
v 0.16589468 -0.34231698 -0.10321362
v 0.17277157 -0.33527654 -0.06068887
v 0.16858173 -0.341257 -0.0870105
v 0.23622374 -0.08773137 0.33880272
v 0.25287744 -0.07188587 0.34567207
v 0.23706612 -0.07867675 0.32603293
v 0.23574949 -0.08088749 0.33345824
v 0.3026258 -0.05456037 0.36633697
v 0.3125548 -0.049614 0.36513924
v 0.30368793 -0.05144562 0.35699731
v 0.28814506 -0.05680468 0.35734152
v 0.30253097 -0.05178875 0.36210203
v 0.31367936 -0.0550175 0.36801368
v 0.31493032 -0.05560074 0.36188501
v 0.31380575 -0.05019725 0.35901057
v 0.31664523 -0.05126125 0.364562
v 0.28490606 -0.0778578 0.35725376
v 0.27338641 -0.08336706 0.34238278
v 0.28011116 -0.07195405 0.34335738
v 0.2965773 -0.06859606 0.35467913
v 0.28415724 -0.0765095 0.34995651
v 0.2740913 -0.06612843 0.35799884
v 0.26932081 -0.08421582 0.35626089
v 0.29296129 -0.06464286 0.36277133
v 0.28014397 -0.07262574 0.35971751
v 0.3064894 -0.05812587 0.35455632
v 0.29176104 -0.06075787 0.3492493
v 0.30510675 -0.05416575 0.35424825
v 0.27114242 -0.06444069 0.34680101
v 0.27096825 -0.06368099 0.35274899
v 0.30733481 -0.06245112 0.36355942
v 0.307538 -0.06150275 0.35862299
v 0.30496224 -0.05912574 0.36647677
v 0.25817763 -0.0738938 0.33453488
v 0.27498149 -0.06756475 0.34298798
v 0.25069093 -0.09850063 0.34561941
v 0.26085114 -0.11558175 0.3415609
v 0.27424281 -0.10438562 0.35522055
v 0.26330223 -0.1005545 0.35134699
v 0.2459955 -0.12304337 0.31751436
v 0.23130506 -0.11483825 0.32576343
v 0.23222099 -0.12336831 0.29550144
v 0.23094475 -0.12186099 0.31101
v 0.23390349 -0.101255 0.33563274
v 0.25585311 -0.08194705 0.32424375
v 0.23693893 -0.08346162 0.30914259
v 0.24475899 -0.07905249 0.32296052
v 0.23708725 -0.11353793 0.27617755
v 0.24835024 -0.12140325 0.28496968
v 0.23453225 -0.12040524 0.28336674
v 0.26918917 -0.11382056 0.27732995
v 0.28388142 -0.12036906 0.2912212
v 0.26248249 -0.12465081 0.30339914
v 0.26565074 -0.12095075 0.287568
v 0.2539522 -0.10487849 0.27386605
v 0.23942062 -0.09344762 0.28141206
v 0.23909476 -0.10333249 0.27550551
v 0.27259105 -0.09695056 0.27923101
v 0.29064226 -0.10553418 0.27558794
v 0.27205202 -0.10494349 0.27402076
v 0.25184601 -0.08933443 0.29349625
v 0.23693074 -0.08754199 0.29395875
v 0.26600268 -0.08981762 0.31357243
v 0.28683173 -0.09599231 0.29668358
v 0.26915824 -0.09247274 0.29455125
v 0.27944749 -0.09288855 0.33660918
v 0.26737347 -0.08729274 0.32988548
v 0.29736483 -0.09710499 0.32027307
v 0.31835651 -0.09984894 0.30300739
v 0.30667468 -0.10258543 0.28373751
v 0.30283075 -0.09892849 0.29945302
v 0.30461201 -0.11537744 0.28240194
v 0.31730806 -0.11992456 0.30153486
v 0.29540705 -0.12367618 0.31506836
v 0.30048999 -0.1209795 0.29598876
v 0.30547416 -0.11799088 0.3427315
v 0.32928967 -0.113347 0.3294295
v 0.33592599 -0.09554699 0.35679802
v 0.31525522 -0.10360743 0.36581385
v 0.32168451 -0.10943725 0.35050225
v 0.32374763 -0.11063331 0.28152194
v 0.30697101 -0.10865724 0.27818599
v 0.28646779 -0.11582982 0.35248425
v 0.2985861 -0.10540938 0.36469313
v 0.28815111 -0.09916812 0.35620886
v 0.28601798 -0.106963 0.35964524
v 0.30502885 -0.09655868 0.34498193
v 0.2922025 -0.0965335 0.34113827
v 0.34191393 -0.1021133 0.29090133
v 0.36204844 -0.10040981 0.29130625
v 0.34130272 -0.11247818 0.29080736
v 0.34368151 -0.10778299 0.28530275
v 0.27537736 -0.12269819 0.32941007
v 0.29016524 -0.12168025 0.33576276
v 0.31235337 -0.09184692 0.36487844
v 0.32799214 -0.08170224 0.35357651
v 0.32525107 -0.09363813 0.32907849
v 0.317317 -0.09129524 0.34964951
v 0.32210898 -0.0836915 0.3743883
v 0.31190547 -0.09684749 0.37043628
v 0.34961229 -0.09051893 0.31293094
v 0.33461028 -0.09732125 0.30749452
v 0.34937313 -0.07287155 0.33784019
v 0.37023106 -0.06804956 0.32511669
v 0.3702273 -0.08444069 0.30528688
v 0.36138296 -0.0786155 0.31933325
v 0.37917462 -0.07607675 0.31415891
v 0.37348473 -0.09004724 0.30712536
v 0.37412425 -0.08881723 0.30131024
v 0.26073026 -0.1232375 0.32348749
v 0.32627424 -0.06697931 0.3683066
v 0.34217315 -0.05764643 0.35609328
v 0.33597949 -0.06873875 0.3551985
v 0.33204698 -0.07170055 0.37142294
v 0.33072844 -0.05647037 0.36877495
v 0.32532948 -0.0683555 0.37406301
v 0.37699249 -0.07110212 0.32837492
v 0.36592114 -0.05743394 0.34367305
v 0.37646526 -0.06525975 0.32869648
v 0.34935468 -0.05900068 0.35929983
v 0.34746724 -0.053667 0.35783875
v 0.35424524 -0.10344861 0.31436151
v 0.33616721 -0.11434675 0.30752372
v 0.35945805 -0.08076812 0.341719
v 0.36871972 -0.08643274 0.32245424
v 0.34532851 -0.07584774 0.35934174
v 0.2149458 -0.3151997 -0.12535056
v 0.22365199 -0.29878735 -0.13625681
v 0.2126781 -0.29086142 -0.11974693
v 0.21874898 -0.30201527 -0.12250749
v 0.18135631 -0.33935439 -0.12734419
v 0.2032438 -0.32983794 -0.14455269
v 0.20083425 -0.3288365 -0.12712875
v 0.22620874 -0.31203311 -0.15355469
v 0.23397743 -0.28808343 -0.16296106
v 0.21427637 -0.27983239 -0.14731806
v 0.22727799 -0.29402422 -0.14939475
v 0.18206624 -0.33994036 -0.16389012
v 0.21723075 -0.32641285 -0.17400613
v 0.20852899 -0.32864123 -0.15971098
v 0.2472022 -0.30352166 -0.182103
v 0.2682507 -0.27472135 -0.19456969
v 0.24104812 -0.26336449 -0.17854636
v 0.24810075 -0.2813225 -0.1779955
v 0.2082888 -0.33800363 -0.19656594
v 0.24824807 -0.32106638 -0.20419195
v 0.22988998 -0.32431924 -0.18884049
v 0.28920531 -0.29119655 -0.21577712
v 0.31221163 -0.26510188 -0.22980745
v 0.29011008 -0.25300335 -0.21395918
v 0.29303002 -0.26925998 -0.21275524
v 0.25739151 -0.33320182 -0.22577056
v 0.29536032 -0.30951219 -0.23467619
v 0.27404627 -0.31536024 -0.22003826
v 0.11578412 -0.29818955 -0.10438755
v 0.100986 -0.30883911 -0.11741593
v 0.11236412 -0.31969118 -0.10636856
v 0.10999175 -0.30839124 -0.103495
v 0.1441468 -0.28329575 -0.11337456
v 0.11902956 -0.28857743 -0.12243256
v 0.12821373 -0.289635 -0.10860924
v 0.11580012 -0.33147537 -0.13181087
v 0.14214043 -0.34051287 -0.12104781
v 0.12442874 -0.33154049 -0.11344525
v 0.15709374 -0.34327584 -0.14731712
v 0.16145399 -0.34318202 -0.12549901
v 0.19420598 -0.27906268 -0.13417893
v 0.17787274 -0.2795521 -0.11717881
v 0.19716748 -0.28331649 -0.11821626
v 0.09463374 -0.31867229 -0.1356955
v 0.10246631 -0.32611075 -0.15528225
v 0.12898968 -0.3376218 -0.15550519
v 0.10780674 -0.329474 -0.14515924
v 0.12589925 -0.27976006 -0.14314968
v 0.1061975 -0.28335362 -0.15173837
v 0.09960693 -0.2946175 -0.13254495
v 0.1111245 -0.28582373 -0.13743001
v 0.08788681 -0.3027789 -0.14498105
v 0.09300525 -0.30631023 -0.13172875
v 0.15201169 -0.33930337 -0.17240618
v 0.15464799 -0.34202224 -0.16211849
v 0.18497943 -0.27094262 -0.15865938
v 0.16272649 -0.27475094 -0.1477653
v 0.18974348 -0.27467525 -0.14741149
v 0.09465213 -0.29013505 -0.15855801
v 0.09300375 -0.29931375 -0.16477175
v 0.08848588 -0.31147086 -0.15688931
v 0.08746799 -0.3002195 -0.1557205
v 0.30646294 -0.24992549 -0.23616476
v 0.28268161 -0.25145107 -0.23417675
v 0.25860875 -0.248319 -0.20458987
v 0.28503525 -0.2458795 -0.22237551
v 0.12284582 -0.33027431 -0.17316925
v 0.14178836 -0.32445168 -0.18516713
v 0.17185375 -0.33743336 -0.18975785
v 0.14707975 -0.33500126 -0.18068324
v 0.10361737 -0.31438362 -0.17020505
v 0.1017965 -0.32196 -0.16397175
v 0.23188225 -0.262885 -0.19936074
v 0.2096885 -0.26324993 -0.17184698
v 0.23450675 -0.2552905 -0.18578399
v 0.17942275 -0.27575558 -0.17975032
v 0.15435281 -0.27236318 -0.17014455
v 0.18111324 -0.26865324 -0.168668
v 0.11988087 -0.27845054 -0.16815742
v 0.10694212 -0.2880083 -0.17110075
v 0.10594749 -0.28314673 -0.16349451
v 0.21897099 -0.33865481 -0.21917031
v 0.24388475 -0.32287937 -0.23378023
v 0.27834594 -0.32677736 -0.24314862
v 0.24907976 -0.33617198 -0.23320598
v 0.18626499 -0.32642054 -0.20465487
v 0.19452324 -0.33886325 -0.20363724
v 0.29553157 -0.29639831 -0.25132098
v 0.31321513 -0.28161853 -0.24550198
v 0.30026602 -0.30583351 -0.2464025
v 0.30637994 -0.26414907 -0.2492375
v 0.3155685 -0.26241049 -0.24298149
v 0.26354512 -0.28435778 -0.23454336
v 0.28792524 -0.27328074 -0.24553549
v 0.20860299 -0.29691061 -0.20378881
v 0.23658025 -0.29193249 -0.21892899
v 0.15683911 -0.30211713 -0.18829113
v 0.18118575 -0.30019801 -0.19421924
v 0.00012425 -0.20453068 0.08610599
v -0.0233245 -0.19840025 0.10543275
v -0.11821212 -0.26077726 0.1716935
v -0.0739445 -0.21564289 0.20199018
v -0.07457825 -0.2506015 0.1979945
v 0.19867855 -0.14414675 0.20111356
v 0.06658493 -0.20570875 0.10171724
v 0.13567325 -0.16841225 0.1543205
v -0.09783273 -0.2019352 0.16808724
v -0.05693506 -0.16921544 0.17459312
v -0.06827074 -0.18744699 0.19293725
v 0.25598099 -0.12074881 0.25977474
v 0.23867949 -0.12839956 0.24121093
v 0.25007897 -0.12380449 0.253975
v 0.21461024 -0.1579445 0.14015463
v 0.23963379 -0.12599794 0.23136456
v 0.22705224 -0.13855201 0.19102826
v 0.16888013 -0.279033 -0.10057818
v 0.176353 -0.26117345 -0.0667345
v 0.17274199 -0.27363899 -0.08839575
v 0.15054774 -0.2780511 -0.13198518
v 0.1604495 -0.27973997 -0.11589799
v 0.13671812 -0.27508074 -0.1592375
v 0.1422725 -0.27625748 -0.14646974
v 0.13583692 -0.282595 -0.17866012
v 0.13497901 -0.2752425 -0.17017425
v 0.12200518 -0.30260399 -0.17961643
v 0.13807374 -0.30299049 -0.18407523
v 0.10574899 -0.30074349 -0.1729595
v 0.08922907 0.40812042 0.01714006
v 0.08532343 0.41159308 0.01894006
v 0.08466143 0.4114052 0.02528575
v 0.08632999 0.40959075 0.02205325
v 0.08579181 0.41428905 0.02799712
v 0.08649324 0.41403991 0.0223825
v 0.09164437 0.41779592 0.01994243
v 0.08825649 0.41606825 0.02504774
v 0.09216387 0.4019429 0.01079749
v 0.09518086 0.407761 0.00102425
v 0.09253411 0.41136193 0.00861862
v 0.09304425 0.407705 0.00971199
v 0.08352831 0.41257488 0.02401287
v 0.08453775 0.412853 0.02767175
v 0.09288919 0.41529598 0.01216031
v 0.0989225 0.41974219 0.00803925
v 0.095668 0.41907748 0.0138
v 0.08598449 0.41130128 0.01381837
v 0.08119131 0.40952336 0.01540231
v 0.08143706 0.4107142 0.01977218
v 0.08298975 0.41078648 0.017416
v 0.08661956 0.41385918 0.01623862
v 0.08848781 0.41401767 0.009392
v 0.09318637 0.41419339 0.00574387
v 0.09028475 0.41411751 0.01078925
v 0.09643518 0.41543507 0.00345831
v 0.09171074 0.41398012 0.00199631
v 0.09301987 0.41378879 0.00093506
v 0.09350575 0.413973 0.00280025
v 0.0822965 0.41288918 0.022524
v 0.08190818 0.4131371 0.01868424
v 0.08400949 0.41353222 0.02039425
v 0.07991293 0.41102367 0.01996212
v 0.08132249 0.41168248 0.02189575
v 0.07468862 0.49363276 -0.03970437
v 0.07487824 0.495103 -0.03360024
v 0.07357125 0.49211198 -0.04491125
v 0.01952612 0.33030563 0.00081712
v 0.01812899 0.32053214 -0.01613812
v 0.01259193 0.33629173 -0.02995275
v 0.020735 0.34258955 -0.01422643
v 0.017683 0.33215451 -0.01515699
v 0.07484081 0.49387213 0.03988306
v 0.07334475 0.49518626 0.04667025
v 0.0752265 0.49222025 0.03442699
v -0.09871286 0.39648002 0.00101743
v -0.0989488 0.38347441 0.00851275
v -0.10097612 0.41151315 0.00908687
v -0.09792174 0.39637148 0.00846225
v -0.14995418 -0.29005113 0.14224501
v -0.12113787 -0.22799506 0.16315081
v -0.13746726 -0.2589285 0.15822149
v -0.10340824 -0.20740276 0.15425676
v 0.007753 -0.2242733 0.0650998
v 0.03702906 -0.21977904 0.04523349
v 0.0209045 -0.21256852 0.06609024
v -0.15878869 -0.32467436 0.08876781
v -0.15615651 -0.31121099 0.1179975
v -0.01721056 -0.17321449 0.12325656
v -0.03931549 -0.16414974 0.15071524
v -0.17840232 -0.31436836 0.05359594
v -0.16279344 -0.33682107 0.03120068
v -0.16056525 -0.33270749 0.05784475
v -0.15584905 -0.13249556 0.08160968
v -0.17647087 -0.1658208 0.04339525
v -0.18776136 -0.21877943 0.06123849
v -0.17350949 -0.17099174 0.07124099
v 0.02368718 -0.22787275 0.07031887
v -0.006743 -0.29826051 0.02735506
v 0.0197345 -0.25595375 0.0585665
v -0.00712731 -0.2293725 0.06836875
v 0.01665731 -0.25527614 0.036869
v -0.0043305 -0.23410676 0.062269
v 0.00758125 -0.19737425 0.09416998
v -0.1895785 -0.27224549 0.02894518
v -0.18842999 -0.27148199 0.055042
v -0.13629579 -0.09203156 0.09647449
v -0.1494178 -0.10049943 0.06164831
v -0.14495474 -0.10766749 0.08890475
v -0.13659495 -0.07257343 0.07813562
v -0.1253415 -0.08111175 0.10766725
v 0.102301 0.44263297 0.00101793
v 0.1007523 0.43974131 -0.0027495
v 0.10317625 0.44598361 -0.00242487
v 0.10150151 0.44278299 -0.00260925
v 0.10114562 0.43669414 0.00102175
v 0.10071475 0.43685123 -0.00280075
v 0.10776475 0.45349404 -0.00205856
v 0.1066195 0.44937026 0.00101793
v 0.10599049 0.4493505 -0.00224125
v 0.09321937 0.47751024 -0.00189531
v 0.10275118 0.46505582 -0.00174156
v 0.09815624 0.4707005 -0.00169725
v 0.09591238 0.52469289 -0.00787206
v 0.09251337 0.51007038 0.00101793
v 0.08731987 0.49829459 -0.003624
v 0.09224925 0.5102998 -0.005458
v 0.10631949 0.45902475 -0.001877
v 0.08862525 0.48703652 -0.002487
v 0.04210856 0.35900765 -0.01198968
v 0.02925 0.35149374 -0.01301775
v 0.05965624 0.36458808 0.001018
v 0.05819124 0.36527174 -0.01160099
v 0.09216387 0.40194287 -0.00879918
v 0.09178137 0.39538449 0.00087431
v 0.09010125 0.39532852 -0.00957774
v 0.08025325 0.56244134 -0.01356025
v 0.09168237 0.54259085 0.00101793
v 0.09080824 0.54311472 -0.01074925
v 0.05116537 0.59474867 -0.01707093
v 0.06756374 0.57954871 -0.01577575
v -0.05345618 0.6182729 -0.01191406
v 0.00381168 0.61787653 -0.01601081
v -0.02455799 0.62083423 -0.01382525
v -0.10517443 0.59866303 -0.01232212
v -0.08071374 0.61123925 -0.011627
v -0.13494749 0.46591574 0.001018
v -0.1408665 0.48022776 -0.01209256
v -0.13347999 0.46565747 -0.011576
v -0.1478315 0.51369696 -0.01390143
v -0.14803299 0.53484094 0.00101793
v -0.14022699 0.55699938 -0.014207
v -0.14679999 0.53456646 -0.01434449
v -0.12568199 0.57947397 -0.0133575
v -0.14702025 0.49613273 0.00101793
v -0.14575199 0.49591249 -0.01300925
v 0.02948375 0.60835301 -0.017121
v 0.02525399 0.29094281 -0.01938762
v 0.02010799 0.30806601 -0.01749849
v 0.03720349 0.26390045 0.00067068
v 0.03520099 0.26534926 -0.02195499
v -0.12095374 0.32383692 -0.01464943
v -0.11182899 0.34520614 0.001018
v -0.111362 0.34483224 -0.01012525
v -0.14572443 0.25197443 -0.02932631
v -0.13430899 0.2892965 -0.0219595
v -0.15014831 0.19730399 -0.03771381
v -0.15354606 0.14473988 -0.04536825
v -0.1522015 0.17201174 -0.0420765
v -0.15009073 0.11554262 0.00101768
v -0.15207174 0.11347074 -0.0458485
v 0.08939862 0.0073325 -0.02361781
v 0.08554062 -0.04409568 0.00101806
v 0.07882318 -0.08877387 -0.02419837
v 0.08517475 -0.04250074 -0.02448549
v 0.07246937 -0.12799799 0.00101843
v 0.06624393 -0.15813832 -0.02158906
v 0.072351 -0.12704874 -0.022875
v 0.05494493 -0.203765 -0.02157125
v 0.06098775 -0.18285548 -0.02141425
v -0.19138057 -0.27164036 0.00157968
v -0.18891525 -0.21470356 -0.01356543
v -0.19081024 -0.27197751 -0.010245
v 0.07995587 0.13886874 0.00102662
v 0.08622975 0.10179843 -0.02203974
v 0.08041225 0.14129801 -0.02928425
v -0.14949674 0.22263425 -0.03402075
v 0.08948774 0.05628775 -0.02147675
v 0.09253411 0.41136193 -0.00658606
v 0.09304425 0.407705 -0.007668
v 0.09999975 0.41936087 0.00101862
v 0.09643518 0.41543507 -0.00144762
v 0.100003 0.41961926 -0.0020425
v 0.08757469 0.41074103 -0.00412287
v 0.09300711 0.41180163 0.00100256
v 0.09042525 0.41166073 -0.00595525
v 0.09171075 0.41398012 -0.000141
v 0.09350575 0.41397297 -0.000875
v 0.04958268 -0.22436255 0.00104449
v 0.046478 -0.22343149 -0.02128075
v -0.05175381 -0.33383482 -0.00840287
v -0.01411187 -0.31109288 0.00098425
v -0.01487899 -0.31100624 -0.00862774
v -0.09976562 -0.34303212 0.0019505
v -0.09803224 -0.342354 -0.01036975
v -0.17676317 -0.16414782 0.00071581
v -0.17587274 -0.16414776 -0.01909275
v 0.10256112 0.42488724 0.00455206
v 0.10131056 0.43363151 0.004829
v 0.1024615 0.42960077 0.00476725
v 0.10317625 0.44598361 0.0044605
v 0.1007523 0.43974131 0.00478668
v 0.1015015 0.44278299 0.004645
v 0.10071474 0.43685126 0.00484175
v 0.1059905 0.4493505 0.004277
v 0.09591237 0.52469289 0.00990793
v 0.09224925 0.51029974 0.00749375
v 0.07263243 0.37050655 0.01359599
v 0.05819074 0.3652755 0.013637
v 0.0843563 0.37908256 0.0134135
v 0.08056899 0.37491375 0.013611
v 0.08783662 0.38887575 0.01194724
v 0.08635024 0.3835985 0.012735
v 0.09010125 0.39532849 0.011422
v 0.09080825 0.54311472 0.012785
v -0.12357493 0.44988513 0.01277456
v -0.11113375 0.43059402 0.01089525
v -0.14086648 0.48022776 0.0141285
v -0.13347999 0.4656575 0.013612
v -0.1478315 0.51369696 0.01593706
v -0.14680001 0.53456652 0.01638025
v -0.14575201 0.49591249 0.015045
v -0.10492537 0.35851734 0.00973775
v -0.10103549 0.37112724 0.00872975
v 0.04731575 0.23588612 0.02795956
v 0.035161 0.26542848 0.02354275
v -0.11136199 0.34483224 0.01216125
v -0.14893724 0.08023993 0.04756956
v -0.15207324 0.11347075 0.04788325
v -0.13986037 -0.051348 0.04570681
v -0.14201025 0.01329474 0.04919025
v -0.13995425 -0.02182999 0.04828799
v 0.07882481 -0.08877481 0.02623537
v 0.08517974 -0.04250799 0.02652174
v 0.07235249 -0.12704524 0.02491375
v -0.19062799 -0.21468487 0.01528243
v -0.18153087 -0.31899824 0.01292418
v -0.19076599 -0.27201399 0.01288375
v 0.07002706 0.17590825 0.03739306
v 0.07919025 0.14129099 0.03133275
v -0.14529374 0.04708299 0.048478
v 0.05917 0.20674298 0.0344225
v 0.100003 0.41961926 0.004079
v 0.08757469 0.41074103 0.00590606
v 0.09042524 0.41166073 0.0079705
v -0.14087194 -0.34248185 0.01585718
v -0.1667805 -0.33852601 0.014808
v 0.03685637 -0.24269338 0.02166193
v 0.04651074 -0.22342774 0.02338374
v 0.01194381 -0.28468826 0.01298493
v -0.05174468 -0.33421093 0.01057787
v -0.01471249 -0.31174224 0.01056975
v -0.09816224 -0.34275049 0.01339375
v -0.16091312 -0.12399643 0.02699412
v -0.17725899 -0.16412249 0.020716
v 0.02723375 -0.26239275 0.017439
v -0.14678418 -0.08107756 0.03642018
v -0.14246325 -0.06831599 0.04138224
v -0.1518445 -0.09797624 0.0319265
v 0.01768349 0.33215302 0.01692549
v -0.01600799 0.35341846 0.06034199
v -0.04913475 0.34260574 -0.06990824
v -0.07553024 0.38918268 -0.051409
v -0.08741894 0.39359992 -0.03497937
v -0.08157099 0.3916625 -0.044155
v -0.09568937 0.39592242 -0.0147185
v -0.09215674 0.39500922 -0.02470149
v -0.09792175 0.39637148 -0.0064275
v -0.06471994 0.382229 -0.05893856
v -0.05814575 0.37710678 -0.06170325
v -0.070214 0.38614624 -0.05592199
v -0.00513362 0.34706491 -0.05219881
v 0.00469075 0.34130948 -0.042526
v -0.01599425 0.35341501 -0.05829324
v 0.26136505 -0.12077218 0.25866892
v 0.23515813 -0.12790873 0.2534185
v 0.25088799 -0.12077175 0.253259
v 0.26897424 -0.15532237 0.28838878
v 0.27020335 -0.13105075 0.27656331
v 0.27120623 -0.14134399 0.28300148
v 0.26736325 -0.124196 0.26744473
v 0.19375087 -0.16746069 0.27199468
v 0.18428693 -0.19949987 0.28699782
v 0.184339 -0.18532249 0.28028774
v 0.21340149 -0.14589725 0.26135098
v 0.20816066 -0.21332012 0.29728657
v 0.19271574 -0.21001 0.29289251
v 0.24928119 -0.19133675 0.29876738
v 0.26210975 -0.17323249 0.29435473
v 0.229157 -0.20589748 0.29949474
v 0.22479572 -0.11870449 0.23681592
v 0.2254011 -0.15099382 0.2270141
v 0.22727999 -0.13299474 0.22683376
v 0.19465655 -0.2104007 0.2826792
v 0.18973162 -0.20256233 0.30649331
v 0.18979424 -0.210766 0.29512023
v 0.2085261 -0.19350081 0.25401407
v 0.21793249 -0.17328751 0.23805776
v 0.20886486 -0.15704749 0.32278376
v 0.19795322 -0.18199726 0.317036
v 0.22035849 -0.11874388 0.3102352
v 0.21687224 -0.13568975 0.319772
v 0.21521343 -0.1026075 0.27838444
v 0.21917499 -0.10753724 0.25626
v 0.21770675 -0.10702975 0.29640775
v 0.200834 -0.20525874 0.26893249
v 0.19274126 -0.12684074 -0.26313254
v 0.2532767 -0.11676725 -0.26232481
v 0.22141449 -0.11898125 -0.259543
v 0.2703858 -0.12602138 -0.2769081
v 0.26813137 -0.1497233 -0.28842312
v 0.27104198 -0.13609875 -0.28270924
v 0.26703226 -0.11934574 -0.26911324
v 0.18945919 -0.1877388 -0.30633509
v 0.193181 -0.15820005 -0.28992173
v 0.19095948 -0.17398949 -0.29992473
v 0.18855249 -0.14119875 -0.27545824
v 0.20995868 -0.20297199 -0.31077003
v 0.19625124 -0.19861975 -0.31002074
v 0.248107 -0.18414592 -0.30328142
v 0.2607845 -0.16704049 -0.29595625
v 0.2292045 -0.19713524 -0.30837151
v 0.12638793 -0.19468569 -0.15083931
v 0.1247255 -0.16985374 -0.1520085
v 0.190474 -0.10685499 -0.24275022
v 0.097036 -0.26124656 -0.22203898
v 0.11531062 -0.24943667 -0.17846375
v 0.10694123 -0.26090174 -0.19971524
v 0.12252125 -0.224289 -0.16091476
v 0.06979681 -0.17609962 -0.27727288
v 0.07512106 -0.23536886 -0.26035007
v 0.0703805 -0.20735901 -0.27301248
v 0.08521775 -0.25303351 -0.24280475
v 0.0766875 -0.12808388 -0.2536678
v 0.07217074 -0.14868649 -0.26961201
v 0.08253225 -0.117256 -0.23307825
v 0.20178937 -0.24312925 -0.02381
v 0.16382917 -0.24166569 -0.02102131
v 0.19382271 -0.21203541 0.03183025
v 0.18403099 -0.23925176 -0.02297825
v 0.16016855 -0.31934249 -0.00402043
v 0.202142 -0.31290787 -0.01379187
v 0.1931035 -0.29973894 0.05791681
v 0.18172049 -0.31965023 -0.00804799
v 0.22850744 -0.28895175 -0.02593162
v 0.22585868 -0.26290327 -0.02657493
v 0.23883906 -0.25519001 0.03212731
v 0.23051025 -0.27564275 -0.027375
v 0.22558286 -0.22781331 0.02993325
v 0.21600851 -0.25153923 -0.02519775
v 0.12583461 -0.26639837 -0.01061418
v 0.12628512 -0.29423981 -0.00306962
v 0.12775999 -0.26154217 0.05307368
v 0.12094574 -0.2802245 -0.00601574
v 0.14915469 -0.22716343 0.04018006
v 0.14227974 -0.25213 -0.016258
v 0.14989474 -0.29120042 0.061462
v 0.14052474 -0.30907577 -0.00238274
v 0.22889292 -0.28232938 0.04337275
v 0.21839448 -0.30202424 -0.0205785
v 0.12818467 -0.204234 -0.05310412
v 0.08265949 -0.23179969 -0.00694437
v 0.11660743 -0.23464331 0.00445037
v 0.10070674 -0.23034448 -0.00037025
v 0.130104 -0.2899118 -0.07919287
v 0.11867725 -0.30266568 -0.00591324
v 0.08132682 -0.30723774 -0.02634168
v 0.10068775 -0.30852875 -0.016855
v 0.16976425 -0.24591802 -0.04234987
v 0.13816587 -0.25313156 0.01291075
v 0.14059618 -0.27861163 0.01209756
v 0.14222049 -0.26542651 0.01437624
v 0.15668837 -0.22009894 -0.04380037
v 0.129361 -0.24255473 0.00923974
v 0.06953118 -0.24902156 -0.08936031
v 0.05040887 -0.28172946 -0.03470949
v 0.04899206 -0.25447344 -0.02683837
v 0.045102 -0.26784652 -0.03279524
v 0.08873931 -0.21670094 -0.07130287
v 0.06346625 -0.24115026 -0.01699424
v 0.09068406 -0.27911028 -0.09285074
v 0.06352549 -0.29658225 -0.03242575
v 0.16147238 -0.27317518 -0.05605318
v 0.13236425 -0.29185897 0.004536
v 0.22591394 -0.27358242 0.11646369
v 0.24782231 -0.25005337 0.09858968
v 0.24032224 -0.26321223 0.10731849
v 0.14136111 -0.26014632 0.11961232
v 0.18065518 -0.28212714 0.12811049
v 0.15838125 -0.27420502 0.12571676
v 0.18014293 -0.18570093 0.09004361
v 0.13678981 -0.22322224 0.10452243
v 0.155129 -0.20150774 0.09653925
v 0.13318225 -0.24296025 0.11238049
v 0.24391624 -0.21804681 0.08781749
v 0.22333544 -0.19095274 0.08550275
v 0.236136 -0.202991 0.08575674
v 0.248416 -0.23436623 0.09209224
v 0.20459549 -0.28090351 0.12421025
v 0.20377475 -0.183686 0.08664824
v 0.19738069 -0.23696231 -0.10462287
v 0.17679838 -0.26464581 -0.1287063
v 0.19006025 -0.25211674 -0.11561374
v 0.1366855 -0.2706646 -0.15051344
v 0.10026062 -0.24696442 -0.15112856
v 0.11623974 -0.26153197 -0.15320424
v 0.09567917 -0.21156856 -0.13760206
v 0.135911 -0.17867648 -0.11409487
v 0.11307899 -0.19224751 -0.12572425
v 0.09240675 -0.23005874 -0.14599899
v 0.17179438 -0.18437287 -0.10138462
v 0.19397324 -0.20859938 -0.09610024
v 0.18486249 -0.195331 -0.09753424
v 0.19841548 -0.22246649 -0.09829074
v 0.15793925 -0.2712655 -0.14134348
v 0.15547999 -0.1774365 -0.10644325
v 0.08262987 0.4110465 -0.005623
v 0.08273849 0.41082689 0.00618475
v 0.08483949 0.41074252 0.00056375
v 0.08364374 0.41168195 0.00518256
v 0.08148019 0.4099543 0.0144
v 0.08179049 0.41015601 0.01082025
v 0.08438894 0.41243436 0.01271087
v 0.08129224 0.41144627 0.01685375
v 0.08082843 0.41127204 -0.01340875
v 0.08310062 0.41278004 -0.00545018
v 0.081356 0.41103446 -0.01022075
v 0.08713937 0.41409289 -0.00403281
v 0.0876825 0.41299474 0.00481643
v 0.08560749 0.41309875 0.000002
v 0.09101793 0.41418641 0.00324768
v 0.0881315 0.41347226 0.00767375
v 0.08373718 0.41375213 -0.01150937
v 0.08085775 0.41232475 -0.01536625
v 0.09090931 0.41440606 -0.00144756
v 0.08769699 0.41435074 -0.00623325
v 0.09154625 0.41420352 0.000938
vt 0.8358 0.5127
vt 0.8318 0.5087
vt 0.8363 0.50605
vt 0.83795 0.5098
vt 0.8278 0.5047
vt 0.83465 0.5023
vt 0.8415 0.4999
vt 0.8408 0.5034
vt 0.8401 0.5069
vt 0.83082 0.51662
vt 0.82635 0.51595
vt 0.8353 0.5173
vt 0.8348 0.5219
vt 0.82985 0.52455
vt 0.8249 0.5272
vt 0.8203 0.4978
vt 0.82405 0.50125
vt 0.82347 0.5157
vt 0.8206 0.51545
vt 0.8229 0.53015
vt 0.8209 0.5331
vt 0.80935 0.51882
vt 0.8087 0.5013
vt 0.81 0.53635
vt 0.7991 0.5396
vt 0.7981 0.5222
vt 0.7971 0.5048
vt 0.82732 0.53785
vt 0.8241 0.54145
vt 0.83055 0.53425
vt 0.8362 0.5413
vt 0.83175 0.54555
vt 0.8273 0.5498
vt 0.81307 0.54702
vt 0.81615 0.5577
vt 0.805 0.5656
vt 0.80205 0.5526
vt 0.82217 0.5734
vt 0.8108 0.58185
vt 0.83355 0.56495
vt 0.8398 0.5801
vt 0.8282 0.5891
vt 0.8166 0.5981
vt 0.84875 0.55295
vt 0.84115 0.55895
vt 0.8613 0.5646
vt 0.85055 0.57235
vt 0.8336 0.52975
vt 0.83665 0.52525
vt 0.8385 0.5286
vt 0.83735 0.53495
vt 0.822 0.60985
vt 0.8118 0.62162
vt 0.80165 0.6146
vt 0.8274 0.6216
vt 0.82195 0.62865
vt 0.8165 0.6357
vt 0.8016 0.6334
vt 0.7867 0.6311
vt 0.8175 0.6549
vt 0.81025 0.6628
vt 0.80592 0.6481
vt 0.817 0.6453
vt 0.803 0.6707
vt 0.79485 0.6509
vt 0.8761 0.5261
vt 0.86475 0.52545
vt 0.86142 0.51605
vt 0.87085 0.5157
vt 0.8534 0.5248
vt 0.852 0.5164
vt 0.8506 0.508
vt 0.8581 0.50665
vt 0.8656 0.5053
vt 0.83465 0.60147
vt 0.8473 0.5931
vt 0.8548 0.6061
vt 0.8411 0.61385
vt 0.8418 0.6335
vt 0.8483 0.6198
vt 0.8544 0.6227
vt 0.84695 0.6334
vt 0.86185 0.612
vt 0.8689 0.6179
vt 0.8605 0.6256
vt 0.8521 0.6333
vt 0.8399 0.6231
vt 0.8387 0.63235
vt 0.8356 0.6312
vt 0.8315 0.6264
vt 0.835 0.6582
vt 0.83115 0.67085
vt 0.8207 0.66682
vt 0.82625 0.65655
vt 0.8273 0.6835
vt 0.81515 0.6771
vt 0.85922 0.58127
vt 0.8679 0.5902
vt 0.87115 0.56945
vt 0.881 0.5743
vt 0.8729 0.5023
vt 0.8759 0.50035
vt 0.88045 0.50452
vt 0.87965 0.50905
vt 0.8789 0.4984
vt 0.88125 0.5
vt 0.8836 0.5016
vt 0.885 0.5087
vt 0.8864 0.5158
vt 0.8892 0.50985
vt 0.8926 0.518
vt 0.8858 0.5017
vt 0.888 0.5018
vt 0.8934 0.511
vt 0.8988 0.5202
vt 0.8861 0.489
vt 0.88665 0.4861
vt 0.89097 0.48597
vt 0.8904 0.4889
vt 0.8872 0.4832
vt 0.89155 0.48305
vt 0.8959 0.4829
vt 0.8953 0.48585
vt 0.8947 0.4888
vt 0.88705 0.4954
vt 0.89207 0.49405
vt 0.89375 0.4992
vt 0.8971 0.4927
vt 0.8995 0.4966
vt 0.8441 0.5205
vt 0.84395 0.5168
vt 0.84797 0.5166
vt 0.84875 0.52265
vt 0.8438 0.5131
vt 0.8472 0.51055
vt 0.84605 0.50395
vt 0.844 0.50697
vt 0.84195 0.51
vt 0.9132 0.5505
vt 0.9065 0.5665
vt 0.89627 0.56157
vt 0.90215 0.54475
vt 0.8998 0.5825
vt 0.8904 0.5784
vt 0.88605 0.55665
vt 0.8911 0.539
vt 0.8836 0.53255
vt 0.8881 0.52527
vt 0.89495 0.5296
vt 0.88125 0.52095
vt 0.8687 0.54535
vt 0.87737 0.551
vt 0.8448 0.53305
vt 0.85675 0.5392
vt 0.84305 0.5288
vt 0.8413 0.52455
vt 0.87612 0.5952
vt 0.88435 0.6002
vt 0.87685 0.6262
vt 0.86665 0.635
vt 0.8848 0.6345
vt 0.8728 0.6444
vt 0.8608 0.6543
vt 0.85645 0.6438
vt 0.8384 0.64585
vt 0.84742 0.64482
vt 0.8479 0.65625
vt 0.83247 0.64445
vt 0.82655 0.64305
vt 0.82425 0.63585
vt 0.85652 0.67125
vt 0.86515 0.68625
vt 0.8819 0.67165
vt 0.903 0.689
vt 0.8985 0.6449
vt 0.8902 0.65827
vt 0.9122 0.6553
vt 0.9076 0.67215
vt 0.78702 0.66195
vt 0.7763 0.6418
vt 0.79775 0.6821
vt 0.7925 0.6935
vt 0.7792 0.673
vt 0.7659 0.6525
vt 0.76555 0.69057
vt 0.7498 0.67255
vt 0.7813 0.7086
vt 0.7701 0.7237
vt 0.7519 0.70815
vt 0.7337 0.6926
vt 0.74175 0.72065
vt 0.72205 0.7054
vt 0.76145 0.7359
vt 0.7528 0.7481
vt 0.7316 0.73315
vt 0.7104 0.7182
vt 0.7973 0.59397
vt 0.7838 0.6061
vt 0.7809 0.5811
vt 0.79295 0.57335
vt 0.89447 0.60717
vt 0.9046 0.61415
vt 0.9121 0.58815
vt 0.9244 0.5938
vt 0.92465 0.55505
vt 0.91837 0.5716
vt 0.9361 0.5596
vt 0.93025 0.5767
vt 0.9167 0.5174
vt 0.9288 0.52125
vt 0.92672 0.53815
vt 0.91495 0.53395
vt 0.9409 0.5251
vt 0.9385 0.54235
vt 0.90495 0.53177
vt 0.90775 0.5188
vt 0.9059 0.5037
vt 0.90875 0.5048
vt 0.90825 0.5118
vt 0.90235 0.51195
vt 0.9116 0.5059
vt 0.91415 0.51165
vt 0.89805 0.50557
vt 0.9027 0.50015
vt 0.9208 0.50655
vt 0.92505 0.51115
vt 0.91655 0.50195
vt 0.9215 0.498
vt 0.92745 0.50145
vt 0.9334 0.5049
vt 0.8819 0.7679
vt 0.88725 0.7509
vt 0.91017 0.75387
vt 0.9057 0.7678
vt 0.8926 0.7339
vt 0.91465 0.73995
vt 0.9367 0.746
vt 0.9331 0.75685
vt 0.9295 0.7677
vt 0.9313 0.6864
vt 0.92545 0.7032
vt 0.93715 0.6696
vt 0.9621 0.6839
vt 0.955 0.70065
vt 0.9479 0.7174
vt 0.88375 0.49535
vt 0.8854 0.49537
vt 0.8839 0.4891
vt 0.885 0.48905
vt 0.8796 0.4934
vt 0.88167 0.49437
vt 0.8803 0.4884
vt 0.8821 0.48875
vt 0.8744 0.4916
vt 0.8744 0.4889
vt 0.877 0.49115
vt 0.87665 0.495
vt 0.8744 0.4862
vt 0.87735 0.4873
vt 0.86925 0.5038
vt 0.8657 0.49965
vt 0.86985 0.4979
vt 0.86155 0.5014
vt 0.8575 0.4975
vt 0.86215 0.4955
vt 0.8668 0.4935
vt 0.8706 0.49255
vt 0.87325 0.49645
vt 0.8538 0.50267
vt 0.8495 0.4987
vt 0.87525 0.51237
vt 0.83165 0.49845
vt 0.82865 0.4946
vt 0.837 0.4914
vt 0.83925 0.49565
vt 0.84757 0.49442
vt 0.84565 0.49015
vt 0.8543 0.4889
vt 0.8559 0.4932
vt 0.8612 0.49167
vt 0.86025 0.48785
vt 0.8662 0.4868
vt 0.8665 0.49015
vt 0.87045 0.48952
vt 0.8703 0.4865
vt 0.9427 0.5064
vt 0.9418 0.51575
vt 0.93342 0.51345
vt 0.93805 0.50565
vt 0.4141 0.95
vt 0.40785 0.9487
vt 0.41337 0.94262
vt 0.4197 0.94435
vt 0.4016 0.9474
vt 0.40705 0.9409
vt 0.4125 0.9344
vt 0.4189 0.93655
vt 0.4253 0.9387
vt 0.93925 0.5843
vt 0.9299 0.6023
vt 0.9486 0.5663
vt 0.9611 0.573
vt 0.94825 0.5919
vt 0.9354 0.6108
vt 0.9142 0.6236
vt 0.9238 0.63305
vt 0.9477 0.50685
vt 0.94705 0.515
vt 0.9527 0.5073
vt 0.9523 0.51425
vt 0.9519 0.5212
vt 0.9464 0.52315
vt 0.9475 0.54472
vt 0.9565 0.5471
vt 0.94905 0.49502
vt 0.95385 0.49525
vt 0.94425 0.4948
vt 0.9458 0.4832
vt 0.9504 0.4832
vt 0.955 0.4832
vt 0.9625 0.53267
vt 0.9727 0.5511
vt 0.9685 0.51825
vt 0.9843 0.5292
vt 0.9367 0.4832
vt 0.94125 0.4832
vt 0.93965 0.49442
vt 0.93505 0.49405
vt 0.86007 0.70405
vt 0.82235 0.69665
vt 0.8978 0.71145
vt 0.855 0.72185
vt 0.8174 0.7098
vt 0.84797 0.7387
vt 0.8087 0.7265
vt 0.84095 0.75555
vt 0.8 0.7432
vt 0.39455 0.9487
vt 0.39995 0.9404
vt 0.3875 0.95
vt 0.39285 0.9399
vt 0.3982 0.9298
vt 0.40535 0.9321
vt 0.4265 0.9572
vt 0.4203 0.9536
vt 0.42542 0.94687
vt 0.43115 0.9494
vt 0.43055 0.94015
vt 0.4358 0.9416
vt 0.9423 0.7317
vt 0.92005 0.72157
vt 0.81005 0.68937
vt 0.80495 0.70165
vt 0.795 0.71755
vt 0.78505 0.73345
vt 0.75935 0.63065
vt 0.77157 0.61837
vt 0.7528 0.6088
vt 0.76685 0.59495
vt 0.765 0.5154
vt 0.78105 0.5101
vt 0.78312 0.52787
vt 0.76815 0.53355
vt 0.7852 0.54565
vt 0.7713 0.5517
vt 0.78907 0.5595
vt 0.7761 0.5664
vt 0.7217 0.6706
vt 0.74052 0.65062
vt 0.7097 0.6486
vt 0.73125 0.6287
vt 0.6913 0.6899
vt 0.7065 0.68025
vt 0.6722 0.6616
vt 0.69095 0.6551
vt 0.762 0.57855
vt 0.75715 0.56215
vt 0.7479 0.5907
vt 0.743 0.5726
vt 0.72702 0.61115
vt 0.7228 0.5936
vt 0.70615 0.6316
vt 0.7026 0.6146
vt 0.7259 0.5329
vt 0.73445 0.55275
vt 0.71172 0.57767
vt 0.70065 0.56175
vt 0.689 0.6026
vt 0.6754 0.5906
vt 0.74545 0.52415
vt 0.7513 0.54315
vt 0.68997 0.62885
vt 0.6738 0.6261
vt 0.9267 0.77915
vt 0.9029 0.7776
vt 0.9239 0.7906
vt 0.9001 0.7874
vt 0.8763 0.7842
vt 0.8791 0.77605
vt 0.7906 0.7662
vt 0.7953 0.7547
vt 0.8372 0.76537
vt 0.83345 0.7752
vt 0.77837 0.7453
vt 0.7717 0.75715
vt 0.89727 0.80042
vt 0.8733 0.7974
vt 0.92125 0.80345
vt 0.9186 0.8163
vt 0.89445 0.81345
vt 0.8703 0.8106
vt 0.43575 0.92325
vt 0.4292 0.91907
vt 0.43435 0.91033
vt 0.44097 0.91552
vt 0.42265 0.9149
vt 0.42772 0.90515
vt 0.4328 0.8954
vt 0.4395 0.9016
vt 0.4462 0.9078
vt 0.4123 0.91007
vt 0.41577 0.89906
vt 0.40195 0.90525
vt 0.40382 0.89297
vt 0.4057 0.8807
vt 0.41925 0.88805
vt 0.4596 0.9468
vt 0.45695 0.94375
vt 0.4607 0.94045
vt 0.4629 0.94375
vt 0.4543 0.9407
vt 0.4585 0.93715
vt 0.4627 0.9336
vt 0.46445 0.93715
vt 0.4662 0.9407
vt 0.4509 0.9366
vt 0.45592 0.93255
vt 0.4475 0.9325
vt 0.45335 0.92795
vt 0.4592 0.9234
vt 0.46095 0.9285
vt 0.47485 0.971
vt 0.4733 0.96737
vt 0.47515 0.96588
vt 0.47622 0.96985
vt 0.47175 0.96375
vt 0.47407 0.96192
vt 0.4764 0.9601
vt 0.477 0.9644
vt 0.4776 0.9687
vt 0.46922 0.95987
vt 0.47176 0.95786
vt 0.4667 0.956
vt 0.46945 0.9538
vt 0.4722 0.9516
vt 0.4743 0.95585
vt 0.46617 0.94877
vt 0.46315 0.9514
vt 0.4692 0.94615
vt 0.44165 0.93705
vt 0.43608 0.93401
vt 0.44162 0.92787
vt 0.43052 0.93097
vt 0.42557 0.8625
vt 0.43915 0.8709
vt 0.412 0.8541
vt 0.4183 0.8275
vt 0.4319 0.83695
vt 0.4455 0.8464
vt 0.4527 0.9156
vt 0.46472 0.90252
vt 0.471 0.91075
vt 0.45845 0.8943
vt 0.4707 0.8808
vt 0.47675 0.88945
vt 0.4828 0.8981
vt 0.47292 0.91705
vt 0.47485 0.92335
vt 0.4849 0.9056
vt 0.487 0.9131
vt 0.47952 0.9364
vt 0.4811 0.94205
vt 0.47795 0.93075
vt 0.4897 0.9208
vt 0.48985 0.92665
vt 0.49 0.9325
vt 0.48282 0.94707
vt 0.48455 0.9521
vt 0.49135 0.9383
vt 0.4927 0.9441
vt 0.4488 0.8826
vt 0.4581 0.8636
vt 0.4924 0.8712
vt 0.5001 0.8833
vt 0.4847 0.8591
vt 0.4987 0.8374
vt 0.50805 0.85295
vt 0.5174 0.8685
vt 0.5038 0.89232
vt 0.5075 0.90135
vt 0.5227 0.87905
vt 0.528 0.8896
vt 0.5373 0.8589
vt 0.52815 0.8431
vt 0.54335 0.84175
vt 0.55035 0.8556
vt 0.519 0.8273
vt 0.53635 0.8279
vt 0.5537 0.8285
vt 0.55855 0.8404
vt 0.5634 0.8523
vt 0.5501 0.8825
vt 0.5437 0.8707
vt 0.55575 0.86677
vt 0.56115 0.87795
vt 0.5678 0.86285
vt 0.5722 0.8734
vt 0.59917 0.8354
vt 0.601 0.84635
vt 0.59735 0.82445
vt 0.641 0.8204
vt 0.6398 0.8304
vt 0.6386 0.8404
vt 0.60375 0.85765
vt 0.6065 0.86895
vt 0.6397 0.85245
vt 0.6408 0.8645
vt 0.64872 0.83207
vt 0.64695 0.8424
vt 0.6505 0.82175
vt 0.66 0.8231
vt 0.65765 0.83375
vt 0.6553 0.8444
vt 0.64867 0.8526
vt 0.6504 0.8628
vt 0.65765 0.85275
vt 0.66 0.8611
vt 0.7041 0.82945
vt 0.70325 0.83675
vt 0.70495 0.82215
vt 0.7499 0.8212
vt 0.75055 0.82515
vt 0.7512 0.8291
vt 0.70455 0.84365
vt 0.70585 0.85055
vt 0.75145 0.83455
vt 0.7517 0.84
vt 0.4764 0.92705
vt 0.48835 0.91695
vt 0.5583 0.8924
vt 0.5449 0.89415
vt 0.53905 0.88605
vt 0.5665 0.9023
vt 0.55075 0.90225
vt 0.535 0.9022
vt 0.5315 0.8959
vt 0.50992 0.90642
vt 0.51235 0.9115
vt 0.6413 0.86975
vt 0.60827 0.87557
vt 0.6418 0.875
vt 0.61005 0.8822
vt 0.5783 0.8894
vt 0.57525 0.8814
vt 0.54085 0.8068
vt 0.59112 0.8076
vt 0.528 0.7851
vt 0.5849 0.79075
vt 0.6418 0.7964
vt 0.6414 0.8084
vt 0.5078 0.81015
vt 0.52432 0.80847
vt 0.4966 0.793
vt 0.5123 0.78905
vt 0.53705 0.76795
vt 0.5882 0.77867
vt 0.5461 0.7508
vt 0.5915 0.7666
vt 0.6369 0.7824
vt 0.63935 0.7894
vt 0.4677 0.7574
vt 0.48215 0.7752
vt 0.46907 0.78675
vt 0.452 0.77245
vt 0.48615 0.80105
vt 0.4757 0.8091
vt 0.456 0.7983
vt 0.4363 0.7875
vt 0.5124 0.7679
vt 0.52415 0.75575
vt 0.4968 0.7507
vt 0.51125 0.74355
vt 0.5257 0.7364
vt 0.5359 0.7436
vt 0.4606 0.82775
vt 0.47265 0.84342
vt 0.4872 0.82325
vt 0.56165 0.74865
vt 0.59865 0.76085
vt 0.5772 0.7465
vt 0.6058 0.7551
vt 0.6344 0.7637
vt 0.63565 0.77305
vt 0.6489 0.80857
vt 0.6473 0.7954
vt 0.6528 0.7944
vt 0.6564 0.80875
vt 0.7027 0.8132
vt 0.70045 0.80425
vt 0.7481 0.8141
vt 0.749 0.81765
vt 0.55625 0.73812
vt 0.5766 0.73265
vt 0.55085 0.7276
vt 0.576 0.7188
vt 0.6071 0.708
vt 0.6 0.7214
vt 0.5883 0.72702
vt 0.59155 0.7134
vt 0.5929 0.7348
vt 0.58505 0.74065
vt 0.5127 0.9319
vt 0.51235 0.9389
vt 0.51305 0.9249
vt 0.5361 0.9173
vt 0.53405 0.9255
vt 0.532 0.9337
vt 0.563 0.9122
vt 0.55915 0.92385
vt 0.5466 0.92467
vt 0.54955 0.91475
vt 0.5553 0.9355
vt 0.54365 0.9346
vt 0.5127 0.9182
vt 0.53555 0.90975
vt 0.56555 0.69835
vt 0.57985 0.68425
vt 0.58995 0.70135
vt 0.5551 0.6779
vt 0.56975 0.66715
vt 0.5844 0.6564
vt 0.59415 0.67015
vt 0.6039 0.6839
vt 0.5145 0.71165
vt 0.54002 0.705
vt 0.5033 0.6869
vt 0.5292 0.6824
vt 0.4806 0.7241
vt 0.49755 0.71787
vt 0.4644 0.6975
vt 0.48385 0.6922
vt 0.48225 0.75405
vt 0.4662 0.726
vt 0.4518 0.7279
vt 0.4359 0.6984
vt 0.45015 0.69795
vt 0.4397 0.6596
vt 0.42325 0.6613
vt 0.42185 0.6345
vt 0.43725 0.63295
vt 0.4068 0.663
vt 0.40645 0.63605
vt 0.4061 0.6091
vt 0.42045 0.6077
vt 0.4348 0.6063
vt 0.4921 0.6496
vt 0.4751 0.6529
vt 0.47565 0.6259
vt 0.49295 0.62355
vt 0.4581 0.6562
vt 0.45835 0.62825
vt 0.4586 0.6003
vt 0.4762 0.5989
vt 0.4938 0.5975
vt 0.6046 0.62
vt 0.5898 0.6236
vt 0.58755 0.60782
vt 0.6015 0.6049
vt 0.575 0.6272
vt 0.5736 0.61075
vt 0.5722 0.5943
vt 0.5853 0.59205
vt 0.5984 0.5898
vt 0.55695 0.63345
vt 0.55602 0.61407
vt 0.5389 0.6397
vt 0.53845 0.6174
vt 0.538 0.5951
vt 0.5551 0.5947
vt 0.5155 0.64465
vt 0.5157 0.62047
vt 0.5159 0.5963
vt 0.51217 0.57732
vt 0.5338 0.57775
vt 0.49055 0.5769
vt 0.4873 0.5563
vt 0.50845 0.55835
vt 0.5296 0.5604
vt 0.474 0.57847
vt 0.45745 0.58005
vt 0.4563 0.5598
vt 0.4718 0.55805
vt 0.5308 0.5254
vt 0.54785 0.526
vt 0.54615 0.54285
vt 0.5302 0.5429
vt 0.5649 0.5266
vt 0.5621 0.5428
vt 0.5593 0.559
vt 0.54445 0.5597
vt 0.4458 0.56005
vt 0.44562 0.54232
vt 0.45695 0.54285
vt 0.4353 0.5603
vt 0.4343 0.5418
vt 0.4333 0.5233
vt 0.44545 0.5246
vt 0.4576 0.5259
vt 0.5461 0.5731
vt 0.5584 0.56845
vt 0.5575 0.5779
vt 0.54775 0.5865
vt 0.4206 0.58552
vt 0.43505 0.5833
vt 0.40615 0.58775
vt 0.4062 0.5664
vt 0.42075 0.56335
vt 0.50882 0.54085
vt 0.48745 0.5388
vt 0.4876 0.5213
vt 0.5092 0.52335
vt 0.4722 0.54082
vt 0.4726 0.5236
vt 0.53175 0.5127
vt 0.55022 0.51287
vt 0.5327 0.5
vt 0.5526 0.49975
vt 0.5725 0.4995
vt 0.5687 0.51305
vt 0.4467 0.6033
vt 0.44625 0.58167
vt 0.42055 0.54442
vt 0.4068 0.54705
vt 0.4074 0.5277
vt 0.42035 0.5255
vt 0.4584 0.4986
vt 0.4449 0.4963
vt 0.44565 0.4811
vt 0.4597 0.4845
vt 0.4314 0.494
vt 0.4316 0.4777
vt 0.4318 0.4614
vt 0.4464 0.4659
vt 0.461 0.4704
vt 0.5181 0.84802
vt 0.52735 0.8637
vt 0.50885 0.83235
vt 0.5332 0.87487
vt 0.56677 0.8869
vt 0.5724 0.89585
vt 0.4975 0.8167
vt 0.49727 0.77155
vt 0.43645 0.73882
vt 0.4209 0.7052
vt 0.4211 0.74975
vt 0.4059 0.712
vt 0.56335 0.6503
vt 0.5797 0.6418
vt 0.547 0.6588
vt 0.55015 0.9085
vt 0.56475 0.90725
vt 0.60252 0.70047
vt 0.6135 0.68755
vt 0.6231 0.6912
vt 0.6151 0.6996
vt 0.6151 0.6406
vt 0.59975 0.6485
vt 0.59477 0.63605
vt 0.60985 0.6303
vt 0.4378 0.679
vt 0.42207 0.68325
vt 0.40635 0.6875
vt 0.44952 0.67792
vt 0.4489 0.6579
vt 0.46125 0.67685
vt 0.4478 0.6306
vt 0.44395 0.81762
vt 0.4273 0.8075
vt 0.40402 0.8046
vt 0.40855 0.7842
vt 0.3995 0.825
vt 0.3807 0.8225
vt 0.38075 0.8017
vt 0.3808 0.7809
vt 0.52235 0.66352
vt 0.4977 0.66825
vt 0.47947 0.67255
vt 0.646 0.77347
vt 0.6445 0.7815
vt 0.6475 0.76545
vt 0.6606 0.7672
vt 0.65635 0.7739
vt 0.6521 0.7806
vt 0.6605 0.86645
vt 0.6509 0.8681
vt 0.661 0.8718
vt 0.6514 0.8734
vt 0.6459 0.78845
vt 0.65245 0.7875
vt 0.49455 0.35625
vt 0.48502 0.35182
vt 0.49381 0.32986
vt 0.50187 0.33382
vt 0.4755 0.3474
vt 0.48575 0.3259
vt 0.496 0.3044
vt 0.5026 0.3079
vt 0.5092 0.3114
vt 0.51915 0.36205
vt 0.50685 0.35915
vt 0.51282 0.3362
vt 0.52377 0.33857
vt 0.5188 0.31325
vt 0.5284 0.3151
vt 0.5761 0.36935
vt 0.564 0.36867
vt 0.56712 0.34498
vt 0.578 0.34497
vt 0.5519 0.368
vt 0.55625 0.345
vt 0.5606 0.322
vt 0.57025 0.3213
vt 0.5799 0.3206
vt 0.47297 0.5111
vt 0.48795 0.50995
vt 0.458 0.51225
vt 0.47335 0.4986
vt 0.4883 0.4986
vt 0.54001 0.34178
vt 0.53552 0.36502
vt 0.5445 0.31855
vt 0.50985 0.51132
vt 0.5105 0.4993
vt 0.6251 0.373
vt 0.61277 0.37175
vt 0.61173 0.34782
vt 0.6234 0.34925
vt 0.60045 0.3705
vt 0.60007 0.3464
vt 0.5997 0.3223
vt 0.6107 0.3239
vt 0.6217 0.3255
vt 0.58903 0.34568
vt 0.58827 0.36992
vt 0.5898 0.32145
vt 0.6285 0.4205
vt 0.6389 0.435
vt 0.62212 0.4413
vt 0.61485 0.4196
vt 0.6493 0.4495
vt 0.6294 0.463
vt 0.6095 0.4765
vt 0.60535 0.4476
vt 0.6012 0.4187
vt 0.46525 0.3689
vt 0.45412 0.35831
vt 0.46575 0.33837
vt 0.455 0.3904
vt 0.4425 0.37825
vt 0.43 0.3661
vt 0.443 0.34772
vt 0.456 0.32935
vt 0.5744 0.4783
vt 0.57335 0.4482
vt 0.58935 0.4479
vt 0.59195 0.4774
vt 0.5723 0.4181
vt 0.58675 0.4184
vt 0.5337 0.4778
vt 0.53845 0.4459
vt 0.5559 0.44705
vt 0.55405 0.47805
vt 0.5432 0.414
vt 0.55775 0.41605
vt 0.7004 0.79927
vt 0.70035 0.7943
vt 0.7486 0.808
vt 0.74835 0.81105
vt 0.7054 0.78475
vt 0.70287 0.78952
vt 0.7502 0.8023
vt 0.7494 0.80515
vt 0.7509 0.8466
vt 0.7057 0.85652
vt 0.7501 0.8532
vt 0.70555 0.8625
vt 0.59242 0.30552
vt 0.60255 0.30675
vt 0.5823 0.3043
vt 0.5847 0.288
vt 0.59505 0.2896
vt 0.6054 0.2912
vt 0.50777 0.29175
vt 0.51395 0.2952
vt 0.5016 0.2883
vt 0.5072 0.2722
vt 0.51295 0.2756
vt 0.5187 0.279
vt 0.489 0.2985
vt 0.49537 0.28365
vt 0.482 0.2926
vt 0.48915 0.279
vt 0.4963 0.2654
vt 0.50175 0.2688
vt 0.52367 0.2971
vt 0.5334 0.299
vt 0.52855 0.28095
vt 0.5384 0.2829
vt 0.548 0.30182
vt 0.5626 0.30465
vt 0.5515 0.2851
vt 0.5646 0.2873
vt 0.61365 0.30812
vt 0.62475 0.3095
vt 0.6166 0.29235
vt 0.6278 0.2935
vt 0.57245 0.30447
vt 0.57465 0.28765
vt 0.56835 0.26665
vt 0.5569 0.26427
vt 0.5596 0.25386
vt 0.57022 0.25632
vt 0.54545 0.2619
vt 0.54897 0.2514
vt 0.5525 0.2409
vt 0.5623 0.24345
vt 0.5721 0.246
vt 0.53775 0.2591
vt 0.54235 0.24817
vt 0.53005 0.2563
vt 0.53572 0.24495
vt 0.5414 0.2336
vt 0.54695 0.23725
vt 0.5879 0.2674
vt 0.57812 0.26702
vt 0.57986 0.25671
vt 0.5895 0.2571
vt 0.5816 0.2464
vt 0.5911 0.2468
vt 0.63025 0.2707
vt 0.6184 0.27002
vt 0.6193 0.25886
vt 0.63147 0.2593
vt 0.60655 0.26935
vt 0.60712 0.25842
vt 0.6077 0.2475
vt 0.6202 0.2477
vt 0.6327 0.2479
vt 0.59722 0.26837
vt 0.59831 0.25776
vt 0.5994 0.24715
vt 0.5182 0.2489
vt 0.51257 0.2463
vt 0.51798 0.23505
vt 0.5237 0.23725
vt 0.50695 0.2437
vt 0.51227 0.23285
vt 0.5176 0.222
vt 0.5234 0.2238
vt 0.5292 0.2256
vt 0.52412 0.2526
vt 0.52971 0.2411
vt 0.5353 0.2296
vt 0.56795 0.1912
vt 0.56217 0.18867
vt 0.56978 0.16438
vt 0.57567 0.16635
vt 0.5564 0.18615
vt 0.5639 0.16242
vt 0.5714 0.1387
vt 0.5774 0.1401
vt 0.5834 0.1415
vt 0.6001 0.1993
vt 0.59195 0.1975
vt 0.59712 0.17305
vt 0.6046 0.17555
vt 0.5838 0.1957
vt 0.58965 0.17055
vt 0.5955 0.1454
vt 0.6023 0.1486
vt 0.6091 0.1518
vt 0.6326 0.20375
vt 0.62222 0.20255
vt 0.62323 0.17997
vt 0.63255 0.18167
vt 0.61185 0.20135
vt 0.61392 0.17827
vt 0.616 0.1552
vt 0.62425 0.1574
vt 0.6325 0.1596
vt 0.60597 0.20032
vt 0.60926 0.17691
vt 0.61255 0.1535
vt 0.546 0.1825
vt 0.54072 0.18192
vt 0.54938 0.16098
vt 0.5544 0.16095
vt 0.53545 0.18135
vt 0.54437 0.16102
vt 0.5533 0.1407
vt 0.55805 0.14005
vt 0.5628 0.1394
vt 0.5512 0.18432
vt 0.55915 0.16168
vt 0.5671 0.13905
vt 0.57587 0.19345
vt 0.58266 0.16845
vt 0.58945 0.14345
vt 0.6081 0.1117
vt 0.60075 0.11305
vt 0.60032 0.101
vt 0.6072 0.0998
vt 0.5934 0.1144
vt 0.59345 0.1022
vt 0.5935 0.09
vt 0.5999 0.08895
vt 0.6063 0.0879
vt 0.5971 0.0736
vt 0.5945 0.07485
vt 0.59007 0.06542
vt 0.5932 0.06355
vt 0.5919 0.0761
vt 0.58695 0.0673
vt 0.582 0.0585
vt 0.58565 0.056
vt 0.5893 0.0535
vt 0.7106 0.192
vt 0.7061 0.1939
vt 0.7054 0.19177
vt 0.7095 0.19005
vt 0.7016 0.1958
vt 0.7013 0.1935
vt 0.701 0.1912
vt 0.7047 0.18965
vt 0.7084 0.1881
vt 0.7029 0.178
vt 0.69915 0.17855
vt 0.69515 0.1687
vt 0.70075 0.16825
vt 0.6954 0.1791
vt 0.68955 0.16915
vt 0.6837 0.1592
vt 0.69115 0.15885
vt 0.6986 0.1585
vt 0.59945 0.06825
vt 0.60262 0.07242
vt 0.6017 0.08075
vt 0.6018 0.0629
vt 0.60355 0.0641
vt 0.6053 0.0653
vt 0.6058 0.0766
vt 0.691 0.1823
vt 0.6932 0.1807
vt 0.69725 0.1871
vt 0.6963 0.18905
vt 0.6982 0.18515
vt 0.5972 0.0819
vt 0.5927 0.08305
vt 0.70192 0.1841
vt 0.70565 0.18305
vt 0.5921 0.0538
vt 0.59577 0.06102
vt 0.5949 0.0541
vt 0.59835 0.0585
vt 0.6796 0.16
vt 0.68165 0.1596
vt 0.68742 0.17015
vt 0.6853 0.17115
vt 0.6129 0.07822
vt 0.6142 0.0908
vt 0.6116 0.06565
vt 0.6179 0.066
vt 0.62 0.07985
vt 0.6221 0.0937
vt 0.6444 0.1118
vt 0.6416 0.11775
vt 0.63247 0.11062
vt 0.63325 0.10275
vt 0.6388 0.1237
vt 0.6317 0.1185
vt 0.6246 0.1133
vt 0.62335 0.1035
vt 0.61527 0.10165
vt 0.61635 0.1125
vt 0.6713 0.1499
vt 0.6734 0.148
vt 0.67752 0.1538
vt 0.67545 0.15495
vt 0.6755 0.1461
vt 0.6796 0.15265
vt 0.64907 0.1222
vt 0.64435 0.1285
vt 0.6538 0.1159
vt 0.6632 0.12
vt 0.65655 0.12665
vt 0.6499 0.1333
vt 0.65832 0.1072
vt 0.6697 0.11405
vt 0.64695 0.10035
vt 0.6495 0.0889
vt 0.66285 0.0985
vt 0.6762 0.1081
vt 0.6719 0.1247
vt 0.67075 0.1255
vt 0.66602 0.12397
vt 0.66755 0.12235
vt 0.6696 0.1263
vt 0.6645 0.1256
vt 0.6594 0.1249
vt 0.6613 0.12245
vt 0.67325 0.11712
vt 0.6768 0.1202
vt 0.67895 0.1119
vt 0.6817 0.1157
vt 0.6735 0.1481
vt 0.67212 0.1368
vt 0.6737 0.1354
vt 0.6715 0.1501
vt 0.67055 0.1382
vt 0.67997 0.13137
vt 0.68315 0.14255
vt 0.68625 0.12735
vt 0.6908 0.139
vt 0.6947 0.14875
vt 0.68715 0.1507
vt 0.69625 0.12185
vt 0.70155 0.13535
vt 0.69095 0.10835
vt 0.7002 0.101
vt 0.70625 0.11635
vt 0.7123 0.1317
vt 0.67057 0.08742
vt 0.68585 0.1016
vt 0.6553 0.07325
vt 0.6611 0.0576
vt 0.6783 0.07635
vt 0.6955 0.0951
vt 0.6241 0.0565
vt 0.62345 0.0478
vt 0.6446 0.0468
vt 0.6426 0.05705
vt 0.6228 0.0391
vt 0.6466 0.03655
vt 0.6704 0.034
vt 0.66575 0.0458
vt 0.6884 0.10497
vt 0.69785 0.09805
vt 0.7019 0.1626
vt 0.70025 0.16055
vt 0.70745 0.15842
vt 0.70845 0.1603
vt 0.70645 0.15655
vt 0.7143 0.1546
vt 0.71465 0.1563
vt 0.715 0.158
vt 0.704 0.14595
vt 0.7133 0.14315
vt 0.70712 0.09245
vt 0.7088 0.0946
vt 0.70545 0.0903
vt 0.7154 0.0855
vt 0.7164 0.08685
vt 0.7174 0.0882
vt 0.6337 0.07745
vt 0.63815 0.06725
vt 0.621 0.06125
vt 0.72485 0.14362
vt 0.7267 0.1566
vt 0.723 0.13065
vt 0.7337 0.1296
vt 0.7364 0.1441
vt 0.7391 0.1586
vt 0.72532 0.15837
vt 0.72395 0.16015
vt 0.736 0.16045
vt 0.7329 0.1623
vt 0.7159 0.11262
vt 0.72555 0.1089
vt 0.73792 0.10925
vt 0.74515 0.1272
vt 0.7307 0.0913
vt 0.744 0.0944
vt 0.7503 0.1096
vt 0.7566 0.1248
vt 0.7308 0.08992
vt 0.7309 0.08855
vt 0.7464 0.0916
vt 0.7452 0.093
vt 0.63347 0.0901
vt 0.74607 0.1435
vt 0.747 0.1598
vt 0.75575 0.1429
vt 0.7549 0.161
vt 0.74587 0.1613
vt 0.74475 0.1628
vt 0.75575 0.16215
vt 0.7566 0.1633
vt 0.7624 0.1243
vt 0.7595 0.12455
vt 0.75235 0.10877
vt 0.7544 0.10795
vt 0.75762 0.14335
vt 0.7595 0.1438
vt 0.6856 0.06805
vt 0.6929 0.05975
vt 0.67505 0.0229
vt 0.69485 0.04432
vt 0.6797 0.0118
vt 0.6968 0.0289
vt 0.7139 0.046
vt 0.71465 0.06575
vt 0.6213 0.0276
vt 0.64817 0.02525
vt 0.6198 0.0161
vt 0.64975 0.01395
vt 0.3089 0.1217
vt 0.3039 0.12245
vt 0.30387 0.1153
vt 0.31105 0.1155
vt 0.2989 0.1232
vt 0.2967 0.1151
vt 0.2945 0.107
vt 0.30385 0.10815
vt 0.3132 0.1093
vt 0.3199 0.1323
vt 0.3144 0.127
vt 0.3196 0.12225
vt 0.32815 0.129
vt 0.3248 0.1175
vt 0.3364 0.1257
vt 0.30172 0.1012
vt 0.31515 0.1003
vt 0.2883 0.1021
vt 0.2821 0.0972
vt 0.2996 0.09425
vt 0.3171 0.0913
vt 0.32767 0.11075
vt 0.3402 0.1212
vt 0.33055 0.104
vt 0.344 0.1167
vt 0.30017 0.0788
vt 0.31735 0.07985
vt 0.283 0.07775
vt 0.2839 0.0583
vt 0.30075 0.06335
vt 0.3176 0.0684
vt 0.33155 0.09235
vt 0.34575 0.10485
vt 0.33255 0.0807
vt 0.3475 0.093
vt 0.3009 0.03907
vt 0.3172 0.04065
vt 0.2846 0.0375
vt 0.2853 0.0167
vt 0.30105 0.0148
vt 0.3168 0.0129
vt 0.3348 0.06027
vt 0.3524 0.0799
vt 0.33705 0.03985
vt 0.3573 0.0668
vt 0.2725 0.1509
vt 0.27065 0.1524
vt 0.26285 0.14677
vt 0.26565 0.1448
vt 0.2688 0.1539
vt 0.26005 0.14875
vt 0.2513 0.1436
vt 0.25505 0.14115
vt 0.2588 0.1387
vt 0.2829 0.1405
vt 0.2777 0.1457
vt 0.26935 0.13985
vt 0.27305 0.1349
vt 0.261 0.134
vt 0.2632 0.1293
vt 0.3309 0.1653
vt 0.3289 0.156
vt 0.33927 0.15502
vt 0.3414 0.1659
vt 0.3269 0.1467
vt 0.33715 0.14415
vt 0.3474 0.1416
vt 0.34965 0.15405
vt 0.3519 0.1665
vt 0.33265 0.13657
vt 0.3234 0.1395
vt 0.3419 0.13365
vt 0.28922 0.1203
vt 0.28335 0.11345
vt 0.2951 0.12715
vt 0.2913 0.1311
vt 0.28175 0.1255
vt 0.2722 0.1199
vt 0.353 0.15282
vt 0.3556 0.16415
vt 0.3504 0.1415
vt 0.3534 0.1414
vt 0.35635 0.1516
vt 0.3593 0.1618
vt 0.25602 0.1306
vt 0.25815 0.1267
vt 0.2539 0.1345
vt 0.249 0.1303
vt 0.25105 0.1272
vt 0.2531 0.1241
vt 0.2506 0.13762
vt 0.2473 0.14075
vt 0.2433 0.1379
vt 0.24615 0.1341
vt 0.3487 0.12905
vt 0.3453 0.13135
vt 0.27702 0.11015
vt 0.26575 0.1182
vt 0.2593 0.1165
vt 0.2707 0.10685
vt 0.24522 0.13082
vt 0.2475 0.12815
vt 0.24295 0.1335
vt 0.2426 0.1291
vt 0.2443 0.12755
vt 0.246 0.126
vt 0.2785 0.03865
vt 0.2812 0.01885
vt 0.2758 0.05845
vt 0.2677 0.0586
vt 0.2724 0.0398
vt 0.2771 0.021
vt 0.223 0.1297
vt 0.2195 0.11835
vt 0.22595 0.11695
vt 0.22895 0.12535
vt 0.216 0.107
vt 0.22295 0.10855
vt 0.2299 0.1101
vt 0.2324 0.11555
vt 0.2349 0.121
vt 0.23315 0.1338
vt 0.23595 0.12942
vt 0.23875 0.12505
vt 0.2759 0.07742
vt 0.276 0.0964
vt 0.2699 0.0956
vt 0.2688 0.0771
vt 0.2661 0.1057
vt 0.2562 0.115
vt 0.2531 0.1135
vt 0.2615 0.10455
vt 0.24917 0.1252
vt 0.25085 0.12225
vt 0.2473 0.1232
vt 0.2486 0.1204
vt 0.2167 0.0858
vt 0.2155 0.071
vt 0.21925 0.07122
vt 0.22085 0.0859
vt 0.2143 0.0562
vt 0.21765 0.05655
vt 0.221 0.0569
vt 0.223 0.07145
vt 0.225 0.086
vt 0.21635 0.0964
vt 0.2219 0.09722
vt 0.22745 0.09805
vt 0.2269 0.0348
vt 0.2291 0.03647
vt 0.2395 0.0134
vt 0.24055 0.0164
vt 0.2416 0.0194
vt 0.2313 0.03815
vt 0.2624 0.01505
vt 0.26087 0.01762
vt 0.25935 0.0202
vt 0.25185 0.03897
vt 0.24435 0.05775
vt 0.24745 0.0908
vt 0.2459 0.07427
vt 0.24447 0.1013
vt 0.2415 0.1118
vt 0.44517 0.51045
vt 0.43235 0.50865
vt 0.4914 0.4742
vt 0.50065 0.4416
vt 0.51955 0.44375
vt 0.51255 0.476
vt 0.5099 0.409
vt 0.52655 0.4115
vt 0.44892 0.32495
vt 0.46288 0.3065
vt 0.469 0.31097
vt 0.44185 0.32055
vt 0.45677 0.30202
vt 0.4717 0.2835
vt 0.47685 0.28805
vt 0.47045 0.43575
vt 0.48555 0.43867
vt 0.4762 0.4723
vt 0.4799 0.4011
vt 0.4949 0.40505
vt 0.48407 0.27477
vt 0.479 0.27055
vt 0.4863 0.2576
vt 0.4913 0.2615
vt 0.50147 0.24087
vt 0.50656 0.23056
vt 0.496 0.23805
vt 0.50085 0.22827
vt 0.5057 0.2185
vt 0.51165 0.22025
vt 0.53172 0.18072
vt 0.54176 0.16096
vt 0.528 0.1801
vt 0.53915 0.1609
vt 0.5503 0.1417
vt 0.5518 0.1412
vt 0.2871 0.1358
vt 0.2774 0.1302
vt 0.2677 0.1246
vt 0.26195 0.12245
vt 0.2562 0.1203
vt 0.25352 0.11862
vt 0.25085 0.11695
vt 0.24175 0.1207
vt 0.24162 0.11625
vt 0.24302 0.12412
vt 0.91125 0.5038
vt 0.91447 0.50005
vt 0.9109 0.5017
vt 0.9124 0.49815
vt 0.9139 0.4946
vt 0.9177 0.4963
vt 0.9027 0.4951
vt 0.9047 0.49822
vt 0.9059 0.4936
vt 0.9067 0.4963
vt 0.9075 0.499
vt 0.9067 0.50135
vt 0.90897 0.50257
vt 0.9092 0.50035
vt 0.8992 0.48765
vt 0.90095 0.49137
vt 0.9037 0.4865
vt 0.9048 0.49005
vt 0.9109 0.4996
vt 0.91172 0.49687
vt 0.9109 0.4975
vt 0.91105 0.4956
vt 0.9112 0.4937
vt 0.91255 0.49415
vt 0.90485 0.486
vt 0.90562 0.4895
vt 0.906 0.4855
vt 0.90645 0.48895
vt 0.9069 0.4924
vt 0.9064 0.493
vt 0.90712 0.49557
vt 0.90755 0.49485
vt 0.9082 0.4973
vt 0.90785 0.49815
vt 0.90937 0.49887
vt 0.90955 0.4974
vt 0.3084 0.9528
vt 0.3044 0.95635
vt 0.30132 0.9538
vt 0.30507 0.94977
vt 0.3004 0.9599
vt 0.29757 0.95782
vt 0.29475 0.95575
vt 0.29825 0.95125
vt 0.30175 0.94675
vt 0.3021 0.9233
vt 0.3086 0.91555
vt 0.31402 0.92166
vt 0.30792 0.9279
vt 0.3151 0.9078
vt 0.32012 0.91542
vt 0.32515 0.92305
vt 0.31945 0.92777
vt 0.31375 0.9325
vt 0.30802 0.94712
vt 0.31175 0.95045
vt 0.3043 0.9438
vt 0.30685 0.94085
vt 0.31097 0.94447
vt 0.3151 0.9481
vt 0.31527 0.94078
vt 0.32025 0.9449
vt 0.3103 0.93667
vt 0.31957 0.9371
vt 0.3254 0.9417
vt 0.2937 0.9677
vt 0.2915 0.9658
vt 0.29453 0.96181
vt 0.29705 0.9638
vt 0.2893 0.9639
vt 0.29202 0.95982
vt 0.3488 0.9344
vt 0.34375 0.92465
vt 0.3525 0.92108
vt 0.35595 0.9321
vt 0.3387 0.9149
vt 0.34905 0.91007
vt 0.3594 0.90525
vt 0.36125 0.91752
vt 0.3631 0.9298
vt 0.51152 0.48765
vt 0.5332 0.4889
vt 0.48985 0.4864
vt 0.47477 0.48545
vt 0.41992 0.50765
vt 0.4195 0.4898
vt 0.4075 0.50665
vt 0.4076 0.4856
vt 0.55332 0.4889
vt 0.57345 0.4889
vt 0.602 0.4959
vt 0.60575 0.4862
vt 0.6135 0.48862
vt 0.60895 0.4995
vt 0.61805 0.47775
vt 0.6266 0.479
vt 0.62125 0.49105
vt 0.6159 0.5031
vt 0.4434 0.4259
vt 0.45692 0.43082
vt 0.46745 0.39575
vt 0.5896 0.48755
vt 0.58725 0.4977
vt 0.5787 0.5293
vt 0.57482 0.54522
vt 0.5925 0.532
vt 0.58755 0.54765
vt 0.5826 0.5633
vt 0.57095 0.56115
vt 0.3908 0.4393
vt 0.38965 0.4101
vt 0.40532 0.38597
vt 0.4104 0.4027
vt 0.3885 0.3809
vt 0.40025 0.36925
vt 0.412 0.3576
vt 0.421 0.36185
vt 0.4154 0.47007
vt 0.3992 0.46245
vt 0.4113 0.45035
vt 0.3899 0.46567
vt 0.3857 0.44255
vt 0.3941 0.4888
vt 0.3806 0.492
vt 0.3806 0.4689
vt 0.3806 0.4458
vt 0.4269 0.4143
vt 0.58297 0.5135
vt 0.59725 0.51395
vt 0.57555 0.58765
vt 0.58707 0.5864
vt 0.5789 0.581
vt 0.58885 0.58075
vt 0.5988 0.5805
vt 0.5986 0.58515
vt 0.58075 0.57215
vt 0.59 0.57415
vt 0.59115 0.56755
vt 0.5997 0.5718
vt 0.59925 0.57615
vt 0.56957 0.5703
vt 0.5682 0.57945
vt 0.56165 0.58707
vt 0.8355 0.4536
vt 0.83755 0.4559
vt 0.8361 0.45995
vt 0.83165 0.4576
vt 0.8396 0.4582
vt 0.84055 0.4623
vt 0.8415 0.4664
vt 0.83465 0.464
vt 0.8278 0.4616
vt 0.8261 0.45
vt 0.83067 0.44935
vt 0.8244 0.4384
vt 0.8297 0.4411
vt 0.835 0.4438
vt 0.83525 0.4487
vt 0.8203 0.4686
vt 0.8206 0.45095
vt 0.82335 0.45047
vt 0.82405 0.4651
vt 0.8209 0.4333
vt 0.82265 0.43585
vt 0.8087 0.46505
vt 0.80935 0.44752
vt 0.7971 0.4615
vt 0.7981 0.4441
vt 0.7991 0.4267
vt 0.81 0.43
vt 0.8241 0.4249
vt 0.8272 0.42832
vt 0.8273 0.4165
vt 0.83175 0.4208
vt 0.8362 0.4251
vt 0.8303 0.43175
vt 0.81307 0.4193
vt 0.80205 0.4137
vt 0.805 0.4007
vt 0.81615 0.4086
vt 0.8108 0.38445
vt 0.82217 0.3929
vt 0.8166 0.3682
vt 0.8282 0.3772
vt 0.8398 0.3862
vt 0.83355 0.40135
vt 0.84115 0.40737
vt 0.84875 0.4134
vt 0.85055 0.39395
vt 0.8613 0.4017
vt 0.8336 0.4363
vt 0.8375 0.4315
vt 0.8388 0.4379
vt 0.8369 0.44085
vt 0.80165 0.3517
vt 0.8118 0.3447
vt 0.822 0.35645
vt 0.7867 0.3352
vt 0.8016 0.33295
vt 0.8165 0.3307
vt 0.82195 0.3377
vt 0.8274 0.3447
vt 0.8175 0.3115
vt 0.817 0.3211
vt 0.80592 0.31827
vt 0.81025 0.3036
vt 0.79485 0.31545
vt 0.803 0.2957
vt 0.8761 0.4403
vt 0.87085 0.4507
vt 0.86142 0.4503
vt 0.86475 0.4409
vt 0.8656 0.4611
vt 0.8581 0.4597
vt 0.8506 0.4583
vt 0.852 0.4499
vt 0.8534 0.4415
vt 0.83465 0.36482
vt 0.8411 0.35245
vt 0.8548 0.3602
vt 0.8473 0.3732
vt 0.8418 0.3328
vt 0.84695 0.3329
vt 0.8544 0.3436
vt 0.8483 0.3465
vt 0.8521 0.333
vt 0.8605 0.3407
vt 0.8689 0.3484
vt 0.86185 0.3543
vt 0.8399 0.3432
vt 0.8315 0.3399
vt 0.8356 0.3351
vt 0.8387 0.33395
vt 0.835 0.3081
vt 0.82625 0.3098
vt 0.8207 0.29955
vt 0.83115 0.2955
vt 0.81515 0.2893
vt 0.8273 0.2829
vt 0.8679 0.3761
vt 0.85922 0.38502
vt 0.881 0.392
vt 0.87115 0.39685
vt 0.8729 0.464
vt 0.87965 0.4573
vt 0.88045 0.46185
vt 0.8759 0.466
vt 0.8864 0.4506
vt 0.885 0.4577
vt 0.8836 0.4648
vt 0.88125 0.4664
vt 0.8789 0.468
vt 0.8926 0.44835
vt 0.8892 0.4565
vt 0.8988 0.4461
vt 0.8934 0.4553
vt 0.888 0.4645
vt 0.8858 0.46465
vt 0.8939 0.4667
vt 0.89217 0.47242
vt 0.88705 0.4709
vt 0.8998 0.4689
vt 0.8973 0.47395
vt 0.8948 0.479
vt 0.89045 0.47815
vt 0.8861 0.4773
vt 0.8438 0.4444
vt 0.8486 0.44295
vt 0.8479 0.44935
vt 0.8438 0.4488
vt 0.8472 0.45575
vt 0.8438 0.4532
vt 0.84387 0.45902
vt 0.84605 0.46235
vt 0.8417 0.4557
vt 0.9132 0.4159
vt 0.90215 0.4216
vt 0.89627 0.40475
vt 0.9065 0.39985
vt 0.8911 0.4273
vt 0.88605 0.40965
vt 0.8904 0.3879
vt 0.8998 0.3838
vt 0.89495 0.4367
vt 0.8881 0.44107
vt 0.8836 0.4338
vt 0.88125 0.44545
vt 0.87737 0.41532
vt 0.8687 0.421
vt 0.85675 0.42715
vt 0.8448 0.4333
vt 0.84305 0.43722
vt 0.8413 0.44115
vt 0.87612 0.3711
vt 0.88435 0.3661
vt 0.86665 0.33132
vt 0.87685 0.34015
vt 0.85645 0.3225
vt 0.8608 0.312
vt 0.8728 0.32195
vt 0.8848 0.3319
vt 0.8479 0.31005
vt 0.84742 0.32147
vt 0.8384 0.32045
vt 0.83247 0.32187
vt 0.82655 0.3233
vt 0.82425 0.3305
vt 0.86515 0.28015
vt 0.85652 0.2951
vt 0.903 0.2774
vt 0.8819 0.2947
vt 0.89062 0.30807
vt 0.89935 0.32145
vt 0.90845 0.2942
vt 0.9139 0.311
vt 0.7763 0.32455
vt 0.78702 0.30442
vt 0.7659 0.3139
vt 0.7792 0.2934
vt 0.7925 0.2729
vt 0.79775 0.2843
vt 0.7498 0.2938
vt 0.76555 0.27577
vt 0.7337 0.2737
vt 0.7519 0.25815
vt 0.7701 0.2426
vt 0.7813 0.25775
vt 0.72205 0.2609
vt 0.74175 0.24567
vt 0.7104 0.2481
vt 0.7316 0.2332
vt 0.7528 0.2183
vt 0.76145 0.23045
vt 0.7973 0.37232
vt 0.79295 0.39295
vt 0.7809 0.3852
vt 0.7838 0.3602
vt 0.9046 0.3522
vt 0.89447 0.35915
vt 0.9244 0.3725
vt 0.9121 0.37815
vt 0.91837 0.39472
vt 0.92465 0.4113
vt 0.93025 0.3896
vt 0.9361 0.4067
vt 0.9167 0.4489
vt 0.91495 0.4324
vt 0.92672 0.42817
vt 0.9288 0.44505
vt 0.9385 0.42395
vt 0.9409 0.4412
vt 0.90775 0.4475
vt 0.90495 0.43455
vt 0.906 0.4621
vt 0.9024 0.4541
vt 0.90835 0.45415
vt 0.90895 0.4608
vt 0.9143 0.4542
vt 0.9119 0.4595
vt 0.89815 0.4604
vt 0.9029 0.4655
vt 0.92505 0.4552
vt 0.92102 0.45927
vt 0.9334 0.4615
vt 0.92775 0.46435
vt 0.9221 0.4672
vt 0.917 0.46335
vt 0.8819 0.1984
vt 0.9055 0.19885
vt 0.9104 0.2142
vt 0.88725 0.2154
vt 0.9291 0.1993
vt 0.93355 0.213
vt 0.938 0.2267
vt 0.9153 0.22955
vt 0.8926 0.2324
vt 0.92485 0.2632
vt 0.93137 0.28012
vt 0.9467 0.249
vt 0.9543 0.26605
vt 0.9619 0.2831
vt 0.9379 0.29705
vt 0.8854 0.47095
vt 0.88375 0.471
vt 0.885 0.47725
vt 0.8839 0.4772
vt 0.88167 0.472
vt 0.8796 0.473
vt 0.8821 0.4776
vt 0.8803 0.478
vt 0.8744 0.4748
vt 0.87665 0.4714
vt 0.877 0.47522
vt 0.8744 0.47745
vt 0.87735 0.47905
vt 0.8744 0.4801
vt 0.86985 0.4684
vt 0.8657 0.46667
vt 0.86925 0.46255
vt 0.8668 0.4728
vt 0.86215 0.4708
vt 0.8575 0.4688
vt 0.86155 0.46495
vt 0.87325 0.4699
vt 0.8706 0.4738
vt 0.8538 0.46365
vt 0.8495 0.4676
vt 0.87525 0.454
vt 0.83165 0.4679
vt 0.83925 0.4707
vt 0.837 0.475
vt 0.82865 0.4718
vt 0.84757 0.4719
vt 0.8559 0.4731
vt 0.8543 0.4774
vt 0.84565 0.4762
vt 0.8612 0.47462
vt 0.8665 0.47615
vt 0.8662 0.4795
vt 0.86025 0.47845
vt 0.8703 0.4798
vt 0.87045 0.4768
vt 0.86585 0.48135
vt 0.86007 0.48082
vt 0.8655 0.4832
vt 0.8599 0.4832
vt 0.8543 0.4832
vt 0.8543 0.4803
vt 0.8701 0.4815
vt 0.87435 0.48165
vt 0.8743 0.4832
vt 0.8699 0.4832
vt 0.84475 0.4832
vt 0.8452 0.4797
vt 0.8352 0.4832
vt 0.8361 0.4791
vt 0.9427 0.4599
vt 0.93805 0.4607
vt 0.93342 0.45287
vt 0.9418 0.45055
vt 0.3472 0.95
vt 0.3412 0.94415
vt 0.34772 0.94252
vt 0.35345 0.9487
vt 0.3352 0.9383
vt 0.342 0.93635
vt 0.35425 0.9409
vt 0.3597 0.9474
vt 0.9312 0.3634
vt 0.9399 0.3817
vt 0.938 0.3543
vt 0.94955 0.3738
vt 0.9611 0.3933
vt 0.9486 0.4
vt 0.91527 0.34242
vt 0.92595 0.33265
vt 0.94705 0.4513
vt 0.9477 0.45945
vt 0.9464 0.44315
vt 0.9519 0.4451
vt 0.9523 0.45205
vt 0.9527 0.459
vt 0.9565 0.4192
vt 0.9475 0.42157
vt 0.3806 0.9521
vt 0.37715 0.95105
vt 0.3745 0.93957
vt 0.3806 0.93925
vt 0.3737 0.95
vt 0.3684 0.9399
vt 0.37185 0.9281
vt 0.3806 0.9264
vt 0.9727 0.41525
vt 0.9625 0.43365
vt 0.9843 0.4372
vt 0.9685 0.4481
vt 0.82235 0.26975
vt 0.86007 0.26232
vt 0.8174 0.2566
vt 0.855 0.2445
vt 0.8978 0.2549
vt 0.8087 0.23985
vt 0.84797 0.22762
vt 0.8 0.2231
vt 0.84095 0.21075
vt 0.36132 0.9404
vt 0.3667 0.9487
vt 0.3348 0.9572
vt 0.3301 0.94945
vt 0.33565 0.9468
vt 0.341 0.9536
vt 0.3303 0.94
vt 0.92007 0.24637
vt 0.94235 0.23785
vt 0.81005 0.27702
vt 0.80495 0.26475
vt 0.795 0.2488
vt 0.78505 0.23285
vt 0.77157 0.34795
vt 0.75935 0.3357
vt 0.76685 0.37135
vt 0.7528 0.3575
vt 0.7986 0.4832
vt 0.7815 0.4832
vt 0.78127 0.4697
vt 0.79785 0.47235
vt 0.7644 0.4832
vt 0.7647 0.46705
vt 0.765 0.4509
vt 0.78105 0.4562
vt 0.76815 0.4328
vt 0.78312 0.43845
vt 0.7713 0.4147
vt 0.7852 0.4207
vt 0.7761 0.39995
vt 0.78907 0.40682
vt 0.74052 0.31572
vt 0.7217 0.29575
vt 0.73125 0.33765
vt 0.7097 0.3178
vt 0.7065 0.28607
vt 0.6913 0.2764
vt 0.69095 0.31125
vt 0.6722 0.3047
vt 0.75715 0.40425
vt 0.762 0.3878
vt 0.743 0.3938
vt 0.7479 0.37565
vt 0.7228 0.37275
vt 0.72702 0.3552
vt 0.7026 0.3517
vt 0.70615 0.33475
vt 0.7259 0.4334
vt 0.70065 0.4046
vt 0.71172 0.38867
vt 0.73445 0.4136
vt 0.6754 0.3758
vt 0.689 0.36375
vt 0.7513 0.4232
vt 0.74545 0.44215
vt 0.68997 0.3375
vt 0.6738 0.34025
vt 0.9023 0.1883
vt 0.9251 0.18605
vt 0.8795 0.19055
vt 0.8771 0.1827
vt 0.8991 0.17775
vt 0.9211 0.1728
vt 0.7906 0.2001
vt 0.83385 0.1914
vt 0.8374 0.20107
vt 0.7953 0.2116
vt 0.77837 0.22102
vt 0.7717 0.2092
vt 0.70445 0.44105
vt 0.68325 0.41115
vt 0.683 0.4487
vt 0.66585 0.4177
vt 0.6487 0.3867
vt 0.66205 0.38125
vt 0.66062 0.34092
vt 0.64745 0.3416
vt 0.6462 0.2965
vt 0.6592 0.3006
vt 0.67842 0.269
vt 0.66555 0.2616
vt 0.6849 0.2267
vt 0.69765 0.2374
vt 0.73457 0.45405
vt 0.7237 0.46595
vt 0.32688 0.91028
vt 0.33192 0.91897
vt 0.32185 0.9016
vt 0.3286 0.8954
vt 0.33365 0.90515
vt 0.38065 0.9017
vt 0.37002 0.90347
vt 0.36911 0.89116
vt 0.38067 0.88935
vt 0.35755 0.89297
vt 0.3557 0.8807
vt 0.3682 0.87885
vt 0.3807 0.877
vt 0.3456 0.89906
vt 0.34215 0.88805
vt 0.29842 0.94372
vt 0.30057 0.94047
vt 0.2951 0.9407
vt 0.29685 0.93715
vt 0.2986 0.9336
vt 0.30272 0.93722
vt 0.30532 0.93256
vt 0.30035 0.92845
vt 0.2871 0.962
vt 0.28951 0.95783
vt 0.2849 0.9601
vt 0.287 0.95585
vt 0.2891 0.9516
vt 0.29192 0.95367
vt 0.29517 0.9487
vt 0.2921 0.94615
vt 0.32487 0.93388
vt 0.33017 0.93067
vt 0.32225 0.87085
vt 0.33582 0.86245
vt 0.3159 0.8463
vt 0.3295 0.83685
vt 0.3431 0.8274
vt 0.3494 0.85405
vt 0.2903 0.9107
vt 0.2966 0.9025
vt 0.2785 0.8981
vt 0.2846 0.88945
vt 0.2907 0.8808
vt 0.3029 0.8943
vt 0.28645 0.92335
vt 0.28837 0.91702
vt 0.2743 0.9131
vt 0.2764 0.9056
vt 0.2802 0.94205
vt 0.28177 0.9364
vt 0.2713 0.9325
vt 0.27145 0.92665
vt 0.2716 0.9208
vt 0.28335 0.93075
vt 0.27675 0.9521
vt 0.27847 0.94707
vt 0.2686 0.9441
vt 0.26995 0.9383
vt 0.3033 0.86355
vt 0.31257 0.88257
vt 0.2612 0.88325
vt 0.26895 0.87115
vt 0.2439 0.8684
vt 0.2533 0.85285
vt 0.2627 0.8373
vt 0.2767 0.85905
vt 0.2538 0.90135
vt 0.2575 0.8923
vt 0.2333 0.8896
vt 0.2386 0.879
vt 0.2241 0.8588
vt 0.211 0.8555
vt 0.21802 0.84162
vt 0.23325 0.843
vt 0.1979 0.8522
vt 0.2028 0.84025
vt 0.2077 0.8283
vt 0.22505 0.82775
vt 0.2424 0.8272
vt 0.2112 0.8825
vt 0.20015 0.87795
vt 0.20557 0.86672
vt 0.21765 0.87065
vt 0.1891 0.8734
vt 0.1935 0.8628
vt 0.1603 0.8463
vt 0.16215 0.8353
vt 0.1227 0.8404
vt 0.1215 0.83035
vt 0.1203 0.8203
vt 0.164 0.8243
vt 0.1548 0.86895
vt 0.15755 0.85762
vt 0.1205 0.8645
vt 0.1216 0.85245
vt 0.11435 0.8424
vt 0.11257 0.83205
vt 0.106 0.8444
vt 0.10365 0.83375
vt 0.1013 0.8231
vt 0.1108 0.8217
vt 0.1109 0.8628
vt 0.11262 0.8526
vt 0.1013 0.8611
vt 0.10365 0.85275
vt 0.05805 0.83675
vt 0.0572 0.82945
vt 0.0101 0.8291
vt 0.01075 0.82515
vt 0.0114 0.8212
vt 0.05635 0.82215
vt 0.05545 0.85055
vt 0.05675 0.84365
vt 0.0096 0.84
vt 0.00985 0.83455
vt 0.2849 0.92705
vt 0.27295 0.91695
vt 0.22225 0.88605
vt 0.2164 0.89415
vt 0.203 0.8924
vt 0.2298 0.8959
vt 0.2263 0.9022
vt 0.21055 0.90225
vt 0.1948 0.9023
vt 0.25137 0.90642
vt 0.24895 0.9115
vt 0.15302 0.87557
vt 0.12 0.86975
vt 0.18605 0.8814
vt 0.183 0.8894
vt 0.15125 0.8822
vt 0.1195 0.875
vt 0.17022 0.80747
vt 0.22055 0.8066
vt 0.1199 0.80835
vt 0.1195 0.7964
vt 0.17645 0.79065
vt 0.2334 0.7849
vt 0.2371 0.8083
vt 0.25365 0.81
vt 0.24915 0.78885
vt 0.2649 0.7928
vt 0.17315 0.77857
vt 0.22435 0.76775
vt 0.12195 0.7894
vt 0.1244 0.7824
vt 0.16985 0.7665
vt 0.2153 0.7506
vt 0.2939 0.7571
vt 0.30955 0.7722
vt 0.29245 0.78652
vt 0.2794 0.77495
vt 0.3252 0.7873
vt 0.3055 0.7981
vt 0.2858 0.8089
vt 0.27535 0.80085
vt 0.2373 0.75552
vt 0.24905 0.76765
vt 0.22555 0.7434
vt 0.2358 0.7362
vt 0.25025 0.7433
vt 0.2647 0.7504
vt 0.28877 0.84332
vt 0.30085 0.8276
vt 0.27425 0.8231
vt 0.16267 0.7608
vt 0.1997 0.74855
vt 0.12565 0.77305
vt 0.1269 0.7637
vt 0.1555 0.7551
vt 0.1841 0.7465
vt 0.1124 0.80855
vt 0.1049 0.80875
vt 0.1085 0.7944
vt 0.114 0.7954
vt 0.0586 0.8132
vt 0.0123 0.81765
vt 0.0132 0.8141
vt 0.06085 0.80425
vt 0.18475 0.7326
vt 0.20515 0.738
vt 0.1854 0.7187
vt 0.2106 0.72745
vt 0.1542 0.708
vt 0.1698 0.71335
vt 0.173 0.727
vt 0.16125 0.7214
vt 0.1762 0.74065
vt 0.1683 0.7348
vt 0.24895 0.9389
vt 0.2486 0.9319
vt 0.2293 0.9337
vt 0.22725 0.9255
vt 0.2252 0.9173
vt 0.24825 0.9249
vt 0.1982 0.9122
vt 0.2117 0.91475
vt 0.21467 0.92467
vt 0.2021 0.92385
vt 0.21765 0.9346
vt 0.206 0.9355
vt 0.2621 0.9542
vt 0.24965 0.9541
vt 0.2493 0.9465
vt 0.26535 0.94915
vt 0.2372 0.954
vt 0.23325 0.94385
vt 0.2486 0.9182
vt 0.22575 0.90975
vt 0.1206 0.6731
vt 0.1255 0.6679
vt 0.13667 0.67772
vt 0.1294 0.68215
vt 0.1304 0.6627
vt 0.14395 0.6733
vt 0.1575 0.6839
vt 0.14785 0.68755
vt 0.1382 0.6912
vt 0.17145 0.7013
vt 0.18155 0.6842
vt 0.19585 0.69825
vt 0.16725 0.67015
vt 0.177 0.6564
vt 0.19165 0.6671
vt 0.2063 0.6778
vt 0.22142 0.70482
vt 0.247 0.7114
vt 0.23225 0.6822
vt 0.2582 0.6866
vt 0.26397 0.71755
vt 0.28095 0.7237
vt 0.2777 0.6918
vt 0.2972 0.697
vt 0.29545 0.7255
vt 0.2793 0.75375
vt 0.3116 0.69725
vt 0.326 0.6975
vt 0.30995 0.7273
vt 0.3218 0.6593
vt 0.32415 0.63275
vt 0.33957 0.63437
vt 0.3383 0.6611
vt 0.3265 0.6062
vt 0.34085 0.60765
vt 0.3552 0.6091
vt 0.355 0.636
vt 0.3548 0.6629
vt 0.2693 0.6493
vt 0.2684 0.62335
vt 0.28572 0.62567
vt 0.28635 0.65255
vt 0.2675 0.5974
vt 0.2851 0.5988
vt 0.3027 0.6002
vt 0.30305 0.628
vt 0.3034 0.6558
vt 0.1862 0.6272
vt 0.18765 0.61075
vt 0.20522 0.61402
vt 0.2043 0.6334
vt 0.1891 0.5943
vt 0.20615 0.59465
vt 0.2232 0.595
vt 0.2228 0.6173
vt 0.2224 0.6396
vt 0.2456 0.62032
vt 0.24585 0.64445
vt 0.24535 0.5962
vt 0.2274 0.57765
vt 0.24905 0.57722
vt 0.2316 0.5603
vt 0.25275 0.55825
vt 0.2739 0.5562
vt 0.2707 0.5768
vt 0.28727 0.57837
vt 0.28945 0.55795
vt 0.305 0.5597
vt 0.30385 0.57995
vt 0.2303 0.5254
vt 0.23095 0.54285
vt 0.215 0.54282
vt 0.21325 0.526
vt 0.21675 0.55965
vt 0.2019 0.559
vt 0.19905 0.5428
vt 0.1962 0.5266
vt 0.3043 0.5428
vt 0.3156 0.54227
vt 0.31545 0.55995
vt 0.3036 0.5259
vt 0.31575 0.5246
vt 0.3279 0.5233
vt 0.3269 0.54175
vt 0.3259 0.5602
vt 0.2151 0.57305
vt 0.21345 0.58645
vt 0.2037 0.5779
vt 0.2028 0.56845
vt 0.3262 0.5832
vt 0.34065 0.58545
vt 0.34045 0.56325
vt 0.355 0.5663
vt 0.3551 0.5877
vt 0.25232 0.5408
vt 0.2519 0.52335
vt 0.2735 0.5213
vt 0.2737 0.53875
vt 0.289 0.54077
vt 0.28855 0.5236
vt 0.3544 0.547
vt 0.3675 0.548
vt 0.3678 0.56705
vt 0.3538 0.5277
vt 0.3672 0.52895
vt 0.3806 0.5302
vt 0.3806 0.549
vt 0.3806 0.5678
vt 0.2108 0.5129
vt 0.2293 0.5127
vt 0.1923 0.5131
vt 0.1884 0.4996
vt 0.20835 0.4998
vt 0.2283 0.5
vt 0.31502 0.58157
vt 0.3146 0.6032
vt 0.34065 0.54437
vt 0.34085 0.5255
vt 0.3027 0.4986
vt 0.3014 0.4845
vt 0.31547 0.4811
vt 0.31625 0.4963
vt 0.3001 0.4704
vt 0.3147 0.4659
vt 0.3293 0.4614
vt 0.32955 0.4777
vt 0.3298 0.494
vt 0.234 0.8636
vt 0.24327 0.84792
vt 0.25255 0.83225
vt 0.22812 0.87482
vt 0.19452 0.8869
vt 0.1889 0.89585
vt 0.26395 0.81655
vt 0.26422 0.7713
vt 0.3409 0.7046
vt 0.32522 0.7384
vt 0.3558 0.7117
vt 0.3405 0.7495
vt 0.1816 0.6418
vt 0.19797 0.65025
vt 0.21435 0.6587
vt 0.21112 0.9085
vt 0.1965 0.90725
vt 0.15882 0.70045
vt 0.1462 0.6996
vt 0.2258 0.95685
vt 0.22172 0.94572
vt 0.2144 0.9597
vt 0.2102 0.9476
vt 0.3678 0.66365
vt 0.36805 0.68887
vt 0.3553 0.6873
vt 0.3808 0.6644
vt 0.3808 0.69045
vt 0.3808 0.7165
vt 0.3683 0.7141
vt 0.3396 0.68285
vt 0.3239 0.6784
vt 0.3121 0.6774
vt 0.3003 0.6764
vt 0.3126 0.65755
vt 0.3136 0.63037
vt 0.3175 0.81747
vt 0.33415 0.80735
vt 0.23905 0.66332
vt 0.26375 0.66795
vt 0.28202 0.67217
vt 0.1168 0.7815
vt 0.1153 0.77347
vt 0.1092 0.7806
vt 0.10495 0.7739
vt 0.1007 0.7672
vt 0.1138 0.76545
vt 0.1104 0.8681
vt 0.1008 0.86645
vt 0.1099 0.8734
vt 0.1003 0.8718
vt 0.10885 0.7875
vt 0.1154 0.78845
vt 0.2813 0.4011
vt 0.2667 0.35625
vt 0.2762 0.35182
vt 0.29375 0.39575
vt 0.2521 0.3114
vt 0.25865 0.3079
vt 0.2652 0.3044
vt 0.2857 0.3474
vt 0.3062 0.3904
vt 0.2513 0.409
vt 0.24205 0.36205
vt 0.25437 0.35915
vt 0.2663 0.40505
vt 0.2328 0.3151
vt 0.24245 0.31325
vt 0.1889 0.4181
vt 0.18515 0.36935
vt 0.1972 0.36867
vt 0.2034 0.41605
vt 0.1814 0.3206
vt 0.191 0.3213
vt 0.2006 0.322
vt 0.20925 0.368
vt 0.2179 0.414
vt 0.2732 0.50995
vt 0.28817 0.5111
vt 0.2729 0.4986
vt 0.2878 0.4986
vt 0.30315 0.51225
vt 0.2346 0.4115
vt 0.22565 0.36502
vt 0.2167 0.31855
vt 0.25125 0.51132
vt 0.2506 0.4993
vt 0.1328 0.4205
vt 0.1362 0.373
vt 0.1485 0.37175
vt 0.1464 0.4196
vt 0.1396 0.3255
vt 0.1506 0.3239
vt 0.1616 0.3223
vt 0.1608 0.3705
vt 0.16 0.4187
vt 0.17445 0.4184
vt 0.17297 0.36992
vt 0.1715 0.32145
vt 0.139 0.44132
vt 0.12235 0.435
vt 0.15565 0.44765
vt 0.1513 0.4766
vt 0.1316 0.46305
vt 0.1119 0.4495
vt 0.27225 0.2985
vt 0.2955 0.33837
vt 0.2793 0.2926
vt 0.3053 0.32935
vt 0.3313 0.3661
vt 0.31875 0.37825
vt 0.1865 0.4784
vt 0.1689 0.4775
vt 0.17167 0.44795
vt 0.1877 0.44825
vt 0.2274 0.4778
vt 0.20695 0.4781
vt 0.20517 0.44707
vt 0.22265 0.4459
vt 0.0609 0.79927
vt 0.01295 0.81105
vt 0.0127 0.808
vt 0.06095 0.7943
vt 0.05842 0.78952
vt 0.0559 0.78475
vt 0.0119 0.80515
vt 0.0111 0.8023
vt 0.0556 0.85652
vt 0.0104 0.8466
vt 0.05575 0.8625
vt 0.0112 0.8532
vt 0.15875 0.30675
vt 0.15732 0.29897
vt 0.16752 0.29756
vt 0.16885 0.30552
vt 0.1559 0.2912
vt 0.1662 0.2896
vt 0.1765 0.288
vt 0.17772 0.29615
vt 0.17895 0.3043
vt 0.24735 0.2952
vt 0.24497 0.2871
vt 0.25092 0.28367
vt 0.2535 0.29175
vt 0.2426 0.279
vt 0.24835 0.2756
vt 0.2541 0.2722
vt 0.25687 0.28025
vt 0.25965 0.2883
vt 0.26272 0.27622
vt 0.2659 0.28365
vt 0.25955 0.2688
vt 0.265 0.2654
vt 0.26857 0.2722
vt 0.27215 0.279
vt 0.22785 0.299
vt 0.22537 0.29095
vt 0.23517 0.28902
vt 0.2376 0.2971
vt 0.2229 0.2829
vt 0.23275 0.28095
vt 0.19865 0.30465
vt 0.19767 0.29597
vt 0.21152 0.29346
vt 0.21325 0.30182
vt 0.1967 0.2873
vt 0.2098 0.2851
vt 0.13655 0.3095
vt 0.13502 0.3015
vt 0.14617 0.30023
vt 0.14765 0.30812
vt 0.1335 0.2935
vt 0.1447 0.29235
vt 0.1877 0.29606
vt 0.1888 0.30447
vt 0.1866 0.28765
vt 0.19295 0.26665
vt 0.19107 0.25632
vt 0.2017 0.25386
vt 0.2044 0.26427
vt 0.1892 0.246
vt 0.199 0.24345
vt 0.2088 0.2409
vt 0.21232 0.2514
vt 0.21585 0.2619
vt 0.21895 0.24817
vt 0.22355 0.2591
vt 0.21435 0.23725
vt 0.2199 0.2336
vt 0.22557 0.24495
vt 0.23125 0.2563
vt 0.17335 0.2674
vt 0.17177 0.2571
vt 0.18142 0.25671
vt 0.18315 0.26702
vt 0.1702 0.2468
vt 0.1797 0.2464
vt 0.13105 0.2707
vt 0.12982 0.2593
vt 0.142 0.25886
vt 0.1429 0.27002
vt 0.1286 0.2479
vt 0.1411 0.2477
vt 0.1536 0.2475
vt 0.15417 0.25842
vt 0.15475 0.26935
vt 0.16297 0.25776
vt 0.16405 0.26837
vt 0.1619 0.24715
vt 0.2431 0.2489
vt 0.2376 0.23725
vt 0.24331 0.23505
vt 0.24872 0.2463
vt 0.2321 0.2256
vt 0.2379 0.2238
vt 0.2437 0.222
vt 0.24902 0.23285
vt 0.25435 0.2437
vt 0.23158 0.2411
vt 0.23717 0.2526
vt 0.226 0.2296
vt 0.19335 0.1912
vt 0.18562 0.16635
vt 0.19151 0.16438
vt 0.19912 0.18867
vt 0.1779 0.1415
vt 0.1839 0.1401
vt 0.1899 0.1387
vt 0.1974 0.16242
vt 0.2049 0.18615
vt 0.1612 0.1993
vt 0.1567 0.17555
vt 0.16417 0.17305
vt 0.16935 0.1975
vt 0.1522 0.1518
vt 0.159 0.1486
vt 0.1658 0.1454
vt 0.17165 0.17055
vt 0.1775 0.1957
vt 0.1287 0.20375
vt 0.12875 0.18167
vt 0.13806 0.17997
vt 0.13907 0.20255
vt 0.1288 0.1596
vt 0.13705 0.1574
vt 0.1453 0.1552
vt 0.14737 0.17827
vt 0.14945 0.20135
vt 0.15203 0.17691
vt 0.15532 0.20032
vt 0.14875 0.1535
vt 0.21525 0.1825
vt 0.20682 0.16095
vt 0.21187 0.16098
vt 0.22055 0.18192
vt 0.1984 0.1394
vt 0.2032 0.14005
vt 0.208 0.1407
vt 0.21692 0.16102
vt 0.22585 0.18135
vt 0.20211 0.16168
vt 0.21007 0.18432
vt 0.19415 0.13905
vt 0.17863 0.16845
vt 0.18542 0.19345
vt 0.17185 0.14345
vt 0.5158 0.1117
vt 0.5167 0.0998
vt 0.52357 0.101
vt 0.52315 0.11305
vt 0.5176 0.0879
vt 0.524 0.08895
vt 0.5304 0.09
vt 0.53045 0.1022
vt 0.5305 0.1144
vt 0.5268 0.0736
vt 0.5307 0.06355
vt 0.53385 0.06542
vt 0.52945 0.07485
vt 0.5346 0.0535
vt 0.53825 0.056
vt 0.5419 0.0585
vt 0.537 0.0673
vt 0.5321 0.0761
vt 0.4134 0.192
vt 0.41445 0.19005
vt 0.41852 0.19177
vt 0.41785 0.1939
vt 0.4155 0.1881
vt 0.4192 0.18965
vt 0.4229 0.1912
vt 0.4226 0.1935
vt 0.4223 0.1958
vt 0.421 0.178
vt 0.42315 0.16825
vt 0.42875 0.1687
vt 0.42475 0.17855
vt 0.4253 0.1585
vt 0.43275 0.15885
vt 0.4402 0.1592
vt 0.43435 0.16915
vt 0.4285 0.1791
vt 0.5222 0.08075
vt 0.52132 0.07242
vt 0.5245 0.06825
vt 0.51815 0.0766
vt 0.5187 0.0653
vt 0.52045 0.0641
vt 0.5222 0.0629
vt 0.4329 0.1823
vt 0.4276 0.18905
vt 0.42665 0.1871
vt 0.4307 0.1807
vt 0.4257 0.18515
vt 0.52672 0.0819
vt 0.53125 0.08305
vt 0.41825 0.18305
vt 0.42197 0.1841
vt 0.52815 0.06102
vt 0.5318 0.0538
vt 0.5256 0.0585
vt 0.529 0.0541
vt 0.4443 0.16
vt 0.4386 0.17115
vt 0.43647 0.17015
vt 0.44225 0.1596
vt 0.5097 0.0908
vt 0.51105 0.07822
vt 0.5018 0.0937
vt 0.50395 0.07985
vt 0.5061 0.066
vt 0.5124 0.06565
vt 0.4795 0.1118
vt 0.49065 0.10275
vt 0.49145 0.11062
vt 0.48235 0.11775
vt 0.50055 0.1035
vt 0.4993 0.1133
vt 0.49225 0.1185
vt 0.4852 0.1237
vt 0.50755 0.1125
vt 0.50862 0.10165
vt 0.4526 0.1499
vt 0.44845 0.15495
vt 0.4464 0.1538
vt 0.45055 0.148
vt 0.44435 0.15265
vt 0.4485 0.1461
vt 0.47965 0.1285
vt 0.4749 0.1222
vt 0.4741 0.1333
vt 0.46745 0.12665
vt 0.4608 0.12
vt 0.47015 0.1159
vt 0.45425 0.11405
vt 0.4656 0.1072
vt 0.4477 0.1081
vt 0.46105 0.0985
vt 0.4744 0.0889
vt 0.47695 0.10035
vt 0.452 0.1247
vt 0.4564 0.12235
vt 0.45792 0.12397
vt 0.4532 0.1255
vt 0.46265 0.12245
vt 0.4645 0.1249
vt 0.45945 0.1256
vt 0.4544 0.1263
vt 0.4471 0.1202
vt 0.45067 0.11712
vt 0.4422 0.1157
vt 0.44495 0.1119
vt 0.45025 0.1354
vt 0.45182 0.1368
vt 0.45045 0.1481
vt 0.4534 0.1382
vt 0.4524 0.1501
vt 0.4408 0.14255
vt 0.44395 0.13137
vt 0.4331 0.139
vt 0.43765 0.12735
vt 0.43677 0.1507
vt 0.4292 0.14875
vt 0.42235 0.13535
vt 0.42765 0.12185
vt 0.4116 0.1317
vt 0.41765 0.11635
vt 0.4237 0.101
vt 0.43295 0.10835
vt 0.43805 0.1016
vt 0.45332 0.08742
vt 0.4284 0.0951
vt 0.4456 0.07635
vt 0.4628 0.0576
vt 0.4686 0.07325
vt 0.4998 0.0565
vt 0.4813 0.05705
vt 0.4793 0.0468
vt 0.50045 0.0478
vt 0.45815 0.0458
vt 0.4535 0.034
vt 0.4773 0.03655
vt 0.5011 0.0391
vt 0.4355 0.10497
vt 0.42605 0.09805
vt 0.422 0.1626
vt 0.41545 0.1603
vt 0.41645 0.15842
vt 0.42365 0.16055
vt 0.4089 0.158
vt 0.40925 0.1563
vt 0.4096 0.1546
vt 0.41745 0.15655
vt 0.4199 0.14595
vt 0.4106 0.14315
vt 0.41515 0.0946
vt 0.41682 0.09245
vt 0.4066 0.0882
vt 0.4076 0.08685
vt 0.4086 0.0855
vt 0.4185 0.0903
vt 0.48577 0.06725
vt 0.49025 0.07745
vt 0.50295 0.06125
vt 0.3972 0.1566
vt 0.39905 0.14362
vt 0.3848 0.1586
vt 0.3875 0.1441
vt 0.3902 0.1296
vt 0.4009 0.13065
vt 0.39995 0.16015
vt 0.39857 0.15837
vt 0.391 0.1623
vt 0.3879 0.16045
vt 0.40802 0.11262
vt 0.3984 0.1089
vt 0.3788 0.1272
vt 0.38605 0.10925
vt 0.3674 0.1248
vt 0.3737 0.1096
vt 0.38 0.0944
vt 0.3933 0.0913
vt 0.3932 0.08992
vt 0.3788 0.093
vt 0.3776 0.0916
vt 0.3931 0.08855
vt 0.49045 0.0901
vt 0.3769 0.1598
vt 0.37785 0.1435
vt 0.369 0.161
vt 0.3682 0.1429
vt 0.37915 0.1628
vt 0.37802 0.1613
vt 0.3673 0.1633
vt 0.36815 0.16215
vt 0.3615 0.1243
vt 0.36955 0.10795
vt 0.37162 0.10877
vt 0.36445 0.12455
vt 0.3663 0.14335
vt 0.3644 0.1438
vt 0.43832 0.06805
vt 0.43105 0.05975
vt 0.42907 0.04432
vt 0.44885 0.0229
vt 0.4093 0.06575
vt 0.41 0.046
vt 0.4271 0.0289
vt 0.4442 0.0118
vt 0.47572 0.02525
vt 0.5026 0.0276
vt 0.47415 0.01395
vt 0.5041 0.0161
vt 0.082 0.1213
vt 0.07985 0.1151
vt 0.08705 0.11485
vt 0.087 0.122
vt 0.0777 0.1089
vt 0.0871 0.1077
vt 0.0965 0.1065
vt 0.09425 0.1146
vt 0.092 0.1227
vt 0.071 0.1318
vt 0.06275 0.1285
vt 0.0713 0.1218
vt 0.0765 0.12655
vt 0.0545 0.1252
vt 0.0661 0.11705
vt 0.0758 0.09985
vt 0.08925 0.10072
vt 0.0739 0.0908
vt 0.0914 0.09375
vt 0.1089 0.0967
vt 0.1027 0.1016
vt 0.0507 0.1207
vt 0.06325 0.11027
vt 0.0469 0.1162
vt 0.0604 0.1035
vt 0.0736 0.07935
vt 0.09077 0.07832
vt 0.0733 0.0679
vt 0.09015 0.0629
vt 0.107 0.0579
vt 0.10795 0.0773
vt 0.0452 0.10435
vt 0.0594 0.09185
vt 0.0435 0.0925
vt 0.0584 0.0802
vt 0.07375 0.04015
vt 0.09005 0.0386
vt 0.0742 0.0124
vt 0.08995 0.0143
vt 0.1057 0.0162
vt 0.10635 0.03705
vt 0.03855 0.0794
vt 0.05615 0.05977
vt 0.0336 0.0663
vt 0.0539 0.03935
vt 0.1184 0.1505
vt 0.1253 0.1444
vt 0.12807 0.14632
vt 0.12025 0.15195
vt 0.1322 0.1383
vt 0.1359 0.1407
vt 0.1396 0.1431
vt 0.13085 0.14825
vt 0.1221 0.1534
vt 0.1081 0.14
vt 0.11795 0.1344
vt 0.12162 0.1394
vt 0.11325 0.14525
vt 0.1278 0.1288
vt 0.13 0.13355
vt 0.0601 0.1648
vt 0.04955 0.16545
vt 0.05167 0.15455
vt 0.06205 0.1555
vt 0.039 0.1661
vt 0.0413 0.1536
vt 0.0436 0.1411
vt 0.0538 0.14365
vt 0.064 0.1462
vt 0.0675 0.139
vt 0.05827 0.13607
vt 0.04905 0.13315
vt 0.10765 0.113
vt 0.10172 0.11982
vt 0.1188 0.1195
vt 0.1092 0.12505
vt 0.0996 0.1306
vt 0.0958 0.12665
vt 0.0353 0.1637
vt 0.03792 0.15235
vt 0.0316 0.1613
vt 0.03455 0.1511
vt 0.0375 0.1409
vt 0.04055 0.141
vt 0.13285 0.1262
vt 0.13495 0.13012
vt 0.1379 0.1236
vt 0.1399 0.1267
vt 0.1419 0.1298
vt 0.13705 0.13405
vt 0.14035 0.13715
vt 0.1448 0.1336
vt 0.1477 0.1374
vt 0.14365 0.14025
vt 0.04562 0.13085
vt 0.0422 0.12855
vt 0.11395 0.10967
vt 0.12025 0.10635
vt 0.1316 0.116
vt 0.1252 0.11775
vt 0.1434 0.1277
vt 0.14572 0.13035
vt 0.1449 0.1256
vt 0.14665 0.1271
vt 0.1484 0.1286
vt 0.14805 0.133
vt 0.1098 0.01835
vt 0.11247 0.03817
vt 0.1139 0.0205
vt 0.1186 0.0393
vt 0.1233 0.0581
vt 0.11515 0.058
vt 0.1679 0.1292
vt 0.16195 0.1249
vt 0.16497 0.1165
vt 0.17145 0.1179
vt 0.156 0.1206
vt 0.1585 0.1151
vt 0.161 0.1096
vt 0.168 0.1081
vt 0.175 0.1066
vt 0.155 0.12895
vt 0.1578 0.1333
vt 0.1522 0.1246
vt 0.11507 0.07695
vt 0.1222 0.0766
vt 0.1211 0.0951
vt 0.115 0.0959
vt 0.12487 0.1052
vt 0.1295 0.10405
vt 0.1379 0.113
vt 0.13475 0.1145
vt 0.14015 0.12175
vt 0.14177 0.12472
vt 0.1424 0.1199
vt 0.14365 0.12275
vt 0.1742 0.0853
vt 0.17005 0.0854
vt 0.17165 0.07072
vt 0.1754 0.0705
vt 0.1659 0.0855
vt 0.1679 0.07095
vt 0.1699 0.0564
vt 0.17325 0.05605
vt 0.1766 0.0557
vt 0.16902 0.09675
vt 0.1746 0.09595
vt 0.16345 0.09755
vt 0.16182 0.03597
vt 0.164 0.0343
vt 0.15965 0.03765
vt 0.1494 0.0189
vt 0.1504 0.0159
vt 0.1514 0.0129
vt 0.1301 0.01712
vt 0.12855 0.01455
vt 0.13165 0.0197
vt 0.13912 0.03847
vt 0.1466 0.05725
vt 0.14505 0.07377
vt 0.1435 0.0903
vt 0.14647 0.1008
vt 0.14945 0.1113
vt 0.316 0.51045
vt 0.32885 0.50865
vt 0.2697 0.4742
vt 0.24855 0.476
vt 0.24157 0.44375
vt 0.2605 0.4416
vt 0.31237 0.32495
vt 0.3403 0.36185
vt 0.28445 0.28805
vt 0.2896 0.2835
vt 0.31945 0.32055
vt 0.3493 0.3576
vt 0.2849 0.4723
vt 0.2756 0.43867
vt 0.2907 0.43575
vt 0.27361 0.26813
vt 0.27722 0.27477
vt 0.27 0.2615
vt 0.275 0.2576
vt 0.27865 0.26407
vt 0.2823 0.27055
vt 0.25473 0.23056
vt 0.25982 0.24087
vt 0.24965 0.22025
vt 0.2556 0.2185
vt 0.26045 0.22827
vt 0.2653 0.23805
vt 0.2195 0.16096
vt 0.22955 0.18072
vt 0.20945 0.1412
vt 0.2109 0.1417
vt 0.22207 0.1609
vt 0.23325 0.1801
vt 0.11357 0.12972
vt 0.10385 0.1353
vt 0.1233 0.12415
vt 0.12902 0.12197
vt 0.13475 0.1198
vt 0.13745 0.11812
vt 0.14015 0.11645
vt 0.14932 0.11577
vt 0.1492 0.12025
vt 0.14792 0.12367
vt 0.91435 0.46575
vt 0.9107 0.4624
vt 0.918 0.4691
vt 0.9139 0.471
vt 0.9117 0.46815
vt 0.9095 0.4653
vt 0.9047 0.4673
vt 0.9026 0.4708
vt 0.9068 0.4638
vt 0.9076 0.4655
vt 0.9065 0.4691
vt 0.9054 0.4727
vt 0.9241 0.47525
vt 0.9196 0.47615
vt 0.9261 0.4833
vt 0.9212 0.4832
vt 0.9163 0.4831
vt 0.9151 0.47705
vt 0.90875 0.4631
vt 0.90855 0.4654
vt 0.90095 0.4751
vt 0.8993 0.4794
vt 0.9046 0.47625
vt 0.9038 0.4798
vt 0.911 0.4721
vt 0.91025 0.47005
vt 0.91097 0.4691
vt 0.91245 0.47155
vt 0.9095 0.468
vt 0.9095 0.46665
vt 0.9055 0.4764
vt 0.9049 0.47995
vt 0.9061 0.47285
vt 0.9068 0.473
vt 0.9064 0.47655
vt 0.906 0.4801
vt 0.90475 0.4814
vt 0.90605 0.4814
vt 0.90345 0.4814
vt 0.9031 0.483
vt 0.9046 0.48285
vt 0.9061 0.4827
vt 0.90692 0.4699
vt 0.90775 0.46695
vt 0.9079 0.4684
vt 0.90735 0.4707
vt 0.90862 0.4668
vt 0.9087 0.4682
vt 0.83862 0.51365
vt 0.8393 0.5175
vt 0.8403 0.52102
vt 0.38062 0.91405
vt 0.39035 0.91578
vt 0.3894 0.9281
vt 0.3913 0.90347
vt 0.40007 0.91752
vt 0.83827 0.44492
vt 0.83965 0.449
vt 0.84067 0.45235
vt 0.2892 0.9733
vt 0.2878 0.97215
vt 0.28965 0.96897
vt 0.29145 0.9705
vt 0.2864 0.971
vt 0.28785 0.96745
vt 0.22785 0.4889
vt 0.24957 0.48765
vt 0.2713 0.4864
vt 0.28635 0.48545
vt 0.3417 0.48975
vt 0.34127 0.50762
vt 0.3536 0.4855
vt 0.3537 0.5066
vt 0.18745 0.489
vt 0.20765 0.48895
vt 0.30422 0.43082
vt 0.31775 0.4259
vt 0.17345 0.49785
vt 0.17117 0.48767
vt 0.1585 0.4961
vt 0.1549 0.48635
vt 0.18632 0.54525
vt 0.1824 0.52935
vt 0.19025 0.56115
vt 0.1786 0.5633
vt 0.1736 0.5477
vt 0.1686 0.5321
vt 0.3705 0.4393
vt 0.3509 0.4027
vt 0.35597 0.38597
vt 0.37165 0.4101
vt 0.36105 0.36925
vt 0.3728 0.3809
vt 0.3458 0.47005
vt 0.3499 0.45035
vt 0.36205 0.4624
vt 0.33432 0.4143
vt 0.17792 0.5136
vt 0.16355 0.5141
vt 0.19165 0.5703
vt 0.19305 0.57945
vt 0.1824 0.581
vt 0.1805 0.57215
vt 0.1996 0.58705
vt 0.18575 0.58765
vt 0.8798 0.4832
vt 0.882 0.4832
vt 0.88205 0.48597
vt 0.88005 0.4858
vt 0.8842 0.4832
vt 0.88405 0.48615
vt 0.88535 0.48612
vt 0.8857 0.4832
vt 0.87435 0.4847
vt 0.8772 0.48525
vt 0.87705 0.4832
vt 0.86007 0.48552
vt 0.86585 0.485
vt 0.8543 0.48605
vt 0.82847 0.4889
vt 0.8361 0.4873
vt 0.82085 0.4905
vt 0.8214 0.4832
vt 0.8283 0.4832
vt 0.8701 0.48485
vt 0.8452 0.48667
vt 0.38672 0.93957
vt 0.38405 0.95105
vt 0.97132 0.5001
vt 0.97415 0.48195
vt 0.9933 0.4807
vt 0.9888 0.50495
vt 0.92942 0.49235
vt 0.9238 0.49065
vt 0.9314 0.48325
vt 0.79785 0.494
vt 0.80935 0.49225
vt 0.81 0.4832
vt 0.78127 0.49665
vt 0.7647 0.4993
vt 0.6839 0.55537
vt 0.70575 0.52565
vt 0.66205 0.5851
vt 0.6487 0.5796
vt 0.66715 0.549
vt 0.6856 0.5184
vt 0.66062 0.62542
vt 0.6592 0.66575
vt 0.6462 0.6699
vt 0.64745 0.62475
vt 0.82905 0.7895
vt 0.7848 0.7816
vt 0.82465 0.8038
vt 0.779 0.797
vt 0.721 0.74615
vt 0.69765 0.7289
vt 0.74435 0.7634
vt 0.7359 0.7787
vt 0.7104 0.75915
vt 0.6849 0.7396
vt 0.67842 0.69732
vt 0.66555 0.70475
vt 0.76457 0.7725
vt 0.75745 0.78785
vt 0.7351 0.51247
vt 0.7055 0.52565
vt 0.6851 0.5184
vt 0.72475 0.5008
vt 0.39225 0.89116
vt 0.3932 0.87885
vt 0.3807 0.84975
vt 0.39635 0.85192
vt 0.48647 0.95677
vt 0.4884 0.96145
vt 0.49595 0.94915
vt 0.4992 0.9542
vt 0.51197 0.9465
vt 0.5116 0.9541
vt 0.528 0.94385
vt 0.524 0.954
vt 0.6407 0.6731
vt 0.6319 0.68215
vt 0.62465 0.67772
vt 0.6358 0.6679
vt 0.6174 0.6733
vt 0.6309 0.6627
vt 0.60857 0.6609
vt 0.623 0.65165
vt 0.3938 0.6637
vt 0.3936 0.637
vt 0.38075 0.63795
vt 0.3807 0.6115
vt 0.3934 0.6103
vt 0.3934 0.5887
vt 0.38065 0.58965
vt 0.3934 0.5671
vt 0.3937 0.54802
vt 0.394 0.52895
vt 0.60427 0.5173
vt 0.5996 0.5351
vt 0.6113 0.52065
vt 0.6067 0.5382
vt 0.40095 0.74922
vt 0.39335 0.71425
vt 0.3808 0.7487
vt 0.53955 0.94572
vt 0.53545 0.95685
vt 0.5511 0.9476
vt 0.5469 0.9597
vt 0.39357 0.68897
vt 0.91945 0.48975
vt 0.9151 0.48885
vt 0.8995 0.48295
vt 0.89935 0.4853
vt 0.9034 0.48475
vt 0.9132 0.4886
vt 0.9113 0.48835
vt 0.9114 0.483
vt 0.91385 0.48305
vt 0.90472 0.48442
vt 0.90605 0.4841
vt 0.39405 0.50887
vt 0.3806 0.5111
vt 0.3806 0.3812
vt 0.38455 0.38105
vt 0.38512 0.4118
vt 0.3806 0.4135
vt 0.64955 0.44985
vt 0.6338 0.4638
vt 0.6498 0.4502
vt 0.6382 0.4646
vt 0.59537 0.55132
vt 0.6032 0.555
vt 0.891 0.4806
vt 0.88665 0.48025
vt 0.89535 0.48095
vt 0.88005 0.4806
vt 0.88205 0.4804
vt 0.88405 0.4802
vt 0.88535 0.48022
vt 0.8772 0.48112
vt 0.82847 0.4775
vt 0.82085 0.4759
vt 0.97132 0.46502
vt 0.95385 0.4711
vt 0.9888 0.45895
vt 0.94905 0.47132
vt 0.94425 0.47155
vt 0.93505 0.47235
vt 0.93965 0.47195
vt 0.92957 0.4738
vt 0.80935 0.47412
vt 0.87315 0.16845
vt 0.8964 0.16487
vt 0.8692 0.1542
vt 0.8937 0.152
vt 0.9182 0.1498
vt 0.91965 0.1613
vt 0.7848 0.18475
vt 0.82897 0.1766
vt 0.779 0.1694
vt 0.8241 0.1618
vt 0.721 0.22017
vt 0.7104 0.20715
vt 0.7359 0.1876
vt 0.74435 0.20295
vt 0.76457 0.19385
vt 0.75745 0.1785
vt 0.285 0.96985
vt 0.28605 0.96592
vt 0.2836 0.9687
vt 0.28425 0.9644
vt 0.36505 0.8519
vt 0.3619 0.82495
vt 0.27285 0.96145
vt 0.2748 0.95677
vt 0.15277 0.6609
vt 0.1383 0.65165
vt 0.1462 0.6406
vt 0.1616 0.6485
vt 0.1566 0.62
vt 0.15975 0.6049
vt 0.1737 0.60782
vt 0.1714 0.6236
vt 0.1629 0.5898
vt 0.176 0.59205
vt 0.36787 0.63697
vt 0.36795 0.6103
vt 0.36787 0.58867
vt 0.1616 0.53515
vt 0.15675 0.51737
vt 0.1546 0.5382
vt 0.14995 0.52065
vt 0.1453 0.5031
vt 0.1519 0.4996
vt 0.36065 0.7491
vt 0.353 0.7841
vt 0.1514 0.6303
vt 0.1665 0.63605
vt 0.35745 0.80452
vt 0.8994 0.48117
vt 0.91315 0.4773
vt 0.9112 0.47755
vt 0.14745 0.4887
vt 0.14 0.49105
vt 0.1347 0.479
vt 0.143 0.4778
vt 0.3671 0.48875
vt 0.36715 0.50885
vt 0.37612 0.4118
vt 0.3767 0.38105
vt 0.37555 0.44255
vt 0.12735 0.46382
vt 0.1117 0.44985
vt 0.1231 0.4646
vt 0.1115 0.4502
vt 0.1701 0.56755
vt 0.16585 0.55135
vt 0.1616 0.5718
vt 0.1581 0.555
vt 0.37132 0.46565
vt 0.17422 0.5864
vt 0.1627 0.58515
vt 0.1625 0.5805
vt 0.17245 0.58075
vt 0.17127 0.57415
vt 0.16205 0.57615
vt 0.37093 0.91578
vt 0.33696 0.92766
vt 0.44716 0.92173
vt 0.453 0.9529
vt 0.4563 0.94985
vt 0.46012 0.95402
vt 0.4571 0.95665
vt 0.46395 0.9582
vt 0.4612 0.9604
vt 0.4671 0.9674
vt 0.46415 0.9639
vt 0.46668 0.96188
vt 0.46942 0.96557
vt 0.4721 0.9733
vt 0.4696 0.97035
vt 0.47145 0.96886
vt 0.47347 0.97215
vt 0.4459 0.9478
vt 0.44085 0.9447
vt 0.44587 0.94065
vt 0.4501 0.94425
vt 0.44945 0.95035
vt 0.4532 0.94705
vt 0.40882 0.92108
vt 0.41757 0.92465
vt 0.42405 0.92781
vt 0.25967 0.25455
vt 0.26491 0.25118
vt 0.27015 0.24782
vt 0.23692 0.26765
vt 0.24276 0.2641
vt 0.2486 0.26055
vt 0.25413 0.25755
vt 0.15532 0.28027
vt 0.16512 0.27898
vt 0.17492 0.2777
vt 0.13227 0.2821
vt 0.1438 0.28118
vt 0.18487 0.27733
vt 0.19482 0.27697
vt 0.21937 0.2724
vt 0.22815 0.27002
vt 0.2071 0.27468
vt 0.27572 0.2858
vt 0.28083 0.28141
vt 0.28595 0.27702
vt 0.18017 0.31245
vt 0.1899 0.31288
vt 0.19962 0.31332
vt 0.13807 0.3175
vt 0.14912 0.31601
vt 0.16017 0.31452
vt 0.21497 0.31018
vt 0.23032 0.30705
vt 0.24002 0.30517
vt 0.24972 0.3033
vt 0.26242 0.29635
vt 0.26907 0.29107
vt 0.25607 0.29982
vt 0.17017 0.31348
vt 0.49638 0.25118
vt 0.50162 0.25455
vt 0.49115 0.24782
vt 0.51853 0.2641
vt 0.52437 0.26765
vt 0.5127 0.26055
vt 0.50716 0.25755
vt 0.59613 0.27898
vt 0.60597 0.28027
vt 0.5863 0.2777
vt 0.6175 0.28118
vt 0.62902 0.2821
vt 0.57638 0.27733
vt 0.56647 0.27697
vt 0.53315 0.27002
vt 0.54192 0.2724
vt 0.5542 0.27468
vt 0.43496 0.3434
vt 0.42692 0.33907
vt 0.47737 0.31843
vt 0.5742 0.39372
vt 0.58751 0.39416
vt 0.60082 0.3946
vt 0.61381 0.39567
vt 0.6268 0.39675
vt 0.51452 0.38552
vt 0.53103 0.38826
vt 0.54755 0.391
vt 0.56087 0.39236
vt 0.50087 0.3821
vt 0.48722 0.37867
vt 0.47623 0.37378
vt 0.23477 0.20167
vt 0.23031 0.19151
vt 0.23457 0.1906
vt 0.2396 0.20048
vt 0.23883 0.1897
vt 0.24442 0.1993
vt 0.18335 0.22085
vt 0.18042 0.20827
vt 0.18881 0.20595
vt 0.19221 0.21845
vt 0.19721 0.20362
vt 0.20107 0.21605
vt 0.2124 0.20987
vt 0.20865 0.19801
vt 0.21405 0.19564
vt 0.21803 0.20696
vt 0.21946 0.19327
vt 0.22367 0.20405
vt 0.22488 0.19239
vt 0.22922 0.20286
vt 0.15152 0.22442
vt 0.15048 0.21288
vt 0.15696 0.21203
vt 0.15861 0.22373
vt 0.16345 0.21117
vt 0.1657 0.22305
vt 0.12865 0.22582
vt 0.12867 0.21478
vt 0.13958 0.21383
vt 0.14008 0.22512
vt 0.17193 0.20972
vt 0.17452 0.22195
vt 0.20293 0.20081
vt 0.20673 0.21296
vt 0.52652 0.20167
vt 0.52168 0.20048
vt 0.5267 0.1906
vt 0.53098 0.19151
vt 0.51685 0.1993
vt 0.52242 0.1897
vt 0.57795 0.22085
vt 0.56908 0.21845
vt 0.57248 0.20595
vt 0.58087 0.20827
vt 0.56022 0.21605
vt 0.56408 0.20362
vt 0.5489 0.20987
vt 0.54325 0.20696
vt 0.54722 0.19564
vt 0.55265 0.19801
vt 0.5376 0.20405
vt 0.5418 0.19327
vt 0.53206 0.20286
vt 0.53639 0.19239
vt 0.60977 0.22442
vt 0.60268 0.22373
vt 0.60433 0.21203
vt 0.61081 0.21288
vt 0.5956 0.22305
vt 0.59785 0.21117
vt 0.63265 0.22582
vt 0.62121 0.22512
vt 0.62171 0.21383
vt 0.63262 0.21478
vt 0.58677 0.22195
vt 0.58936 0.20972
vt 0.55456 0.21296
vt 0.55836 0.20081
vt 0.20493 0.22847
vt 0.21054 0.2251
vt 0.21615 0.22173
vt 0.16795 0.23492
vt 0.17711 0.23417
vt 0.18627 0.23342
vt 0.12862 0.23686
vt 0.14059 0.23641
vt 0.15256 0.23596
vt 0.16025 0.23544
vt 0.22788 0.21482
vt 0.23356 0.21333
vt 0.23923 0.21183
vt 0.22201 0.21828
vt 0.1956 0.23095
vt 0.24462 0.21036
vt 0.25001 0.2089
vt 0.55075 0.2251
vt 0.55636 0.22847
vt 0.54515 0.22173
vt 0.58418 0.23417
vt 0.59335 0.23492
vt 0.57502 0.23342
vt 0.6207 0.23641
vt 0.63267 0.23686
vt 0.60873 0.23596
vt 0.60104 0.23544
vt 0.52773 0.21333
vt 0.5334 0.21482
vt 0.52206 0.21183
vt 0.53927 0.21828
vt 0.56569 0.23095
vt 0.51666 0.21036
vt 0.51127 0.2089
vt 0.91044 0.48826
vt 0.91082 0.4829
vt 0.90968 0.48283
vt 0.91034 0.47746
vt 0.90918 0.48056
vt 0.90947 0.47921
vt 0.91058 0.47368
vt 0.90934 0.47293
vt 0.90976 0.47786
vt 0.91183 0.47443
vt 0.9083 0.47686
vt 0.90755 0.47493
vt 0.90852 0.47079
vt 0.9089 0.47243
vt 0.90815 0.46915
vt 0.90983 0.49308
vt 0.91013 0.49067
vt 0.90876 0.48866
vt 0.90922 0.48575
vt 0.90851 0.48753
vt 0.90832 0.4854
vt 0.9089 0.48231
vt 0.90885 0.48405
vt 0.90813 0.48328
vt 0.90895 0.48057
vt 0.9074 0.48278
vt 0.9067 0.48144
vt 0.90712 0.47818
vt 0.90785 0.47982
vt 0.90857 0.49408
vt 0.90759 0.49077
vt 0.90828 0.48915
vt 0.90959 0.49332
vt 0.90702 0.48754
vt 0.90746 0.4902
vt 0.90658 0.48487
vt 0.90716 0.48425
vt 0.9076 0.48613
vt 0.90803 0.48801
vt 0.9054 0.48373
vt 0.90621 0.48462
vt 0.90476 0.48337
vt 0.90643 0.48375
g ZBrush_defualt_group
f 1/1 816/2 820/3 819/4
f 816/2 2/5 817/6 820/3
f 820/3 817/6 3/7 818/8
f 819/4 820/3 818/8 4/9
f 2/5 816/2 824/10 823/11
f 816/2 1/1 821/12 824/10
f 824/10 821/12 5/13 822/14
f 823/11 824/10 822/14 6/15
f 7/16 825/17 828/18 827/19
f 825/17 2/5 823/11 828/18
f 828/18 823/11 6/15 826/20
f 827/19 828/18 826/20 8/21
f 7/16 827/19 832/22 831/23
f 827/19 8/21 829/24 832/22
f 832/22 829/24 9/25 830/26
f 831/23 832/22 830/26 10/27
f 8/21 826/20 836/28 835/29
f 826/20 6/15 833/30 836/28
f 836/28 833/30 11/31 834/32
f 835/29 836/28 834/32 12/33
f 8/21 835/29 839/34 829/24
f 835/29 12/33 837/35 839/34
f 839/34 837/35 13/36 838/37
f 829/24 839/34 838/37 9/25
f 13/36 837/35 843/38 842/39
f 837/35 12/33 840/40 843/38
f 843/38 840/40 14/41 841/42
f 842/39 843/38 841/42 15/43
f 11/31 844/44 846/45 834/32
f 844/44 16/46 845/47 846/45
f 846/45 845/47 14/41 840/40
f 834/32 846/45 840/40 12/33
f 6/15 822/14 849/48 833/30
f 822/14 5/13 847/49 849/48
f 849/48 847/49 17/50 848/51
f 833/30 849/48 848/51 11/31
f 15/43 850/52 854/53 853/54
f 850/52 18/55 851/56 854/53
f 854/53 851/56 19/57 852/58
f 853/54 854/53 852/58 20/59
f 21/60 855/61 858/62 857/63
f 855/61 22/64 856/65 858/62
f 858/62 856/65 20/59 852/58
f 857/63 858/62 852/58 19/57
f 23/66 859/67 863/68 862/69
f 859/67 24/70 860/71 863/68
f 863/68 860/71 25/72 861/73
f 862/69 863/68 861/73 26/74
f 15/43 841/42 866/75 850/52
f 841/42 14/41 864/76 866/75
f 866/75 864/76 27/77 865/78
f 850/52 866/75 865/78 18/55
f 28/79 867/80 871/81 870/82
f 867/80 27/77 868/83 871/81
f 871/81 868/83 29/84 869/85
f 870/82 871/81 869/85 30/86
f 27/77 867/80 874/87 865/78
f 867/80 28/79 872/88 874/87
f 874/87 872/88 31/89 873/90
f 865/78 874/87 873/90 18/55
f 32/91 875/92 878/93 877/94
f 875/92 33/95 876/96 878/93
f 878/93 876/96 22/64 855/61
f 877/94 878/93 855/61 21/60
f 27/77 864/76 881/97 880/98
f 864/76 14/41 845/47 881/97
f 881/97 845/47 16/46 879/99
f 880/98 881/97 879/99 34/100
f 35/101 882/102 886/103 885/104
f 882/102 36/105 883/106 886/103
f 886/103 883/106 37/107 884/108
f 885/104 886/103 884/108 38/109
f 38/109 884/108 890/110 889/111
f 884/108 37/107 887/112 890/110
f 890/110 887/112 39/113 888/114
f 889/111 890/110 888/114 40/115
f 41/116 891/117 895/118 894/119
f 891/117 42/120 892/121 895/118
f 895/118 892/121 43/122 893/123
f 894/119 895/118 893/123 44/124
f 39/113 896/125 899/126 898/127
f 896/125 41/116 894/119 899/126
f 899/126 894/119 44/124 897/128
f 898/127 899/126 897/128 45/129
f 46/130 900/131 903/132 902/133
f 900/131 47/134 901/135 903/132
f 903/132 901/135 25/72 860/71
f 902/133 903/132 860/71 24/70
f 3/7 904/136 906/137 818/8
f 904/136 25/72 901/135 906/137
f 906/137 901/135 47/134 905/138
f 818/8 906/137 905/138 4/9
f 48/139 907/140 911/141 910/142
f 907/140 49/143 908/144 911/141
f 911/141 908/144 34/100 909/145
f 910/142 911/141 909/145 50/146
f 50/146 912/147 915/148 914/149
f 912/147 23/66 913/150 915/148
f 915/148 913/150 38/109 889/111
f 914/149 915/148 889/111 40/115
f 16/46 916/151 917/152 879/99
f 916/151 23/66 912/147 917/152
f 917/152 912/147 50/146 909/145
f 879/99 917/152 909/145 34/100
f 11/31 918/153 919/154 844/44
f 918/153 24/70 859/67 919/154
f 919/154 859/67 23/66 916/151
f 844/44 919/154 916/151 16/46
f 24/70 918/153 921/155 902/133
f 918/153 11/31 848/51 921/155
f 921/155 848/51 17/50 920/156
f 902/133 921/155 920/156 46/130
f 27/77 880/98 923/157 868/83
f 880/98 34/100 908/144 923/157
f 923/157 908/144 49/143 922/158
f 868/83 923/157 922/158 29/84
f 29/84 924/159 927/160 869/85
f 924/159 51/161 925/162 927/160
f 927/160 925/162 52/163 926/164
f 869/85 927/160 926/164 30/86
f 32/91 928/165 930/166 929/167
f 928/165 28/79 870/82 930/166
f 930/166 870/82 30/86 926/164
f 929/167 930/166 926/164 52/163
f 28/79 928/165 932/168 872/88
f 928/165 32/91 877/94 932/168
f 932/168 877/94 21/60 931/169
f 872/88 932/168 931/169 31/89
f 19/57 851/56 933/170 857/63
f 851/56 18/55 873/90 933/170
f 933/170 873/90 31/89 931/169
f 857/63 933/170 931/169 21/60
f 33/95 875/92 936/171 935/172
f 875/92 32/91 929/167 936/171
f 936/171 929/167 52/163 934/173
f 935/172 936/171 934/173 53/174
f 51/161 937/175 939/176 925/162
f 937/175 54/177 938/178 939/176
f 939/176 938/178 53/174 934/173
f 925/162 939/176 934/173 52/163
f 20/59 856/65 943/179 942/180
f 856/65 22/64 940/181 943/179
f 943/179 940/181 55/182 941/183
f 942/180 943/179 941/183 56/184
f 56/184 941/183 947/185 946/186
f 941/183 55/182 944/187 947/185
f 947/185 944/187 57/188 945/189
f 946/186 947/185 945/189 58/190
f 58/190 945/189 951/191 950/192
f 945/189 57/188 948/193 951/191
f 951/191 948/193 59/194 949/195
f 950/192 951/191 949/195 60/196
f 15/43 853/54 954/197 842/39
f 853/54 20/59 952/198 954/197
f 954/197 952/198 61/199 953/200
f 842/39 954/197 953/200 13/36
f 51/161 924/159 957/201 956/202
f 924/159 29/84 922/158 957/201
f 957/201 922/158 49/143 955/203
f 956/202 957/201 955/203 62/204
f 48/139 958/205 960/206 907/140
f 958/205 63/207 959/208 960/206
f 960/206 959/208 62/204 955/203
f 907/140 960/206 955/203 49/143
f 64/209 961/210 964/211 963/212
f 961/210 65/213 962/214 964/211
f 964/211 962/214 63/207 958/205
f 963/212 964/211 958/205 48/139
f 64/209 963/212 966/215 965/216
f 963/212 48/139 910/142 966/215
f 966/215 910/142 50/146 914/149
f 965/216 966/215 914/149 40/115
f 66/217 967/218 970/219 969/220
f 967/218 67/221 968/222 970/219
f 970/219 968/222 64/209 965/216
f 969/220 970/219 965/216 40/115
f 39/113 898/127 972/223 888/114
f 898/127 45/129 971/224 972/223
f 972/223 971/224 66/217 969/220
f 888/114 972/223 969/220 40/115
f 64/209 968/222 976/225 975/226
f 968/222 67/221 973/227 976/225
f 976/225 973/227 68/228 974/229
f 975/226 976/225 974/229 69/230
f 70/231 977/232 981/233 980/234
f 977/232 71/235 978/236 981/233
f 981/233 978/236 72/237 979/238
f 980/234 981/233 979/238 73/239
f 53/174 938/178 985/240 984/241
f 938/178 54/177 982/242 985/240
f 985/240 982/242 74/243 983/244
f 984/241 985/240 983/244 75/245
f 37/107 986/246 988/247 887/112
f 986/246 76/248 987/249 988/247
f 988/247 987/249 41/116 896/125
f 887/112 988/247 896/125 39/113
f 36/105 989/250 991/251 883/106
f 989/250 77/252 990/253 991/251
f 991/251 990/253 76/248 986/246
f 883/106 991/251 986/246 37/107
f 78/254 992/255 995/256 994/257
f 992/255 79/258 993/259 995/256
f 995/256 993/259 77/252 989/250
f 994/257 995/256 989/250 36/105
f 35/101 996/260 1000/261 999/262
f 996/260 26/74 997/263 1000/261
f 1000/261 997/263 80/264 998/265
f 999/262 1000/261 998/265 81/266
f 81/266 1001/267 1002/268 999/262
f 1001/267 78/254 994/257 1002/268
f 1002/268 994/257 36/105 882/102
f 999/262 1002/268 882/102 35/101
f 25/72 904/136 1004/269 861/73
f 904/136 3/7 1003/270 1004/269
f 1004/269 1003/270 80/264 997/263
f 861/73 1004/269 997/263 26/74
f 26/74 996/260 1005/271 862/69
f 996/260 35/101 885/104 1005/271
f 1005/271 885/104 38/109 913/150
f 862/69 1005/271 913/150 23/66
f 2/5 825/17 1008/272 817/6
f 825/17 7/16 1006/273 1008/272
f 1008/272 1006/273 82/274 1007/275
f 817/6 1008/272 1007/275 3/7
f 3/7 1007/275 1011/276 1003/270
f 1007/275 82/274 1009/277 1011/276
f 1011/276 1009/277 83/278 1010/279
f 1003/270 1011/276 1010/279 80/264
f 80/264 1010/279 1014/280 998/265
f 1010/279 83/278 1012/281 1014/280
f 1014/280 1012/281 84/282 1013/283
f 998/265 1014/280 1013/283 81/266
f 79/258 992/255 1016/284 1015/285
f 992/255 78/254 1001/267 1016/284
f 1016/284 1001/267 81/266 1013/283
f 1015/285 1016/284 1013/283 84/282
f 85/286 1017/287 1019/288 1018/289
f 1017/287 65/213 961/210 1019/288
f 1019/288 961/210 64/209 975/226
f 1018/289 1019/288 975/226 69/230
f 86/290 1020/291 1024/292 1023/293
f 1020/291 87/294 1021/295 1024/292
f 1024/292 1021/295 88/296 1022/297
f 1023/293 1024/292 1022/297 89/298
f 62/204 959/208 1027/299 1026/300
f 959/208 63/207 1025/301 1027/299
f 1027/299 1025/301 87/302 1020/303
f 1026/300 1027/299 1020/303 86/304
f 51/161 956/202 1029/305 937/175
f 956/202 62/204 1026/300 1029/305
f 1029/305 1026/300 86/304 1028/306
f 937/175 1029/305 1028/306 54/177
f 85/286 1030/307 1033/308 1017/287
f 1030/307 90/309 1031/310 1033/308
f 1033/308 1031/310 91/311 1032/312
f 1017/287 1033/308 1032/312 65/213
f 87/302 1025/301 1035/313 1034/314
f 1025/301 63/207 962/214 1035/313
f 1035/313 962/214 65/213 1032/312
f 1034/314 1035/313 1032/312 91/311
f 90/309 1030/307 1039/315 1038/316
f 1030/307 85/286 1036/317 1039/315
f 1039/315 1036/317 92/318 1037/319
f 1038/316 1039/315 1037/319 93/320
f 87/302 1034/314 1042/321 1041/322
f 1034/314 91/311 1031/310 1042/321
f 1042/321 1031/310 90/309 1040/323
f 1041/322 1042/321 1040/323 94/324
f 95/325 1043/326 1045/327 1044/328
f 1043/326 92/318 1036/317 1045/327
f 1045/327 1036/317 85/286 1018/289
f 1044/328 1045/327 1018/289 69/230
f 33/95 935/172 1049/329 1048/330
f 935/172 53/174 1046/331 1049/329
f 1049/329 1046/331 71/235 1047/332
f 1048/330 1049/329 1047/332 96/333
f 96/333 1047/332 1052/334 1051/335
f 1047/332 71/235 977/232 1052/334
f 1052/334 977/232 70/231 1050/336
f 1051/335 1052/334 1050/336 97/337
f 87/294 1041/338 1055/339 1021/295
f 1041/338 94/340 1053/341 1055/339
f 1055/339 1053/341 98/342 1054/343
f 1021/295 1055/339 1054/343 88/296
f 54/344 1028/345 1057/346 982/347
f 1028/345 86/290 1023/293 1057/346
f 1057/346 1023/293 89/298 1056/348
f 982/347 1057/346 1056/348 74/349
f 75/245 1058/350 1059/351 984/241
f 1058/350 72/237 978/236 1059/351
f 1059/351 978/236 71/235 1046/331
f 984/241 1059/351 1046/331 53/174
f 33/95 1048/330 1061/352 876/96
f 1048/330 96/333 1060/353 1061/352
f 1061/352 1060/353 55/182 940/181
f 876/96 1061/352 940/181 22/64
f 55/182 1060/353 1063/354 944/187
f 1060/353 96/333 1051/335 1063/354
f 1063/354 1051/335 97/337 1062/355
f 944/187 1063/354 1062/355 57/188
f 56/184 1064/356 1066/357 942/180
f 1064/356 99/358 1065/359 1066/357
f 1066/357 1065/359 61/199 952/198
f 942/180 1066/357 952/198 20/59
f 100/360 1067/361 1070/362 1069/363
f 1067/361 10/27 830/26 1070/362
f 1070/362 830/26 9/25 1068/364
f 1069/363 1070/362 1068/364 101/365
f 101/365 1068/364 1072/366 1071/367
f 1068/364 9/25 838/37 1072/366
f 1072/366 838/37 13/36 953/200
f 1071/367 1072/366 953/200 61/199
f 58/190 1073/368 1075/369 946/186
f 1073/368 102/370 1074/371 1075/369
f 1075/369 1074/371 99/358 1064/356
f 946/186 1075/369 1064/356 56/184
f 60/196 1076/372 1078/373 950/192
f 1076/372 103/374 1077/375 1078/373
f 1078/373 1077/375 102/370 1073/368
f 950/192 1078/373 1073/368 58/190
f 101/365 1071/367 1081/376 1080/377
f 1071/367 61/199 1065/359 1081/376
f 1081/376 1065/359 99/358 1079/378
f 1080/377 1081/376 1079/378 104/379
f 104/379 1079/378 1084/380 1083/381
f 1079/378 99/358 1074/371 1084/380
f 1084/380 1074/371 102/370 1082/382
f 1083/381 1084/380 1082/382 105/383
f 106/384 1085/385 1088/386 1087/387
f 1085/385 104/379 1083/381 1088/386
f 1088/386 1083/381 105/383 1086/388
f 1087/387 1088/386 1086/388 107/389
f 106/384 1089/390 1090/391 1085/385
f 1089/390 100/360 1069/363 1090/391
f 1090/391 1069/363 101/365 1080/377
f 1085/385 1090/391 1080/377 104/379
f 105/383 1082/382 1092/392 1086/388
f 1082/382 102/370 1077/375 1092/392
f 1092/392 1077/375 103/374 1091/393
f 1086/388 1092/392 1091/393 107/389
f 73/239 1093/394 1096/395 980/234
f 1093/394 108/396 1094/397 1096/395
f 1096/395 1094/397 109/398 1095/399
f 980/234 1096/395 1095/399 70/231
f 110/400 1097/401 1099/402 1098/403
f 1097/401 97/337 1050/336 1099/402
f 1099/402 1050/336 70/231 1095/399
f 1098/403 1099/402 1095/399 109/398
f 57/188 1062/355 1101/404 948/193
f 1062/355 97/337 1097/401 1101/404
f 1101/404 1097/401 110/400 1100/405
f 948/193 1101/404 1100/405 59/194
f 109/398 1094/397 1105/406 1104/407
f 1094/397 108/396 1102/408 1105/406
f 1105/406 1102/408 111/409 1103/410
f 1104/407 1105/406 1103/410 112/411
f 113/412 1106/413 1110/414 1109/415
f 1106/413 114/416 1107/417 1110/414
f 1110/414 1107/417 115/418 1108/419
f 1109/415 1110/414 1108/419 116/420
f 114/416 1111/421 1114/422 1107/417
f 1111/421 117/423 1112/424 1114/422
f 1114/422 1112/424 118/425 1113/426
f 1107/417 1114/422 1113/426 115/418
f 119/427 1115/428 1119/429 1118/430
f 1115/428 120/431 1116/432 1119/429
f 1119/429 1116/432 121/433 1117/434
f 1118/430 1119/429 1117/434 122/435
f 120/431 1120/436 1123/437 1116/432
f 1120/436 123/438 1121/439 1123/437
f 1123/437 1121/439 124/440 1122/441
f 1116/432 1123/437 1122/441 121/433
f 125/442 1124/443 1128/444 1127/445
f 1124/443 126/446 1125/447 1128/444
f 1128/444 1125/447 127/448 1126/449
f 1127/445 1128/444 1126/449 128/450
f 126/446 1129/451 1132/452 1125/447
f 1129/451 129/453 1130/454 1132/452
f 1132/452 1130/454 130/455 1131/456
f 1125/447 1132/452 1131/456 127/448
f 119/427 1118/430 1135/457 1134/458
f 1118/430 122/435 1133/459 1135/457
f 1135/457 1133/459 130/455 1130/454
f 1134/458 1135/457 1130/454 129/453
f 123/438 1136/460 1139/461 1138/462
f 1136/460 74/349 1056/348 1139/461
f 1139/461 1056/348 89/298 1137/463
f 1138/462 1139/461 1137/463 113/412
f 115/418 1113/426 1143/464 1142/465
f 1113/426 118/425 1140/466 1143/464
f 1143/464 1140/466 131/467 1141/468
f 1142/465 1143/464 1141/468 132/469
f 124/440 1144/470 1148/471 1147/472
f 1144/470 116/420 1145/473 1148/471
f 1148/471 1145/473 133/474 1146/475
f 1147/472 1148/471 1146/475 134/476
f 121/433 1122/441 1151/477 1150/478
f 1122/441 124/440 1147/472 1151/477
f 1151/477 1147/472 134/476 1149/479
f 1150/478 1151/477 1149/479 135/480
f 130/455 1133/459 1155/481 1154/482
f 1133/459 122/435 1152/483 1155/481
f 1155/481 1152/483 136/484 1153/485
f 1154/482 1155/481 1153/485 137/486
f 127/448 1131/456 1158/487 1157/488
f 1131/456 130/455 1154/482 1158/487
f 1158/487 1154/482 137/486 1156/489
f 1157/488 1158/487 1156/489 138/490
f 133/474 1145/473 1160/491 1159/492
f 1145/473 116/420 1108/419 1160/491
f 1160/491 1108/419 115/418 1142/465
f 1159/492 1160/491 1142/465 132/469
f 134/476 1146/475 1164/493 1163/494
f 1146/475 133/474 1161/495 1164/493
f 1164/493 1161/495 139/496 1162/497
f 1163/494 1164/493 1162/497 140/498
f 135/480 1149/479 1167/499 1166/500
f 1149/479 134/476 1163/494 1167/499
f 1167/499 1163/494 140/498 1165/501
f 1166/500 1167/499 1165/501 141/502
f 142/503 1168/504 1172/505 1171/506
f 1168/504 143/507 1169/508 1172/505
f 1172/505 1169/508 144/509 1170/510
f 1171/506 1172/505 1170/510 145/511
f 146/512 1173/513 1176/514 1175/515
f 1173/513 142/503 1171/506 1176/514
f 1176/514 1171/506 145/511 1174/516
f 1175/515 1176/514 1174/516 147/517
f 145/511 1170/510 1180/518 1179/519
f 1170/510 144/509 1177/520 1180/518
f 1180/518 1177/520 148/521 1178/522
f 1179/519 1180/518 1178/522 149/523
f 147/517 1174/516 1183/524 1182/525
f 1174/516 145/511 1179/519 1183/524
f 1183/524 1179/519 149/523 1181/526
f 1182/525 1183/524 1181/526 150/527
f 149/523 1178/522 1187/528 1186/529
f 1178/522 148/521 1184/530 1187/528
f 1187/528 1184/530 151/531 1185/532
f 1186/529 1187/528 1185/532 152/533
f 150/527 1181/526 1190/534 1189/535
f 1181/526 149/523 1186/529 1190/534
f 1190/534 1186/529 152/533 1188/536
f 1189/535 1190/534 1188/536 153/537
f 152/533 1185/532 1194/538 1193/539
f 1185/532 151/531 1191/540 1194/538
f 1194/538 1191/540 154/541 1192/542
f 1193/539 1194/538 1192/542 155/543
f 153/537 1188/536 1197/544 1196/545
f 1188/536 152/533 1193/539 1197/544
f 1197/544 1193/539 155/543 1195/546
f 1196/545 1197/544 1195/546 156/547
f 121/433 1150/478 1199/548 1117/434
f 1150/478 135/480 1198/549 1199/548
f 1199/548 1198/549 136/484 1152/483
f 1117/434 1199/548 1152/483 122/435
f 146/512 1200/550 1204/551 1203/552
f 1200/550 157/553 1201/554 1204/551
f 1204/551 1201/554 158/555 1202/556
f 1203/552 1204/551 1202/556 141/502
f 141/502 1202/556 1206/557 1166/500
f 1202/556 158/555 1205/558 1206/557
f 1206/557 1205/558 136/484 1198/549
f 1166/500 1206/557 1198/549 135/480
f 150/527 1207/559 1210/560 1182/525
f 1207/559 159/561 1208/562 1210/560
f 1210/560 1208/562 160/563 1209/564
f 1182/525 1210/560 1209/564 147/517
f 144/509 1211/565 1214/566 1177/520
f 1211/565 161/567 1212/568 1214/566
f 1214/566 1212/568 162/569 1213/570
f 1177/520 1214/566 1213/570 148/521
f 143/507 1215/571 1217/572 1169/508
f 1215/571 163/573 1216/574 1217/572
f 1217/572 1216/574 161/567 1211/565
f 1169/508 1217/572 1211/565 144/509
f 161/567 1218/575 1221/576 1212/568
f 1218/575 164/577 1219/578 1221/576
f 1221/576 1219/578 165/579 1220/580
f 1212/568 1221/576 1220/580 162/569
f 166/581 1222/582 1226/583 1225/584
f 1222/582 163/573 1223/585 1226/583
f 1226/583 1223/585 167/586 1224/587
f 1225/584 1226/583 1224/587 168/588
f 161/567 1227/589 1230/590 1218/575
f 1227/589 169/591 1228/592 1230/590
f 1230/590 1228/592 170/593 1229/594
f 1218/575 1230/590 1229/594 164/577
f 132/469 1231/595 1233/596 1159/492
f 1231/595 167/586 1232/597 1233/596
f 1233/596 1232/597 139/496 1161/495
f 1159/492 1233/596 1161/495 133/474
f 164/577 1234/598 1236/599 1219/578
f 1234/598 160/600 1208/601 1236/599
f 1236/599 1208/601 159/602 1235/603
f 1219/578 1236/599 1235/603 165/579
f 148/521 1213/570 1239/604 1184/530
f 1213/570 162/569 1237/605 1239/604
f 1239/604 1237/605 171/606 1238/607
f 1184/530 1239/604 1238/607 151/531
f 151/531 1238/607 1242/608 1191/540
f 1238/607 171/606 1240/609 1242/608
f 1242/608 1240/609 172/610 1241/611
f 1191/540 1242/608 1241/611 154/541
f 160/600 1234/598 1245/612 1244/613
f 1234/598 164/577 1229/594 1245/612
f 1245/612 1229/594 170/593 1243/614
f 1244/613 1245/612 1243/614 173/615
f 174/616 1246/617 1249/618 1248/619
f 1246/617 157/620 1247/621 1249/618
f 1249/618 1247/621 160/600 1244/613
f 1248/619 1249/618 1244/613 173/615
f 138/490 1156/489 1253/622 1252/623
f 1156/489 137/486 1250/624 1253/622
f 1253/622 1250/624 175/625 1251/626
f 1252/623 1253/622 1251/626 176/627
f 174/628 1254/629 1257/630 1256/631
f 1254/629 177/632 1255/633 1257/630
f 1257/630 1255/633 176/627 1251/626
f 1256/631 1257/630 1251/626 175/625
f 136/484 1205/558 1259/634 1153/485
f 1205/558 158/555 1258/635 1259/634
f 1259/634 1258/635 175/625 1250/624
f 1153/485 1259/634 1250/624 137/486
f 173/615 1260/636 1264/637 1263/638
f 1260/636 178/639 1261/640 1264/637
f 1264/637 1261/640 179/641 1262/642
f 1263/638 1264/637 1262/642 180/643
f 170/593 1265/644 1267/645 1243/614
f 1265/644 181/646 1266/647 1267/645
f 1267/645 1266/647 178/639 1260/636
f 1243/614 1267/645 1260/636 173/615
f 169/591 1268/648 1270/649 1228/592
f 1268/648 182/650 1269/651 1270/649
f 1270/649 1269/651 181/646 1265/644
f 1228/592 1270/649 1265/644 170/593
f 169/591 1271/652 1274/653 1268/648
f 1271/652 166/581 1272/654 1274/653
f 1274/653 1272/654 183/655 1273/656
f 1268/648 1274/653 1273/656 182/650
f 184/657 1275/658 1279/659 1278/660
f 1275/658 185/661 1276/662 1279/659
f 1279/659 1276/662 186/663 1277/664
f 1278/660 1279/659 1277/664 187/665
f 188/666 1280/667 1284/668 1283/669
f 1280/667 189/670 1281/671 1284/668
f 1284/668 1281/671 190/672 1282/673
f 1283/669 1284/668 1282/673 191/674
f 192/675 1285/676 1289/677 1288/678
f 1285/676 193/679 1286/680 1289/677
f 1289/677 1286/680 194/681 1287/682
f 1288/678 1289/677 1287/682 195/683
f 193/679 1290/684 1293/685 1286/680
f 1290/684 196/686 1291/687 1293/685
f 1293/685 1291/687 197/688 1292/689
f 1286/680 1293/685 1292/689 194/681
f 196/686 1294/690 1296/691 1291/687
f 1294/690 188/666 1283/669 1296/691
f 1296/691 1283/669 191/674 1295/692
f 1291/687 1296/691 1295/692 197/688
f 197/688 1295/692 1300/693 1299/694
f 1295/692 191/674 1297/695 1300/693
f 1300/693 1297/695 198/696 1298/697
f 1299/694 1300/693 1298/697 199/698
f 191/674 1282/673 1303/699 1297/695
f 1282/673 190/672 1301/700 1303/699
f 1303/699 1301/700 200/701 1302/702
f 1297/695 1303/699 1302/702 198/696
f 201/703 1304/704 1308/705 1307/706
f 1304/704 202/707 1305/708 1308/705
f 1308/705 1305/708 203/709 1306/710
f 1307/706 1308/705 1306/710 199/698
f 200/701 1309/711 1313/712 1312/713
f 1309/711 204/714 1310/715 1313/712
f 1313/712 1310/715 205/716 1311/717
f 1312/713 1313/712 1311/717 206/718
f 199/698 1306/710 1316/719 1299/694
f 1306/710 203/709 1314/720 1316/719
f 1316/719 1314/720 207/721 1315/722
f 1299/694 1316/719 1315/722 197/688
f 187/665 1277/664 1320/723 1319/724
f 1277/664 186/663 1317/725 1320/723
f 1320/723 1317/725 208/726 1318/727
f 1319/724 1320/723 1318/727 204/714
f 199/698 1298/697 1323/728 1307/706
f 1298/697 198/696 1321/729 1323/728
f 1323/728 1321/729 209/730 1322/731
f 1307/706 1323/728 1322/731 201/703
f 198/696 1302/702 1325/732 1321/729
f 1302/702 200/701 1312/713 1325/732
f 1325/732 1312/713 206/718 1324/733
f 1321/729 1325/732 1324/733 209/730
f 201/703 1326/734 1329/735 1304/704
f 1326/734 210/736 1327/737 1329/735
f 1329/735 1327/737 211/738 1328/739
f 1304/704 1329/735 1328/739 202/707
f 190/672 1330/740 1331/741 1301/700
f 1330/740 187/665 1319/724 1331/741
f 1331/741 1319/724 204/714 1309/711
f 1301/700 1331/741 1309/711 200/701
f 204/714 1318/727 1334/742 1310/715
f 1318/727 208/726 1332/743 1334/742
f 1334/742 1332/743 212/744 1333/745
f 1310/715 1334/742 1333/745 205/716
f 213/746 1335/747 1339/748 1338/749
f 1335/747 214/750 1336/751 1339/748
f 1339/748 1336/751 215/752 1337/753
f 1338/749 1339/748 1337/753 216/754
f 140/498 1162/497 1342/755 1341/756
f 1162/497 139/496 1340/757 1342/755
f 1342/755 1340/757 143/507 1168/504
f 1341/756 1342/755 1168/504 142/503
f 141/502 1165/501 1343/758 1203/552
f 1165/501 140/498 1341/756 1343/758
f 1343/758 1341/756 142/503 1173/513
f 1203/552 1343/758 1173/513 146/512
f 147/517 1209/564 1344/759 1175/515
f 1209/564 160/563 1247/760 1344/759
f 1344/759 1247/760 157/553 1200/550
f 1175/515 1344/759 1200/550 146/512
f 139/496 1232/597 1345/761 1340/757
f 1232/597 167/586 1223/585 1345/761
f 1345/761 1223/585 163/573 1215/571
f 1340/757 1345/761 1215/571 143/507
f 169/591 1227/589 1346/762 1271/652
f 1227/589 161/567 1216/574 1346/762
f 1346/762 1216/574 163/573 1222/582
f 1271/652 1346/762 1222/582 166/581
f 183/655 1272/654 1349/763 1348/764
f 1272/654 166/581 1225/584 1349/763
f 1349/763 1225/584 168/588 1347/765
f 1348/764 1349/763 1347/765 217/766
f 179/641 1261/640 1352/767 1351/768
f 1261/640 178/639 1350/769 1352/767
f 1352/767 1350/769 196/686 1290/684
f 1351/768 1352/767 1290/684 193/679
f 175/625 1258/635 1353/770 1256/631
f 1258/635 158/555 1201/554 1353/770
f 1353/770 1201/554 157/553 1246/771
f 1256/631 1353/770 1246/771 174/628
f 173/615 1263/638 1355/772 1248/619
f 1263/638 180/643 1354/773 1355/772
f 1355/772 1354/773 177/774 1254/775
f 1248/619 1355/772 1254/775 174/616
f 218/776 1356/777 1358/778 1357/779
f 1356/777 179/641 1351/768 1358/778
f 1358/778 1351/768 193/679 1285/676
f 1357/779 1358/778 1285/676 192/675
f 184/657 1359/780 1361/781 1275/658
f 1359/780 183/655 1348/764 1361/781
f 1361/781 1348/764 217/766 1360/782
f 1275/658 1361/781 1360/782 185/661
f 183/655 1359/780 1364/783 1273/656
f 1359/780 184/657 1362/784 1364/783
f 1364/783 1362/784 189/670 1363/785
f 1273/656 1364/783 1363/785 182/650
f 187/665 1330/740 1365/786 1278/660
f 1330/740 190/672 1281/671 1365/786
f 1365/786 1281/671 189/670 1362/784
f 1278/660 1365/786 1362/784 184/657
f 167/586 1231/595 1367/787 1224/587
f 1231/595 132/469 1141/468 1367/787
f 1367/787 1141/468 131/467 1366/788
f 1224/587 1367/787 1366/788 168/588
f 168/588 1366/788 1371/789 1370/790
f 1366/788 131/467 1368/791 1371/789
f 1371/789 1368/791 219/792 1369/793
f 1370/790 1371/789 1369/793 220/794
f 196/686 1350/769 1373/795 1294/690
f 1350/769 178/639 1266/647 1373/795
f 1373/795 1266/647 181/646 1372/796
f 1294/690 1373/795 1372/796 188/666
f 182/650 1363/785 1374/797 1269/651
f 1363/785 189/670 1280/667 1374/797
f 1374/797 1280/667 188/666 1372/796
f 1269/651 1374/797 1372/796 181/646
f 165/579 1235/603 1378/798 1377/799
f 1235/603 159/602 1375/800 1378/798
f 1378/798 1375/800 221/801 1376/802
f 1377/799 1378/798 1376/802 222/803
f 153/537 1379/804 1380/805 1189/535
f 1379/804 221/806 1375/807 1380/805
f 1380/805 1375/807 159/561 1207/559
f 1189/535 1380/805 1207/559 150/527
f 171/606 1237/605 1382/808 1381/809
f 1237/605 162/569 1220/580 1382/808
f 1382/808 1220/580 165/579 1377/799
f 1381/809 1382/808 1377/799 222/803
f 223/810 1383/811 1387/812 1386/813
f 1383/811 224/814 1384/815 1387/812
f 1387/812 1384/815 225/816 1385/817
f 1386/813 1387/812 1385/817 226/818
f 227/819 1388/820 1391/821 1390/822
f 1388/820 223/810 1386/813 1391/821
f 1391/821 1386/813 226/818 1389/823
f 1390/822 1391/821 1389/823 228/824
f 229/825 1392/826 1396/827 1395/828
f 1392/826 230/829 1393/830 1396/827
f 1396/827 1393/830 231/831 1394/832
f 1395/828 1396/827 1394/832 232/833
f 209/730 1324/733 1400/834 1399/835
f 1324/733 206/718 1397/836 1400/834
f 1400/834 1397/836 213/746 1398/837
f 1399/835 1400/834 1398/837 233/838
f 227/819 1390/822 1403/839 1402/840
f 1390/822 228/824 1401/841 1403/839
f 1403/839 1401/841 231/831 1393/830
f 1402/840 1403/839 1393/830 230/829
f 201/703 1322/731 1405/842 1326/734
f 1322/731 209/730 1399/835 1405/842
f 1405/842 1399/835 233/838 1404/843
f 1326/734 1405/842 1404/843 210/736
f 234/844 1406/845 1410/846 1409/847
f 1406/845 235/848 1407/849 1410/846
f 1410/846 1407/849 236/850 1408/851
f 1409/847 1410/846 1408/851 237/852
f 229/825 1395/828 1413/853 1412/854
f 1395/828 232/833 1411/855 1413/853
f 1413/853 1411/855 236/850 1407/849
f 1412/854 1413/853 1407/849 235/848
f 238/856 1414/857 1418/858 1417/859
f 1414/857 239/860 1415/861 1418/858
f 1418/858 1415/861 240/862 1416/863
f 1417/859 1418/858 1416/863 241/864
f 224/814 1419/865 1423/866 1422/867
f 1419/865 242/868 1420/869 1423/866
f 1423/866 1420/869 243/870 1421/871
f 1422/867 1423/866 1421/871 244/872
f 245/873 1424/874 1427/875 1426/876
f 1424/874 246/877 1425/878 1427/875
f 1427/875 1425/878 241/864 1416/863
f 1426/876 1427/875 1416/863 240/862
f 247/879 1428/880 1431/881 1430/882
f 1428/880 248/883 1429/884 1431/881
f 1431/881 1429/884 246/877 1424/874
f 1430/882 1431/881 1424/874 245/873
f 171/606 1381/809 1434/885 1240/609
f 1381/809 222/803 1432/886 1434/885
f 1434/885 1432/886 249/887 1433/888
f 1240/609 1434/885 1433/888 172/610
f 221/801 1435/889 1437/890 1376/802
f 1435/889 250/891 1436/892 1437/890
f 1437/890 1436/892 249/887 1432/886
f 1376/802 1437/890 1432/886 222/803
f 156/547 1438/893 1439/894 1196/545
f 1438/893 250/895 1435/896 1439/894
f 1439/894 1435/896 221/806 1379/804
f 1196/545 1439/894 1379/804 153/537
f 236/850 1411/855 1443/897 1442/898
f 1411/855 232/833 1440/899 1443/897
f 1443/897 1440/899 251/900 1441/901
f 1442/898 1443/897 1441/901 252/902
f 226/818 1385/817 1447/903 1446/904
f 1385/817 225/816 1444/905 1447/903
f 1447/903 1444/905 253/906 1445/907
f 1446/904 1447/903 1445/907 254/908
f 225/816 1448/909 1451/910 1444/905
f 1448/909 255/911 1449/912 1451/910
f 1451/910 1449/912 256/913 1450/914
f 1444/905 1451/910 1450/914 253/906
f 228/824 1389/823 1454/915 1453/916
f 1389/823 226/818 1446/904 1454/915
f 1454/915 1446/904 254/908 1452/917
f 1453/916 1454/915 1452/917 257/918
f 231/831 1401/841 1457/919 1456/920
f 1401/841 228/824 1453/916 1457/919
f 1457/919 1453/916 257/918 1455/921
f 1456/920 1457/919 1455/921 258/922
f 237/852 1408/851 1460/923 1459/924
f 1408/851 236/850 1442/898 1460/923
f 1460/923 1442/898 252/902 1458/925
f 1459/924 1460/923 1458/925 259/926
f 232/833 1394/832 1462/927 1440/899
f 1394/832 231/831 1456/920 1462/927
f 1462/927 1456/920 258/922 1461/928
f 1440/899 1462/927 1461/928 251/900
f 260/929 1463/930 1467/931 1466/932
f 1463/930 261/933 1464/934 1467/931
f 1467/931 1464/934 262/935 1465/936
f 1466/932 1467/931 1465/936 263/937
f 261/933 1468/938 1471/939 1464/934
f 1468/938 264/940 1469/941 1471/939
f 1471/939 1469/941 265/942 1470/943
f 1464/934 1471/939 1470/943 262/935
f 266/944 1472/945 1475/946 1474/947
f 1472/945 260/929 1466/932 1475/946
f 1475/946 1466/932 263/937 1473/948
f 1474/947 1475/946 1473/948 267/949
f 268/950 1476/951 1480/952 1479/953
f 1476/951 269/954 1477/955 1480/952
f 1480/952 1477/955 270/956 1478/957
f 1479/953 1480/952 1478/957 271/958
f 269/954 1481/959 1483/960 1477/955
f 1481/959 266/944 1474/947 1483/960
f 1483/960 1474/947 267/949 1482/961
f 1477/955 1483/960 1482/961 270/956
f 272/962 1484/963 1488/964 1487/965
f 1484/963 273/966 1485/967 1488/964
f 1488/964 1485/967 274/968 1486/969
f 1487/965 1488/964 1486/969 275/970
f 264/940 1489/971 1491/972 1469/941
f 1489/971 272/962 1487/965 1491/972
f 1491/972 1487/965 275/970 1490/973
f 1469/941 1491/972 1490/973 265/942
f 276/974 1492/975 1496/976 1495/977
f 1492/975 277/978 1493/979 1496/976
f 1496/976 1493/979 278/980 1494/981
f 1495/977 1496/976 1494/981 279/982
f 280/983 1497/984 1501/985 1500/986
f 1497/984 281/987 1498/988 1501/985
f 1501/985 1498/988 282/989 1499/990
f 1500/986 1501/985 1499/990 283/991
f 284/992 1502/993 1506/994 1505/995
f 1502/993 285/996 1503/997 1506/994
f 1506/994 1503/997 286/998 1504/999
f 1505/995 1506/994 1504/999 287/1000
f 285/996 1507/1001 1509/1002 1503/997
f 1507/1001 280/983 1500/986 1509/1002
f 1509/1002 1500/986 283/991 1508/1003
f 1503/997 1509/1002 1508/1003 286/998
f 288/1004 1510/1005 1514/1006 1513/1007
f 1510/1005 289/1008 1511/1009 1514/1006
f 1514/1006 1511/1009 290/1010 1512/1011
f 1513/1007 1514/1006 1512/1011 291/1012
f 277/978 1515/1013 1517/1014 1493/979
f 1515/1013 288/1004 1513/1007 1517/1014
f 1517/1014 1513/1007 291/1012 1516/1015
f 1493/979 1517/1014 1516/1015 278/980
f 281/987 1518/1016 1520/1017 1498/988
f 1518/1016 276/974 1495/977 1520/1017
f 1520/1017 1495/977 279/982 1519/1018
f 1498/988 1520/1017 1519/1018 282/989
f 154/1019 1241/1020 1524/1021 1523/1022
f 1241/1020 172/1023 1521/1024 1524/1021
f 1524/1021 1521/1024 292/1025 1522/1026
f 1523/1022 1524/1021 1522/1026 293/1027
f 294/1028 1525/1029 1529/1030 1528/1031
f 1525/1029 295/1032 1526/1033 1529/1030
f 1529/1030 1526/1033 296/1034 1527/1035
f 1528/1031 1529/1030 1527/1035 297/1036
f 297/1037 1527/1038 1533/1039 1532/1040
f 1527/1038 296/1041 1530/1042 1533/1039
f 1533/1039 1530/1042 298/1043 1531/1044
f 1532/1040 1533/1039 1531/1044 299/1045
f 300/1046 1534/1047 1538/1048 1537/1049
f 1534/1047 301/1050 1535/1051 1538/1048
f 1538/1048 1535/1051 302/1052 1536/1053
f 1537/1049 1538/1048 1536/1053 303/1054
f 294/1028 1539/1055 1542/1056 1541/1057
f 1539/1055 300/1058 1537/1059 1542/1056
f 1542/1056 1537/1059 303/1060 1540/1061
f 1541/1057 1542/1056 1540/1061 293/1027
f 295/1062 1543/1063 1545/1064 1526/1065
f 1543/1063 301/1050 1544/1066 1545/1064
f 1545/1064 1544/1066 298/1043 1530/1042
f 1526/1065 1545/1064 1530/1042 296/1041
f 293/1027 1522/1026 1547/1067 1541/1057
f 1522/1026 292/1025 1546/1068 1547/1067
f 1547/1067 1546/1068 295/1032 1525/1029
f 1541/1057 1547/1067 1525/1029 294/1028
f 299/1045 1531/1044 1549/1069 1548/1070
f 1531/1044 298/1043 1544/1066 1549/1069
f 1549/1069 1544/1066 301/1050 1534/1047
f 1548/1070 1549/1069 1534/1047 300/1046
f 297/1036 1532/1071 1550/1072 1528/1031
f 1532/1071 299/1073 1548/1074 1550/1072
f 1550/1072 1548/1074 300/1058 1539/1055
f 1528/1031 1550/1072 1539/1055 294/1028
f 292/1075 1551/1076 1552/1077 1546/1078
f 1551/1076 302/1052 1535/1051 1552/1077
f 1552/1077 1535/1051 301/1050 1543/1063
f 1546/1078 1552/1077 1543/1063 295/1062
f 293/1027 1540/1061 1556/1079 1555/1080
f 1540/1061 303/1060 1553/1081 1556/1079
f 1556/1079 1553/1081 304/1082 1554/1083
f 1555/1080 1556/1079 1554/1083 305/1084
f 306/1085 1557/1086 1560/1087 1559/1088
f 1557/1086 156/1089 1195/1090 1560/1087
f 1560/1087 1195/1090 155/1091 1558/1092
f 1559/1088 1560/1087 1558/1092 305/1084
f 154/1019 1523/1022 1561/1093 1192/1094
f 1523/1022 293/1027 1555/1080 1561/1093
f 1561/1093 1555/1080 305/1084 1558/1092
f 1192/1094 1561/1093 1558/1092 155/1091
f 172/1095 1562/1096 1564/1097 1521/1098
f 1562/1096 307/1099 1563/1100 1564/1097
f 1564/1097 1563/1100 302/1052 1551/1076
f 1521/1098 1564/1097 1551/1076 292/1075
f 156/1089 1557/1086 1567/1101 1438/1102
f 1557/1086 306/1085 1565/1103 1567/1101
f 1567/1101 1565/1103 308/1104 1566/1105
f 1438/1102 1567/1101 1566/1105 250/1106
f 308/1104 1565/1103 1571/1107 1570/1108
f 1565/1103 306/1085 1568/1109 1571/1107
f 1571/1107 1568/1109 309/1110 1569/1111
f 1570/1108 1571/1107 1569/1111 310/1112
f 311/1113 1572/1114 1574/1115 1573/1116
f 1572/1114 249/1117 1436/1118 1574/1115
f 1574/1115 1436/1118 250/1119 1566/1120
f 1573/1116 1574/1115 1566/1120 308/1104
f 311/1113 1573/1116 1577/1121 1576/1122
f 1573/1116 308/1104 1570/1108 1577/1121
f 1577/1121 1570/1108 310/1112 1575/1123
f 1576/1122 1577/1121 1575/1123 312/1124
f 307/1099 1562/1125 1579/1126 1578/1127
f 1562/1125 172/1128 1433/1129 1579/1126
f 1579/1126 1433/1129 249/1117 1572/1114
f 1578/1127 1579/1126 1572/1114 311/1113
f 307/1099 1578/1127 1582/1130 1581/1131
f 1578/1127 311/1113 1576/1122 1582/1130
f 1582/1130 1576/1122 312/1124 1580/1132
f 1581/1131 1582/1130 1580/1132 313/1133
f 313/1133 1583/1134 1584/1135 1581/1131
f 1583/1134 303/1054 1536/1053 1584/1135
f 1584/1135 1536/1053 302/1052 1563/1100
f 1581/1131 1584/1135 1563/1100 307/1099
f 313/1133 1580/1132 1588/1136 1587/1137
f 1580/1132 312/1124 1585/1138 1588/1136
f 1588/1136 1585/1138 314/1139 1586/1140
f 1587/1137 1588/1136 1586/1140 315/1141
f 310/1112 1569/1111 1592/1142 1591/1143
f 1569/1111 309/1110 1589/1144 1592/1142
f 1592/1142 1589/1144 316/1145 1590/1146
f 1591/1143 1592/1142 1590/1146 317/1147
f 318/1148 1593/1149 1597/1150 1596/1151
f 1593/1149 319/1152 1594/1153 1597/1150
f 1597/1150 1594/1153 320/1154 1595/1155
f 1596/1151 1597/1150 1595/1155 316/1145
f 312/1124 1575/1123 1599/1156 1585/1138
f 1575/1123 310/1112 1591/1143 1599/1156
f 1599/1156 1591/1143 317/1147 1598/1157
f 1585/1138 1599/1156 1598/1157 314/1139
f 304/1158 1553/1159 1603/1160 1602/1161
f 1553/1159 303/1054 1600/1162 1603/1160
f 1603/1160 1600/1162 321/1163 1601/1164
f 1602/1161 1603/1160 1601/1164 318/1165
f 303/1054 1583/1134 1605/1166 1600/1162
f 1583/1134 313/1133 1587/1137 1605/1166
f 1605/1166 1587/1137 315/1141 1604/1167
f 1600/1162 1605/1166 1604/1167 321/1163
f 314/1139 1598/1157 1609/1168 1608/1169
f 1598/1157 317/1147 1606/1170 1609/1168
f 1609/1168 1606/1170 322/1171 1607/1172
f 1608/1169 1609/1168 1607/1172 323/1173
f 309/1110 1610/1174 1611/1175 1589/1144
f 1610/1174 304/1082 1602/1176 1611/1175
f 1611/1175 1602/1176 318/1148 1596/1151
f 1589/1144 1611/1175 1596/1151 316/1145
f 321/1163 1604/1167 1615/1177 1614/1178
f 1604/1167 315/1141 1612/1179 1615/1177
f 1615/1177 1612/1179 324/1180 1613/1181
f 1614/1178 1615/1177 1613/1181 325/1182
f 318/1165 1601/1164 1617/1183 1593/1184
f 1601/1164 321/1163 1614/1178 1617/1183
f 1617/1183 1614/1178 325/1182 1616/1185
f 1593/1184 1617/1183 1616/1185 319/1186
f 315/1141 1586/1140 1619/1187 1612/1179
f 1586/1140 314/1139 1608/1169 1619/1187
f 1619/1187 1608/1169 323/1173 1618/1188
f 1612/1179 1619/1187 1618/1188 324/1180
f 324/1180 1618/1188 1623/1189 1622/1190
f 1618/1188 323/1173 1620/1191 1623/1189
f 1623/1189 1620/1191 326/1192 1621/1193
f 1622/1190 1623/1189 1621/1193 327/1194
f 323/1173 1607/1172 1626/1195 1620/1191
f 1607/1172 322/1171 1624/1196 1626/1195
f 1626/1195 1624/1196 328/1197 1625/1198
f 1620/1191 1626/1195 1625/1198 326/1192
f 306/1085 1559/1088 1627/1199 1568/1109
f 1559/1088 305/1084 1554/1083 1627/1199
f 1627/1199 1554/1083 304/1082 1610/1174
f 1568/1109 1627/1199 1610/1174 309/1110
f 325/1182 1613/1181 1630/1200 1629/1201
f 1613/1181 324/1180 1622/1190 1630/1200
f 1630/1200 1622/1190 327/1194 1628/1202
f 1629/1201 1630/1200 1628/1202 329/1203
f 319/1186 1616/1185 1633/1204 1632/1205
f 1616/1185 325/1182 1629/1201 1633/1204
f 1633/1204 1629/1201 329/1203 1631/1206
f 1632/1205 1633/1204 1631/1206 330/1207
f 331/1208 1634/1209 1636/1210 1635/1211
f 1634/1209 327/1194 1621/1193 1636/1210
f 1636/1210 1621/1193 326/1192 1625/1198
f 1635/1211 1636/1210 1625/1198 328/1197
f 329/1203 1628/1202 1638/1212 1631/1206
f 1628/1202 327/1194 1634/1209 1638/1212
f 1638/1212 1634/1209 331/1208 1637/1213
f 1631/1206 1638/1212 1637/1213 330/1207
f 316/1145 1595/1155 1640/1214 1590/1146
f 1595/1155 320/1154 1639/1215 1640/1214
f 1640/1214 1639/1215 322/1171 1606/1170
f 1590/1146 1640/1214 1606/1170 317/1147
f 320/1154 1641/1216 1642/1217 1639/1215
f 1641/1216 331/1218 1635/1219 1642/1217
f 1642/1217 1635/1219 328/1220 1624/1221
f 1639/1215 1642/1217 1624/1221 322/1171
f 319/1152 1632/1222 1643/1223 1594/1153
f 1632/1222 330/1224 1637/1225 1643/1223
f 1643/1223 1637/1225 331/1218 1641/1216
f 1594/1153 1643/1223 1641/1216 320/1154
f 278/1226 1516/1227 1647/1228 1646/1229
f 1516/1227 291/1230 1644/1231 1647/1228
f 1647/1228 1644/1231 332/1232 1645/1233
f 1646/1229 1647/1228 1645/1233 333/1234
f 279/1235 1494/1236 1650/1237 1649/1238
f 1494/1236 278/1226 1646/1229 1650/1237
f 1650/1237 1646/1229 333/1234 1648/1239
f 1649/1238 1650/1237 1648/1239 334/1240
f 333/1234 1645/1233 1654/1241 1653/1242
f 1645/1233 332/1232 1651/1243 1654/1241
f 1654/1241 1651/1243 335/1244 1652/1245
f 1653/1242 1654/1241 1652/1245 336/1246
f 334/1240 1648/1239 1657/1247 1656/1248
f 1648/1239 333/1234 1653/1242 1657/1247
f 1657/1247 1653/1242 336/1246 1655/1249
f 1656/1248 1657/1247 1655/1249 337/1250
f 336/1246 1652/1245 1661/1251 1660/1252
f 1652/1245 335/1244 1658/1253 1661/1251
f 1661/1251 1658/1253 338/1254 1659/1255
f 1660/1252 1661/1251 1659/1255 339/1256
f 337/1250 1655/1249 1664/1257 1663/1258
f 1655/1249 336/1246 1660/1252 1664/1257
f 1664/1257 1660/1252 339/1256 1662/1259
f 1663/1258 1664/1257 1662/1259 340/1260
f 339/1256 1659/1255 1668/1261 1667/1262
f 1659/1255 338/1254 1665/1263 1668/1261
f 1668/1261 1665/1263 341/1264 1666/1265
f 1667/1262 1668/1261 1666/1265 342/1266
f 340/1260 1662/1259 1671/1267 1670/1268
f 1662/1259 339/1256 1667/1262 1671/1267
f 1671/1267 1667/1262 342/1266 1669/1269
f 1670/1268 1671/1267 1669/1269 343/1270
f 286/1271 1508/1272 1675/1273 1674/1274
f 1508/1272 283/1275 1672/1276 1675/1273
f 1675/1273 1672/1276 344/1277 1673/1278
f 1674/1274 1675/1273 1673/1278 345/1279
f 287/1280 1504/1281 1678/1282 1677/1283
f 1504/1281 286/1271 1674/1274 1678/1282
f 1678/1282 1674/1274 345/1279 1676/1284
f 1677/1283 1678/1282 1676/1284 346/1285
f 283/1286 1499/1287 1681/1288 1672/1289
f 1499/1287 282/1290 1679/1291 1681/1288
f 1681/1288 1679/1291 347/1292 1680/1293
f 1672/1289 1681/1288 1680/1293 344/1294
f 279/1235 1649/1238 1683/1295 1519/1296
f 1649/1238 334/1240 1682/1297 1683/1295
f 1683/1295 1682/1297 347/1292 1679/1291
f 1519/1296 1683/1295 1679/1291 282/1290
f 332/1232 1644/1231 1686/1298 1685/1299
f 1644/1231 291/1230 1512/1300 1686/1298
f 1686/1298 1512/1300 290/1301 1684/1302
f 1685/1299 1686/1298 1684/1302 348/1303
f 344/1294 1680/1293 1690/1304 1689/1305
f 1680/1293 347/1292 1687/1306 1690/1304
f 1690/1304 1687/1306 349/1307 1688/1308
f 1689/1305 1690/1304 1688/1308 350/1309
f 346/1285 1676/1284 1694/1310 1693/1311
f 1676/1284 345/1279 1691/1312 1694/1310
f 1694/1310 1691/1312 351/1313 1692/1314
f 1693/1311 1694/1310 1692/1314 352/1315
f 345/1279 1673/1278 1696/1316 1691/1312
f 1673/1278 344/1277 1689/1317 1696/1316
f 1696/1316 1689/1317 350/1318 1695/1319
f 1691/1312 1696/1316 1695/1319 351/1313
f 337/1250 1697/1320 1698/1321 1656/1248
f 1697/1320 349/1307 1687/1306 1698/1321
f 1698/1321 1687/1306 347/1292 1682/1297
f 1656/1248 1698/1321 1682/1297 334/1240
f 332/1232 1685/1299 1701/1322 1651/1243
f 1685/1299 348/1303 1699/1323 1701/1322
f 1701/1322 1699/1323 353/1324 1700/1325
f 1651/1243 1701/1322 1700/1325 335/1244
f 351/1313 1695/1319 1705/1326 1704/1327
f 1695/1319 350/1318 1702/1328 1705/1326
f 1705/1326 1702/1328 354/1329 1703/1330
f 1704/1327 1705/1326 1703/1330 355/1331
f 341/1264 1665/1263 1709/1332 1708/1333
f 1665/1263 338/1254 1706/1334 1709/1332
f 1709/1332 1706/1334 356/1335 1707/1336
f 1708/1333 1709/1332 1707/1336 357/1337
f 349/1338 1697/1339 1713/1340 1712/1341
f 1697/1339 337/1342 1710/1343 1713/1340
f 1713/1340 1710/1343 358/1344 1711/1345
f 1712/1341 1713/1340 1711/1345 359/1346
f 350/1318 1688/1347 1715/1348 1702/1328
f 1688/1347 349/1338 1712/1341 1715/1348
f 1715/1348 1712/1341 359/1346 1714/1349
f 1702/1328 1715/1348 1714/1349 354/1329
f 338/1254 1658/1253 1718/1350 1706/1334
f 1658/1253 335/1244 1716/1351 1718/1350
f 1718/1350 1716/1351 360/1352 1717/1353
f 1706/1334 1718/1350 1717/1353 356/1335
f 335/1244 1700/1325 1721/1354 1716/1351
f 1700/1325 353/1324 1719/1355 1721/1354
f 1721/1354 1719/1355 361/1356 1720/1357
f 1716/1351 1721/1354 1720/1357 360/1352
f 352/1315 1692/1314 1724/1358 1723/1359
f 1692/1314 351/1313 1704/1327 1724/1358
f 1724/1358 1704/1327 355/1331 1722/1360
f 1723/1359 1724/1358 1722/1360 362/1361
f 340/1362 1670/1363 1728/1364 1727/1365
f 1670/1363 343/1366 1725/1367 1728/1364
f 1728/1364 1725/1367 363/1368 1726/1369
f 1727/1365 1728/1364 1726/1369 364/1370
f 337/1342 1663/1371 1730/1372 1710/1343
f 1663/1371 340/1362 1727/1365 1730/1372
f 1730/1372 1727/1365 364/1370 1729/1373
f 1710/1343 1730/1372 1729/1373 358/1344
f 343/1366 1669/1374 1733/1375 1725/1367
f 1669/1374 342/1376 1731/1377 1733/1375
f 1733/1375 1731/1377 365/1378 1732/1379
f 1725/1367 1733/1375 1732/1379 363/1368
f 342/1376 1666/1380 1735/1381 1731/1377
f 1666/1380 341/1264 1708/1333 1735/1381
f 1735/1381 1708/1333 357/1337 1734/1382
f 1731/1377 1735/1381 1734/1382 365/1378
f 365/1378 1734/1382 1737/1383 1732/1379
f 1734/1382 357/1337 1707/1336 1737/1383
f 1737/1383 1707/1336 356/1335 1736/1384
f 1732/1379 1737/1383 1736/1384 363/1368
f 360/1352 1738/1385 1739/1386 1717/1353
f 1738/1385 364/1370 1726/1369 1739/1386
f 1739/1386 1726/1369 363/1368 1736/1384
f 1717/1353 1739/1386 1736/1384 356/1335
f 364/1370 1738/1385 1741/1387 1729/1373
f 1738/1385 360/1352 1720/1357 1741/1387
f 1741/1387 1720/1357 361/1356 1740/1388
f 1729/1373 1741/1387 1740/1388 358/1344
f 206/718 1311/717 1743/1389 1397/836
f 1311/717 205/716 1742/1390 1743/1389
f 1743/1389 1742/1390 214/750 1335/747
f 1397/836 1743/1389 1335/747 213/746
f 366/1391 1744/1392 1747/1393 1746/1394
f 1744/1392 367/1395 1745/1396 1747/1393
f 1747/1393 1745/1396 248/883 1428/880
f 1746/1394 1747/1393 1428/880 247/879
f 244/872 1748/1397 1751/1398 1750/1399
f 1748/1397 234/1400 1409/1401 1751/1398
f 1751/1398 1409/1401 237/1402 1749/1403
f 1750/1399 1751/1398 1749/1403 255/911
f 216/754 1752/1404 1755/1405 1754/1406
f 1752/1404 368/1407 1753/1408 1755/1405
f 1755/1405 1753/1408 367/1395 1744/1392
f 1754/1406 1755/1405 1744/1392 366/1391
f 255/911 1749/1403 1757/1409 1449/912
f 1749/1403 237/1402 1459/1410 1757/1409
f 1757/1409 1459/1410 259/1411 1756/1412
f 1449/912 1757/1409 1756/1412 256/913
f 273/966 1758/1413 1760/1414 1485/967
f 1758/1413 268/1415 1479/1416 1760/1414
f 1760/1414 1479/1416 271/1417 1759/1418
f 1485/967 1760/1414 1759/1418 274/968
f 289/1008 1761/1419 1763/1420 1511/1009
f 1761/1419 284/1421 1505/1422 1763/1420
f 1763/1420 1505/1422 287/1423 1762/1424
f 1511/1009 1763/1420 1762/1424 290/1010
f 290/1301 1762/1425 1765/1426 1684/1302
f 1762/1425 287/1280 1677/1283 1765/1426
f 1765/1426 1677/1283 346/1285 1764/1427
f 1684/1302 1765/1426 1764/1427 348/1303
f 348/1303 1764/1427 1767/1428 1699/1323
f 1764/1427 346/1285 1693/1311 1767/1428
f 1767/1428 1693/1311 352/1315 1766/1429
f 1699/1323 1767/1428 1766/1429 353/1324
f 353/1324 1766/1429 1769/1430 1719/1355
f 1766/1429 352/1315 1723/1359 1769/1430
f 1769/1430 1723/1359 362/1361 1768/1431
f 1719/1355 1769/1430 1768/1431 361/1356
f 362/1361 1770/1432 1771/1433 1768/1431
f 1770/1432 359/1346 1711/1345 1771/1433
f 1771/1433 1711/1345 358/1344 1740/1388
f 1768/1431 1771/1433 1740/1388 361/1356
f 354/1329 1714/1349 1772/1434 1703/1330
f 1714/1349 359/1346 1770/1432 1772/1434
f 1772/1434 1770/1432 362/1361 1722/1360
f 1703/1330 1772/1434 1722/1360 355/1331
f 67/221 1773/1435 1776/1436 973/227
f 1773/1435 369/1437 1774/1438 1776/1436
f 1776/1436 1774/1438 370/1439 1775/1440
f 973/227 1776/1436 1775/1440 68/228
f 45/129 1777/1441 1780/1442 971/224
f 1777/1441 371/1443 1778/1444 1780/1442
f 1780/1442 1778/1444 372/1445 1779/1446
f 971/224 1780/1442 1779/1446 66/217
f 66/217 1779/1446 1782/1447 967/218
f 1779/1446 372/1445 1781/1448 1782/1447
f 1782/1447 1781/1448 369/1437 1773/1435
f 967/218 1782/1447 1773/1435 67/221
f 44/124 1783/1449 1785/1450 897/128
f 1783/1449 373/1451 1784/1452 1785/1450
f 1785/1450 1784/1452 371/1443 1777/1441
f 897/128 1785/1450 1777/1441 45/129
f 369/1437 1786/1453 1789/1454 1774/1438
f 1786/1453 374/1455 1787/1456 1789/1454
f 1789/1454 1787/1456 375/1457 1788/1458
f 1774/1438 1789/1454 1788/1458 370/1439
f 373/1451 1790/1459 1793/1460 1784/1452
f 1790/1459 376/1461 1791/1462 1793/1460
f 1793/1460 1791/1462 377/1463 1792/1464
f 1784/1452 1793/1460 1792/1464 371/1443
f 371/1443 1792/1464 1796/1465 1778/1444
f 1792/1464 377/1463 1794/1466 1796/1465
f 1796/1465 1794/1466 378/1467 1795/1468
f 1778/1444 1796/1465 1795/1468 372/1445
f 372/1445 1795/1468 1798/1469 1781/1448
f 1795/1468 378/1467 1797/1470 1798/1469
f 1798/1469 1797/1470 374/1455 1786/1453
f 1781/1448 1798/1469 1786/1453 369/1437
f 379/1471 1799/1472 1803/1473 1802/1474
f 1799/1472 380/1475 1800/1476 1803/1473
f 1803/1473 1800/1476 381/1477 1801/1478
f 1802/1474 1803/1473 1801/1478 382/1479
f 383/1480 1804/1481 1808/1482 1807/1483
f 1804/1481 384/1484 1805/1485 1808/1482
f 1808/1482 1805/1485 385/1486 1806/1487
f 1807/1483 1808/1482 1806/1487 386/1488
f 379/1471 1802/1474 1812/1489 1811/1490
f 1802/1474 382/1479 1809/1491 1812/1489
f 1812/1489 1809/1491 387/1492 1810/1493
f 1811/1490 1812/1489 1810/1493 388/1494
f 388/1494 1810/1493 1816/1495 1815/1496
f 1810/1493 387/1492 1813/1497 1816/1495
f 1816/1495 1813/1497 386/1488 1814/1498
f 1815/1496 1816/1495 1814/1498 389/1499
f 390/1500 1817/1501 1820/1502 1819/1503
f 1817/1501 391/1504 1818/1505 1820/1502
f 1820/1502 1818/1505 381/1477 1800/1476
f 1819/1503 1820/1502 1800/1476 380/1475
f 392/1506 1821/1507 1825/1508 1824/1509
f 1821/1507 393/1510 1822/1511 1825/1508
f 1825/1508 1822/1511 394/1512 1823/1513
f 1824/1509 1825/1508 1823/1513 395/1514
f 210/736 1404/843 1828/1515 1827/1516
f 1404/843 233/838 1826/1517 1828/1515
f 1828/1515 1826/1517 366/1391 1746/1394
f 1827/1516 1828/1515 1746/1394 247/879
f 233/838 1398/837 1829/1518 1826/1517
f 1398/837 213/746 1338/749 1829/1518
f 1829/1518 1338/749 216/754 1754/1406
f 1826/1517 1829/1518 1754/1406 366/1391
f 214/750 1742/1390 1832/1519 1831/1520
f 1742/1390 205/716 1333/745 1832/1519
f 1832/1519 1333/745 212/744 1830/1521
f 1831/1520 1832/1519 1830/1521 396/1522
f 211/738 1327/737 1834/1523 1833/1524
f 1327/737 210/736 1827/1516 1834/1523
f 1834/1523 1827/1516 247/879 1430/882
f 1833/1524 1834/1523 1430/882 245/873
f 397/1525 1835/1526 1839/1527 1838/1528
f 1835/1526 240/862 1836/1529 1839/1527
f 1839/1527 1836/1529 398/1530 1837/1531
f 1838/1528 1839/1527 1837/1531 399/1532
f 215/752 1840/1533 1842/1534 1337/753
f 1840/1533 242/868 1841/1535 1842/1534
f 1842/1534 1841/1535 368/1407 1752/1404
f 1337/753 1842/1534 1752/1404 216/754
f 211/738 1833/1524 1844/1536 1843/1537
f 1833/1524 245/873 1426/876 1844/1536
f 1844/1536 1426/876 240/862 1835/1526
f 1843/1537 1844/1536 1835/1526 397/1525
f 202/707 1845/1538 1848/1539 1305/708
f 1845/1538 400/1540 1846/1541 1848/1539
f 1848/1539 1846/1541 401/1542 1847/1543
f 1305/708 1848/1539 1847/1543 203/709
f 402/1544 1849/1545 1852/1546 1851/1547
f 1849/1545 239/1548 1414/1549 1852/1546
f 1852/1546 1414/1549 238/1550 1850/1551
f 1851/1547 1852/1546 1850/1551 243/870
f 214/750 1831/1520 1855/1552 1336/751
f 1831/1520 396/1522 1853/1553 1855/1552
f 1855/1552 1853/1553 402/1544 1854/1554
f 1336/751 1855/1552 1854/1554 215/752
f 402/1544 1853/1553 1859/1555 1858/1556
f 1853/1553 396/1522 1856/1557 1859/1555
f 1859/1555 1856/1557 403/1558 1857/1559
f 1858/1556 1859/1555 1857/1559 404/1560
f 242/868 1840/1533 1860/1561 1420/869
f 1840/1533 215/752 1854/1554 1860/1561
f 1860/1561 1854/1554 402/1544 1851/1547
f 1420/869 1860/1561 1851/1547 243/870
f 211/738 1843/1537 1862/1562 1328/739
f 1843/1537 397/1525 1861/1563 1862/1562
f 1862/1562 1861/1563 400/1540 1845/1538
f 1328/739 1862/1562 1845/1538 202/707
f 194/681 1863/1564 1866/1565 1287/682
f 1863/1564 405/1566 1864/1567 1866/1565
f 1866/1565 1864/1567 406/1568 1865/1569
f 1287/682 1866/1565 1865/1569 195/683
f 405/1566 1867/1570 1870/1571 1864/1567
f 1867/1570 401/1542 1868/1572 1870/1571
f 1870/1571 1868/1572 407/1573 1869/1574
f 1864/1567 1870/1571 1869/1574 406/1568
f 203/709 1847/1543 1872/1575 1314/720
f 1847/1543 401/1542 1867/1570 1872/1575
f 1872/1575 1867/1570 405/1566 1871/1576
f 1314/720 1872/1575 1871/1576 207/721
f 197/688 1315/722 1873/1577 1292/689
f 1315/722 207/721 1871/1576 1873/1577
f 1873/1577 1871/1576 405/1566 1863/1564
f 1292/689 1873/1577 1863/1564 194/681
f 408/1578 1874/1579 1878/1580 1877/1581
f 1874/1579 409/1582 1875/1583 1878/1580
f 1878/1580 1875/1583 410/1584 1876/1585
f 1877/1581 1878/1580 1876/1585 411/1586
f 411/1586 1879/1587 1882/1588 1877/1581
f 1879/1587 412/1589 1880/1590 1882/1588
f 1882/1588 1880/1590 413/1591 1881/1592
f 1877/1581 1882/1588 1881/1592 408/1578
f 414/1593 1883/1594 1886/1595 1885/1596
f 1883/1594 415/1597 1884/1598 1886/1595
f 1886/1595 1884/1598 412/1589 1879/1587
f 1885/1596 1886/1595 1879/1587 411/1586
f 414/1593 1887/1599 1890/1600 1883/1594
f 1887/1599 416/1601 1888/1602 1890/1600
f 1890/1600 1888/1602 417/1603 1889/1604
f 1883/1594 1890/1600 1889/1604 415/1597
f 415/1597 1891/1605 1894/1606 1884/1598
f 1891/1605 418/1607 1892/1608 1894/1606
f 1894/1606 1892/1608 419/1609 1893/1610
f 1884/1598 1894/1606 1893/1610 412/1589
f 415/1597 1889/1604 1897/1611 1891/1605
f 1889/1604 417/1603 1895/1612 1897/1611
f 1897/1611 1895/1612 420/1613 1896/1614
f 1891/1605 1897/1611 1896/1614 418/1607
f 420/1613 1898/1615 1901/1616 1896/1614
f 1898/1615 421/1617 1899/1618 1901/1616
f 1901/1616 1899/1618 422/1619 1900/1620
f 1896/1614 1901/1616 1900/1620 418/1607
f 419/1609 1892/1608 1904/1621 1903/1622
f 1892/1608 418/1607 1900/1620 1904/1621
f 1904/1621 1900/1620 422/1619 1902/1623
f 1903/1622 1904/1621 1902/1623 423/1624
f 412/1589 1893/1610 1907/1625 1880/1590
f 1893/1610 419/1609 1905/1626 1907/1625
f 1907/1625 1905/1626 424/1627 1906/1628
f 1880/1590 1907/1625 1906/1628 413/1591
f 421/1617 1908/1629 1912/1630 1911/1631
f 1908/1629 425/1632 1909/1633 1912/1630
f 1912/1630 1909/1633 426/1634 1910/1635
f 1911/1631 1912/1630 1910/1635 427/1636
f 428/1637 1913/1638 1916/1639 1915/1640
f 1913/1638 426/1634 1909/1633 1916/1639
f 1916/1639 1909/1633 425/1632 1914/1641
f 1915/1640 1916/1639 1914/1641 429/1642
f 430/1643 1917/1644 1921/1645 1920/1646
f 1917/1644 431/1647 1918/1648 1921/1645
f 1921/1645 1918/1648 432/1649 1919/1650
f 1920/1646 1921/1645 1919/1650 433/1651
f 421/1617 1911/1631 1924/1652 1899/1618
f 1911/1631 427/1636 1922/1653 1924/1652
f 1924/1652 1922/1653 434/1654 1923/1655
f 1899/1618 1924/1652 1923/1655 422/1619
f 435/1656 1925/1657 1929/1658 1928/1659
f 1925/1657 436/1660 1926/1661 1929/1658
f 1929/1658 1926/1661 437/1662 1927/1663
f 1928/1659 1929/1658 1927/1663 434/1654
f 434/1654 1922/1653 1932/1664 1928/1659
f 1922/1653 427/1636 1930/1665 1932/1664
f 1932/1664 1930/1665 438/1666 1931/1667
f 1928/1659 1932/1664 1931/1667 435/1656
f 439/1668 1933/1669 1936/1670 1935/1671
f 1933/1669 428/1637 1915/1640 1936/1670
f 1936/1670 1915/1640 429/1642 1934/1672
f 1935/1671 1936/1670 1934/1672 440/1673
f 434/1654 1937/1674 1939/1675 1923/1655
f 1937/1674 441/1676 1938/1677 1939/1675
f 1939/1675 1938/1677 423/1624 1902/1623
f 1923/1655 1939/1675 1902/1623 422/1619
f 442/1678 1940/1679 1944/1680 1943/1681
f 1940/1679 443/1682 1941/1683 1944/1680
f 1944/1680 1941/1683 444/1684 1942/1685
f 1943/1681 1944/1680 1942/1685 445/1686
f 443/1682 1945/1687 1948/1688 1941/1683
f 1945/1687 446/1689 1946/1690 1948/1688
f 1948/1688 1946/1690 447/1691 1947/1692
f 1941/1683 1948/1688 1947/1692 444/1684
f 447/1691 1949/1693 1953/1694 1952/1695
f 1949/1693 448/1696 1950/1697 1953/1694
f 1953/1694 1950/1697 449/1698 1951/1699
f 1952/1695 1953/1694 1951/1699 450/1700
f 451/1701 1954/1702 1957/1703 1956/1704
f 1954/1702 433/1651 1919/1650 1957/1703
f 1957/1703 1919/1650 432/1649 1955/1705
f 1956/1704 1957/1703 1955/1705 452/1706
f 410/1584 1875/1583 1960/1707 1959/1708
f 1875/1583 409/1582 1958/1709 1960/1707
f 1960/1707 1958/1709 452/1706 1955/1705
f 1959/1708 1960/1707 1955/1705 432/1649
f 453/1710 1961/1711 1965/1712 1964/1713
f 1961/1711 454/1714 1962/1715 1965/1712
f 1965/1712 1962/1715 441/1676 1963/1716
f 1964/1713 1965/1712 1963/1716 455/1717
f 454/1714 1966/1718 1969/1719 1968/1720
f 1966/1718 446/1689 1945/1687 1969/1719
f 1969/1719 1945/1687 443/1682 1967/1721
f 1968/1720 1969/1719 1967/1721 430/1643
f 423/1624 1938/1677 1971/1722 1970/1723
f 1938/1677 441/1676 1962/1715 1971/1722
f 1971/1722 1962/1715 454/1714 1968/1720
f 1970/1723 1971/1722 1968/1720 430/1643
f 419/1609 1903/1622 1973/1724 1972/1725
f 1903/1622 423/1624 1970/1723 1973/1724
f 1973/1724 1970/1723 430/1643 1920/1646
f 1972/1725 1973/1724 1920/1646 433/1651
f 433/1651 1954/1702 1975/1726 1972/1725
f 1954/1702 451/1701 1974/1727 1975/1726
f 1975/1726 1974/1727 424/1627 1905/1626
f 1972/1725 1975/1726 1905/1626 419/1609
f 434/1654 1927/1663 1977/1728 1937/1674
f 1927/1663 437/1662 1976/1729 1977/1728
f 1977/1728 1976/1729 455/1717 1963/1716
f 1937/1674 1977/1728 1963/1716 441/1676
f 437/1662 1926/1661 1981/1730 1980/1731
f 1926/1661 436/1660 1978/1732 1981/1730
f 1981/1730 1978/1732 456/1733 1979/1734
f 1980/1731 1981/1730 1979/1734 457/1735
f 439/1668 1982/1736 1984/1737 1983/1738
f 1982/1736 456/1733 1978/1732 1984/1737
f 1984/1737 1978/1732 436/1660 1925/1657
f 1983/1738 1984/1737 1925/1657 435/1656
f 435/1656 1931/1667 1986/1739 1983/1738
f 1931/1667 438/1666 1985/1740 1986/1739
f 1986/1739 1985/1740 428/1637 1933/1669
f 1983/1738 1986/1739 1933/1669 439/1668
f 426/1634 1913/1638 1987/1741 1910/1635
f 1913/1638 428/1637 1985/1740 1987/1741
f 1987/1741 1985/1740 438/1666 1930/1665
f 1910/1635 1987/1741 1930/1665 427/1636
f 440/1673 1988/1742 1990/1743 1935/1671
f 1988/1742 458/1744 1989/1745 1990/1743
f 1990/1743 1989/1745 456/1733 1982/1736
f 1935/1671 1990/1743 1982/1736 439/1668
f 457/1735 1979/1734 1993/1746 1992/1747
f 1979/1734 456/1733 1989/1745 1993/1746
f 1993/1746 1989/1745 458/1744 1991/1748
f 1992/1747 1993/1746 1991/1748 459/1749
f 425/1632 1994/1750 1997/1751 1914/1641
f 1994/1750 460/1752 1995/1753 1997/1751
f 1997/1751 1995/1753 461/1754 1996/1755
f 1914/1641 1997/1751 1996/1755 429/1642
f 460/1752 1998/1756 2001/1757 1995/1753
f 1998/1756 462/1758 1999/1759 2001/1757
f 2001/1757 1999/1759 463/1760 2000/1761
f 1995/1753 2001/1757 2000/1761 461/1754
f 462/1758 2002/1762 2005/1763 1999/1759
f 2002/1762 464/1764 2003/1765 2005/1763
f 2005/1763 2003/1765 465/1766 2004/1767
f 1999/1759 2005/1763 2004/1767 463/1760
f 421/1617 1898/1615 2008/1768 1908/1629
f 1898/1615 420/1613 2006/1769 2008/1768
f 2008/1768 2006/1769 466/1770 2007/1771
f 1908/1629 2008/1768 2007/1771 425/1632
f 457/1735 2009/1772 2011/1773 1980/1731
f 2009/1772 467/1774 2010/1775 2011/1773
f 2011/1773 2010/1775 455/1717 1976/1729
f 1980/1731 2011/1773 1976/1729 437/1662
f 453/1710 1964/1713 2014/1776 2013/1777
f 1964/1713 455/1717 2010/1775 2014/1776
f 2014/1776 2010/1775 467/1774 2012/1778
f 2013/1777 2014/1776 2012/1778 468/1779
f 469/1780 2015/1781 2018/1782 2017/1783
f 2015/1781 453/1710 2013/1777 2018/1782
f 2018/1782 2013/1777 468/1779 2016/1784
f 2017/1783 2018/1782 2016/1784 470/1785
f 469/1780 2019/1786 2020/1787 2015/1781
f 2019/1786 446/1689 1966/1718 2020/1787
f 2020/1787 1966/1718 454/1714 1961/1711
f 2015/1781 2020/1787 1961/1711 453/1710
f 471/1788 2021/1789 2024/1790 2023/1791
f 2021/1789 446/1689 2019/1786 2024/1790
f 2024/1790 2019/1786 469/1780 2022/1792
f 2023/1791 2024/1790 2022/1792 472/1793
f 447/1691 1946/1690 2026/1794 1949/1693
f 1946/1690 446/1689 2021/1789 2026/1794
f 2026/1794 2021/1789 471/1788 2025/1795
f 1949/1693 2026/1794 2025/1795 448/1696
f 469/1780 2027/1796 2030/1797 2022/1792
f 2027/1796 473/1798 2028/1799 2030/1797
f 2030/1797 2028/1799 474/1800 2029/1801
f 2022/1792 2030/1797 2029/1801 472/1793
f 475/1802 2031/1803 2034/1804 2033/1805
f 2031/1803 380/1806 1799/1807 2034/1804
f 2034/1804 1799/1807 379/1808 2032/1809
f 2033/1805 2034/1804 2032/1809 476/1810
f 458/1744 2035/1811 2037/1812 1991/1748
f 2035/1811 388/1813 1815/1814 2037/1812
f 2037/1812 1815/1814 389/1815 2036/1816
f 1991/1748 2037/1812 2036/1816 459/1749
f 444/1684 1947/1692 2040/1817 2039/1818
f 1947/1692 447/1691 1952/1695 2040/1817
f 2040/1817 1952/1695 450/1700 2038/1819
f 2039/1818 2040/1817 2038/1819 477/1820
f 445/1686 1942/1685 2043/1821 2042/1822
f 1942/1685 444/1684 2039/1818 2043/1821
f 2043/1821 2039/1818 477/1820 2041/1823
f 2042/1822 2043/1821 2041/1823 478/1824
f 479/1825 2044/1826 2047/1827 2046/1828
f 2044/1826 445/1686 2042/1822 2047/1827
f 2047/1827 2042/1822 478/1824 2045/1829
f 2046/1828 2047/1827 2045/1829 480/1830
f 442/1678 2048/1831 2052/1832 2051/1833
f 2048/1831 481/1834 2049/1835 2052/1832
f 2052/1832 2049/1835 482/1836 2050/1837
f 2051/1833 2052/1832 2050/1837 431/1647
f 481/1834 2048/1831 2054/1838 2053/1839
f 2048/1831 442/1678 1943/1681 2054/1838
f 2054/1838 1943/1681 445/1686 2044/1826
f 2053/1839 2054/1838 2044/1826 479/1825
f 432/1649 1918/1648 2056/1840 1959/1708
f 1918/1648 431/1647 2050/1837 2056/1840
f 2056/1840 2050/1837 482/1836 2055/1841
f 1959/1708 2056/1840 2055/1841 410/1584
f 431/1647 1917/1644 2057/1842 2051/1833
f 1917/1644 430/1643 1967/1721 2057/1842
f 2057/1842 1967/1721 443/1682 1940/1679
f 2051/1833 2057/1842 1940/1679 442/1678
f 411/1586 1876/1585 2060/1843 1885/1596
f 1876/1585 410/1584 2058/1844 2060/1843
f 2060/1843 2058/1844 483/1845 2059/1846
f 1885/1596 2060/1843 2059/1846 414/1593
f 410/1584 2055/1841 2063/1847 2058/1844
f 2055/1841 482/1836 2061/1848 2063/1847
f 2063/1847 2061/1848 484/1849 2062/1850
f 2058/1844 2063/1847 2062/1850 483/1845
f 482/1836 2049/1835 2066/1851 2061/1848
f 2049/1835 481/1834 2064/1852 2066/1851
f 2066/1851 2064/1852 485/1853 2065/1854
f 2061/1848 2066/1851 2065/1854 484/1849
f 480/1830 2067/1855 2068/1856 2046/1828
f 2067/1855 485/1853 2064/1852 2068/1856
f 2068/1856 2064/1852 481/1834 2053/1839
f 2046/1828 2068/1856 2053/1839 479/1825
f 485/1853 2069/1857 2072/1858 2065/1854
f 2069/1857 486/1859 2070/1860 2072/1858
f 2072/1858 2070/1860 487/1861 2071/1862
f 2065/1854 2072/1858 2071/1862 484/1849
f 485/1853 2067/1855 2075/1863 2069/1857
f 2067/1855 480/1830 2073/1864 2075/1863
f 2075/1863 2073/1864 488/1865 2074/1866
f 2069/1857 2075/1863 2074/1866 486/1859
f 487/1861 2076/1867 2078/1868 2071/1862
f 2076/1867 489/1869 2077/1870 2078/1868
f 2078/1868 2077/1870 483/1845 2062/1850
f 2071/1862 2078/1868 2062/1850 484/1849
f 490/1871 2079/1872 2081/1873 2080/1874
f 2079/1872 473/1798 2027/1796 2081/1873
f 2081/1873 2027/1796 469/1780 2017/1783
f 2080/1874 2081/1873 2017/1783 470/1785
f 491/1875 2082/1876 2086/1877 2085/1878
f 2082/1876 492/1879 2083/1880 2086/1877
f 2086/1877 2083/1880 392/1506 2084/1881
f 2085/1878 2086/1877 2084/1881 493/1882
f 467/1774 2087/1883 2089/1884 2012/1778
f 2087/1883 491/1885 2085/1886 2089/1884
f 2089/1884 2085/1886 493/1887 2088/1888
f 2012/1778 2089/1884 2088/1888 468/1779
f 457/1735 1992/1747 2091/1889 2009/1772
f 1992/1747 459/1749 2090/1890 2091/1889
f 2091/1889 2090/1890 491/1885 2087/1883
f 2009/1772 2091/1889 2087/1883 467/1774
f 490/1871 2080/1874 2095/1891 2094/1892
f 2080/1874 470/1785 2092/1893 2095/1891
f 2095/1891 2092/1893 494/1894 2093/1895
f 2094/1892 2095/1891 2093/1895 495/1896
f 493/1887 2096/1897 2097/1898 2088/1888
f 2096/1897 494/1894 2092/1893 2097/1898
f 2097/1898 2092/1893 470/1785 2016/1784
f 2088/1888 2097/1898 2016/1784 468/1779
f 496/1899 2098/1900 2102/1901 2101/1902
f 2098/1900 497/1903 2099/1904 2102/1901
f 2102/1901 2099/1904 395/1514 2100/1905
f 2101/1902 2102/1901 2100/1905 498/1906
f 493/1887 2103/1907 2105/1908 2096/1897
f 2103/1907 497/1909 2104/1910 2105/1908
f 2105/1908 2104/1910 495/1896 2093/1895
f 2096/1897 2105/1908 2093/1895 494/1894
f 440/1673 2106/1911 2109/1912 1988/1742
f 2106/1911 499/1913 2107/1914 2109/1912
f 2109/1912 2107/1914 476/1810 2108/1915
f 1988/1742 2109/1912 2108/1915 458/1744
f 499/1913 2110/1916 2112/1917 2107/1914
f 2110/1916 500/1918 2111/1919 2112/1917
f 2112/1917 2111/1919 475/1802 2033/1805
f 2107/1914 2112/1917 2033/1805 476/1810
f 493/1882 2084/1881 2113/1920 2103/1921
f 2084/1881 392/1506 1824/1509 2113/1920
f 2113/1920 1824/1509 395/1514 2099/1904
f 2103/1921 2113/1920 2099/1904 497/1903
f 459/1922 2036/1923 2115/1924 2090/1925
f 2036/1923 389/1499 2114/1926 2115/1924
f 2115/1924 2114/1926 492/1879 2082/1876
f 2090/1925 2115/1924 2082/1876 491/1875
f 388/1813 2035/1811 2116/1927 1811/1928
f 2035/1811 458/1744 2108/1915 2116/1927
f 2116/1927 2108/1915 476/1810 2032/1809
f 1811/1928 2116/1927 2032/1809 379/1808
f 440/1673 1934/1672 2118/1929 2106/1911
f 1934/1672 429/1642 1996/1755 2118/1929
f 2118/1929 1996/1755 461/1754 2117/1930
f 2106/1911 2118/1929 2117/1930 499/1913
f 461/1754 2000/1761 2120/1931 2117/1930
f 2000/1761 463/1760 2119/1932 2120/1931
f 2120/1931 2119/1932 500/1918 2110/1916
f 2117/1930 2120/1931 2110/1916 499/1913
f 460/1752 1994/1750 2123/1933 2122/1934
f 1994/1750 425/1632 2007/1771 2123/1933
f 2123/1933 2007/1771 466/1770 2121/1935
f 2122/1934 2123/1933 2121/1935 501/1936
f 502/1937 2124/1938 2128/1939 2127/1940
f 2124/1938 503/1941 2125/1942 2128/1939
f 2128/1939 2125/1942 504/1943 2126/1944
f 2127/1940 2128/1939 2126/1944 416/1601
f 504/1943 2129/1945 2131/1946 2126/1944
f 2129/1945 505/1947 2130/1948 2131/1946
f 2131/1946 2130/1948 417/1603 1888/1602
f 2126/1944 2131/1946 1888/1602 416/1601
f 505/1947 2132/1949 2133/1950 2130/1948
f 2132/1949 466/1770 2006/1769 2133/1950
f 2133/1950 2006/1769 420/1613 1895/1612
f 2130/1948 2133/1950 1895/1612 417/1603
f 462/1758 1998/1756 2136/1951 2135/1952
f 1998/1756 460/1752 2122/1934 2136/1951
f 2136/1951 2122/1934 501/1936 2134/1953
f 2135/1952 2136/1951 2134/1953 506/1954
f 464/1764 2002/1762 2139/1955 2138/1956
f 2002/1762 462/1758 2135/1952 2139/1955
f 2139/1955 2135/1952 506/1954 2137/1957
f 2138/1956 2139/1955 2137/1957 507/1958
f 505/1947 2140/1959 2142/1960 2132/1949
f 2140/1959 508/1961 2141/1962 2142/1960
f 2142/1960 2141/1962 501/1936 2121/1935
f 2132/1949 2142/1960 2121/1935 466/1770
f 508/1961 2143/1963 2145/1964 2141/1962
f 2143/1963 509/1965 2144/1966 2145/1964
f 2145/1964 2144/1966 506/1954 2134/1953
f 2141/1962 2145/1964 2134/1953 501/1936
f 510/1967 2146/1968 2149/1969 2148/1970
f 2146/1968 511/1971 2147/1972 2149/1969
f 2149/1969 2147/1972 509/1965 2143/1963
f 2148/1970 2149/1969 2143/1963 508/1961
f 510/1967 2148/1970 2151/1973 2150/1974
f 2148/1970 508/1961 2140/1959 2151/1973
f 2151/1973 2140/1959 505/1947 2129/1945
f 2150/1974 2151/1973 2129/1945 504/1943
f 509/1965 2147/1972 2153/1975 2144/1966
f 2147/1972 511/1971 2152/1976 2153/1975
f 2153/1975 2152/1976 507/1958 2137/1957
f 2144/1966 2153/1975 2137/1957 506/1954
f 380/1806 2031/1803 2156/1977 1819/1978
f 2031/1803 475/1802 2154/1979 2156/1977
f 2156/1977 2154/1979 512/1980 2155/1981
f 1819/1978 2156/1977 2155/1981 390/1982
f 513/1983 2157/1984 2159/1985 2158/1986
f 2157/1984 512/1980 2154/1979 2159/1985
f 2159/1985 2154/1979 475/1802 2111/1919
f 2158/1986 2159/1985 2111/1919 500/1918
f 463/1760 2004/1767 2161/1987 2119/1932
f 2004/1767 465/1766 2160/1988 2161/1987
f 2161/1987 2160/1988 513/1983 2158/1986
f 2119/1932 2161/1987 2158/1986 500/1918
f 510/1967 2162/1989 2165/1990 2146/1968
f 2162/1989 514/1991 2163/1992 2165/1990
f 2165/1990 2163/1992 515/1993 2164/1994
f 2146/1968 2165/1990 2164/1994 511/1971
f 511/1971 2164/1994 2168/1995 2152/1976
f 2164/1994 515/1993 2166/1996 2168/1995
f 2168/1995 2166/1996 516/1997 2167/1998
f 2152/1976 2168/1995 2167/1998 507/1958
f 507/1958 2167/1998 2171/1999 2138/1956
f 2167/1998 516/1997 2169/2000 2171/1999
f 2171/1999 2169/2000 517/2001 2170/2002
f 2138/1956 2171/1999 2170/2002 464/1764
f 504/1943 2125/1942 2173/2003 2150/1974
f 2125/1942 503/1941 2172/2004 2173/2003
f 2173/2003 2172/2004 514/1991 2162/1989
f 2150/1974 2173/2003 2162/1989 510/1967
f 385/1486 1805/1485 2177/2005 2176/2006
f 1805/1485 384/1484 2174/2007 2177/2005
f 2177/2005 2174/2007 518/2008 2175/2009
f 2176/2006 2177/2005 2175/2009 393/1510
f 519/2010 2178/2011 2182/2012 2181/2013
f 2178/2011 394/1512 2179/2014 2182/2012
f 2182/2012 2179/2014 520/2015 2180/2016
f 2181/2013 2182/2012 2180/2016 521/2017
f 393/1510 2175/2009 2184/2018 1822/1511
f 2175/2009 518/2008 2183/2019 2184/2018
f 2184/2018 2183/2019 520/2015 2179/2014
f 1822/1511 2184/2018 2179/2014 394/1512
f 382/1479 2185/2020 2188/2021 1809/1491
f 2185/2020 522/2022 2186/2023 2188/2021
f 2188/2021 2186/2023 523/2024 2187/2025
f 1809/1491 2188/2021 2187/2025 387/1492
f 387/1492 2187/2025 2190/2026 1813/1497
f 2187/2025 523/2024 2189/2027 2190/2026
f 2190/2026 2189/2027 383/1480 1807/1483
f 1813/1497 2190/2026 1807/1483 386/1488
f 391/1504 2191/2028 2194/2029 1818/1505
f 2191/2028 524/2030 2192/2031 2194/2029
f 2194/2029 2192/2031 525/2032 2193/2033
f 1818/1505 2194/2029 2193/2033 381/1477
f 382/1479 1801/1478 2196/2034 2185/2020
f 1801/1478 381/1477 2193/2033 2196/2034
f 2196/2034 2193/2033 525/2032 2195/2035
f 2185/2020 2196/2034 2195/2035 522/2022
f 386/1488 1806/1487 2198/2036 1814/1498
f 1806/1487 385/1486 2197/2037 2198/2036
f 2198/2036 2197/2037 492/1879 2114/1926
f 1814/1498 2198/2036 2114/1926 389/1499
f 518/2008 2199/2038 2202/2039 2183/2019
f 2199/2038 526/2040 2200/2041 2202/2039
f 2202/2039 2200/2041 527/2042 2201/2043
f 2183/2019 2202/2039 2201/2043 520/2015
f 383/1480 2203/2044 2206/2045 1804/1481
f 2203/2044 528/2046 2204/2047 2206/2045
f 2206/2045 2204/2047 529/2048 2205/2049
f 1804/1481 2206/2045 2205/2049 384/1484
f 523/2024 2207/2050 2209/2051 2189/2027
f 2207/2050 530/2052 2208/2053 2209/2051
f 2209/2051 2208/2053 528/2046 2203/2044
f 2189/2027 2209/2051 2203/2044 383/1480
f 525/2032 2210/2054 2213/2055 2195/2035
f 2210/2054 531/2056 2211/2057 2213/2055
f 2213/2055 2211/2057 532/2058 2212/2059
f 2195/2035 2213/2055 2212/2059 522/2022
f 524/2030 2214/2060 2216/2061 2192/2031
f 2214/2060 533/2062 2215/2063 2216/2061
f 2216/2061 2215/2063 531/2056 2210/2054
f 2192/2031 2216/2061 2210/2054 525/2032
f 529/2048 2217/2064 2218/2065 2205/2049
f 2217/2064 526/2040 2199/2038 2218/2065
f 2218/2065 2199/2038 518/2008 2174/2007
f 2205/2049 2218/2065 2174/2007 384/1484
f 528/2046 2219/2066 2222/2067 2204/2047
f 2219/2066 534/2068 2220/2069 2222/2067
f 2222/2067 2220/2069 535/2070 2221/2071
f 2204/2047 2222/2067 2221/2071 529/2048
f 530/2052 2223/2072 2225/2073 2208/2053
f 2223/2072 536/2074 2224/2075 2225/2073
f 2225/2073 2224/2075 534/2068 2219/2066
f 2208/2053 2225/2073 2219/2066 528/2046
f 537/2076 2226/2077 2230/2078 2229/2079
f 2226/2077 538/2080 2227/2081 2230/2078
f 2230/2078 2227/2081 539/2082 2228/2083
f 2229/2079 2230/2078 2228/2083 540/2084
f 541/2085 2231/2086 2234/2087 2233/2088
f 2231/2086 542/2089 2232/2090 2234/2087
f 2234/2087 2232/2090 538/2080 2226/2077
f 2233/2088 2234/2087 2226/2077 537/2076
f 538/2080 2235/2091 2238/2092 2227/2081
f 2235/2091 543/2093 2236/2094 2238/2092
f 2238/2092 2236/2094 544/2095 2237/2096
f 2227/2081 2238/2092 2237/2096 539/2082
f 542/2089 2239/2097 2241/2098 2232/2090
f 2239/2097 545/2099 2240/2100 2241/2098
f 2241/2098 2240/2100 543/2093 2235/2091
f 2232/2090 2241/2098 2235/2091 538/2080
f 543/2093 2242/2101 2245/2102 2236/2094
f 2242/2101 546/2103 2243/2104 2245/2102
f 2245/2102 2243/2104 547/2105 2244/2106
f 2236/2094 2245/2102 2244/2106 544/2095
f 545/2099 2246/2107 2248/2108 2240/2100
f 2246/2107 548/2109 2247/2110 2248/2108
f 2248/2108 2247/2110 546/2103 2242/2101
f 2240/2100 2248/2108 2242/2101 543/2093
f 546/2103 2249/2111 2252/2112 2243/2104
f 2249/2111 549/2113 2250/2114 2252/2112
f 2252/2112 2250/2114 550/2115 2251/2116
f 2243/2104 2252/2112 2251/2116 547/2105
f 548/2109 2253/2117 2255/2118 2247/2110
f 2253/2117 551/2119 2254/2120 2255/2118
f 2255/2118 2254/2120 549/2113 2249/2111
f 2247/2110 2255/2118 2249/2111 546/2103
f 523/2024 2186/2023 2257/2121 2207/2050
f 2186/2023 522/2022 2212/2059 2257/2121
f 2257/2121 2212/2059 532/2058 2256/2122
f 2207/2050 2257/2121 2256/2122 530/2052
f 541/2085 2258/2123 2262/2124 2261/2125
f 2258/2123 536/2074 2259/2126 2262/2124
f 2262/2124 2259/2126 552/2127 2260/2128
f 2261/2125 2262/2124 2260/2128 553/2129
f 536/2074 2223/2072 2264/2130 2259/2126
f 2223/2072 530/2052 2256/2122 2264/2130
f 2264/2130 2256/2122 532/2058 2263/2131
f 2259/2126 2264/2130 2263/2131 552/2127
f 545/2099 2239/2097 2268/2132 2267/2133
f 2239/2097 542/2089 2265/2134 2268/2132
f 2268/2132 2265/2134 554/2135 2266/2136
f 2267/2133 2268/2132 2266/2136 555/2137
f 539/2082 2237/2096 2272/2138 2271/2139
f 2237/2096 544/2095 2269/2140 2272/2138
f 2272/2138 2269/2140 556/2141 2270/2142
f 2271/2139 2272/2138 2270/2142 557/2143
f 540/2084 2228/2083 2275/2144 2274/2145
f 2228/2083 539/2082 2271/2139 2275/2144
f 2275/2144 2271/2139 557/2143 2273/2146
f 2274/2145 2275/2144 2273/2146 558/2147
f 557/2143 2270/2142 2279/2148 2278/2149
f 2270/2142 556/2141 2276/2150 2279/2148
f 2279/2148 2276/2150 559/2151 2277/2152
f 2278/2149 2279/2148 2277/2152 560/2153
f 561/2154 2280/2155 2284/2156 2283/2157
f 2280/2155 562/2158 2281/2159 2284/2156
f 2284/2156 2281/2159 563/2160 2282/2161
f 2283/2157 2284/2156 2282/2161 558/2147
f 557/2143 2278/2149 2288/2162 2287/2163
f 2278/2149 560/2153 2285/2164 2288/2162
f 2288/2162 2285/2164 564/2165 2286/2166
f 2287/2163 2288/2162 2286/2166 565/2167
f 526/2040 2217/2064 2291/2168 2290/2169
f 2217/2064 529/2048 2221/2071 2291/2168
f 2291/2168 2221/2071 535/2070 2289/2170
f 2290/2169 2291/2168 2289/2170 563/2160
f 560/2153 2277/2152 2294/2171 2293/2172
f 2277/2152 559/2151 2292/2173 2294/2171
f 2294/2171 2292/2173 555/2174 2266/2175
f 2293/2172 2294/2171 2266/2175 554/2176
f 544/2095 2244/2106 2297/2177 2269/2140
f 2244/2106 547/2105 2295/2178 2297/2177
f 2297/2177 2295/2178 566/2179 2296/2180
f 2269/2140 2297/2177 2296/2180 556/2141
f 547/2105 2251/2116 2300/2181 2295/2178
f 2251/2116 550/2115 2298/2182 2300/2181
f 2300/2181 2298/2182 567/2183 2299/2184
f 2295/2178 2300/2181 2299/2184 566/2179
f 554/2176 2301/2185 2303/2186 2293/2172
f 2301/2185 568/2187 2302/2188 2303/2186
f 2303/2186 2302/2188 564/2165 2285/2164
f 2293/2172 2303/2186 2285/2164 560/2153
f 569/2189 2304/2190 2307/2191 2306/2192
f 2304/2190 568/2187 2301/2185 2307/2191
f 2307/2191 2301/2185 554/2176 2305/2193
f 2306/2192 2307/2191 2305/2193 553/2194
f 533/2062 2308/2195 2311/2196 2215/2063
f 2308/2195 570/2197 2309/2198 2311/2196
f 2311/2196 2309/2198 571/2199 2310/2200
f 2215/2063 2311/2196 2310/2200 531/2056
f 569/2201 2312/2202 2315/2203 2314/2204
f 2312/2202 571/2199 2309/2198 2315/2203
f 2315/2203 2309/2198 570/2197 2313/2205
f 2314/2204 2315/2203 2313/2205 572/2206
f 573/2207 2316/2208 2319/2209 2318/2210
f 2316/2208 574/2211 2317/2212 2319/2209
f 2319/2209 2317/2212 570/2197 2308/2195
f 2318/2210 2319/2209 2308/2195 533/2062
f 532/2058 2211/2057 2321/2213 2263/2131
f 2211/2057 531/2056 2310/2200 2321/2213
f 2321/2213 2310/2200 571/2199 2320/2214
f 2263/2131 2321/2213 2320/2214 552/2127
f 575/2215 2322/2216 2326/2217 2325/2218
f 2322/2216 576/2219 2323/2220 2326/2217
f 2326/2217 2323/2220 577/2221 2324/2222
f 2325/2218 2326/2217 2324/2222 572/2223
f 568/2187 2327/2224 2331/2225 2330/2226
f 2327/2224 577/2221 2328/2227 2331/2225
f 2331/2225 2328/2227 578/2228 2329/2229
f 2330/2226 2331/2225 2329/2229 579/2230
f 564/2165 2302/2188 2334/2231 2333/2232
f 2302/2188 568/2187 2330/2226 2334/2231
f 2334/2231 2330/2226 579/2230 2332/2233
f 2333/2232 2334/2231 2332/2233 580/2234
f 565/2167 2286/2166 2337/2235 2336/2236
f 2286/2166 564/2165 2333/2232 2337/2235
f 2337/2235 2333/2232 580/2234 2335/2237
f 2336/2236 2337/2235 2335/2237 581/2238
f 565/2167 2336/2236 2341/2239 2340/2240
f 2336/2236 581/2238 2338/2241 2341/2239
f 2341/2239 2338/2241 582/2242 2339/2243
f 2340/2240 2341/2239 2339/2243 561/2154
f 583/2244 2342/2245 2346/2246 2345/2247
f 2342/2245 584/2248 2343/2249 2346/2246
f 2346/2246 2343/2249 585/2250 2344/2251
f 2345/2247 2346/2246 2344/2251 586/2252
f 587/2253 2347/2254 2351/2255 2350/2256
f 2347/2254 588/2257 2348/2258 2351/2255
f 2351/2255 2348/2258 589/2259 2349/2260
f 2350/2256 2351/2255 2349/2260 590/2261
f 591/2262 2352/2263 2356/2264 2355/2265
f 2352/2263 592/2266 2353/2267 2356/2264
f 2356/2264 2353/2267 593/2268 2354/2269
f 2355/2265 2356/2264 2354/2269 594/2270
f 594/2270 2354/2269 2359/2271 2358/2272
f 2354/2269 593/2268 2357/2273 2359/2271
f 2359/2271 2357/2273 588/2257 2347/2254
f 2358/2272 2359/2271 2347/2254 587/2253
f 593/2268 2360/2274 2363/2275 2357/2273
f 2360/2274 595/2276 2361/2277 2363/2275
f 2363/2275 2361/2277 596/2278 2362/2279
f 2357/2273 2363/2275 2362/2279 588/2257
f 588/2257 2362/2279 2366/2280 2348/2258
f 2362/2279 596/2278 2364/2281 2366/2280
f 2366/2280 2364/2281 597/2282 2365/2283
f 2348/2258 2366/2280 2365/2283 589/2259
f 598/2284 2367/2285 2371/2286 2370/2287
f 2367/2285 595/2276 2368/2288 2371/2286
f 2371/2286 2368/2288 599/2289 2369/2290
f 2370/2287 2371/2286 2369/2290 600/2291
f 597/2282 2372/2292 2376/2293 2375/2294
f 2372/2292 601/2295 2373/2296 2376/2293
f 2376/2293 2373/2296 602/2297 2374/2298
f 2375/2294 2376/2293 2374/2298 603/2299
f 595/2276 2360/2274 2379/2300 2368/2288
f 2360/2274 593/2268 2377/2301 2379/2300
f 2379/2300 2377/2301 604/2302 2378/2303
f 2368/2288 2379/2300 2378/2303 599/2289
f 584/2248 2380/2304 2383/2305 2343/2249
f 2380/2304 603/2299 2381/2306 2383/2305
f 2383/2305 2381/2306 605/2307 2382/2308
f 2343/2249 2383/2305 2382/2308 585/2250
f 595/2276 2367/2285 2386/2309 2361/2277
f 2367/2285 598/2284 2384/2310 2386/2309
f 2386/2309 2384/2310 606/2311 2385/2312
f 2361/2277 2386/2309 2385/2312 596/2278
f 596/2278 2385/2312 2388/2313 2364/2281
f 2385/2312 606/2311 2387/2314 2388/2313
f 2388/2313 2387/2314 601/2295 2372/2292
f 2364/2281 2388/2313 2372/2292 597/2282
f 605/2307 2389/2315 2393/2316 2392/2317
f 2389/2315 607/2318 2390/2319 2393/2316
f 2393/2316 2390/2319 608/2320 2391/2321
f 2392/2317 2393/2316 2391/2321 609/2322
f 598/2284 2370/2287 2397/2323 2396/2324
f 2370/2287 600/2291 2394/2325 2397/2323
f 2397/2323 2394/2325 610/2326 2395/2327
f 2396/2324 2397/2323 2395/2327 611/2328
f 589/2259 2365/2283 2399/2329 2398/2330
f 2365/2283 597/2282 2375/2294 2399/2329
f 2399/2329 2375/2294 603/2299 2380/2304
f 2398/2330 2399/2329 2380/2304 584/2248
f 603/2299 2374/2298 2401/2331 2381/2306
f 2374/2298 602/2297 2400/2332 2401/2331
f 2401/2331 2400/2332 607/2318 2389/2315
f 2381/2306 2401/2331 2389/2315 605/2307
f 612/2333 2402/2334 2406/2335 2405/2336
f 2402/2334 613/2337 2403/2338 2406/2335
f 2406/2335 2403/2338 614/2339 2404/2340
f 2405/2336 2406/2335 2404/2340 615/2341
f 534/2068 2407/2342 2409/2343 2220/2069
f 2407/2342 537/2076 2229/2079 2409/2343
f 2409/2343 2229/2079 540/2084 2408/2344
f 2220/2069 2409/2343 2408/2344 535/2070
f 536/2074 2258/2123 2410/2345 2224/2075
f 2258/2123 541/2085 2233/2088 2410/2345
f 2410/2345 2233/2088 537/2076 2407/2342
f 2224/2075 2410/2345 2407/2342 534/2068
f 542/2089 2231/2086 2411/2346 2265/2134
f 2231/2086 541/2085 2261/2125 2411/2346
f 2411/2346 2261/2125 553/2129 2305/2347
f 2265/2134 2411/2346 2305/2347 554/2135
f 535/2070 2408/2344 2412/2348 2289/2170
f 2408/2344 540/2084 2274/2145 2412/2348
f 2412/2348 2274/2145 558/2147 2282/2161
f 2289/2170 2412/2348 2282/2161 563/2160
f 565/2167 2340/2240 2413/2349 2287/2163
f 2340/2240 561/2154 2283/2157 2413/2349
f 2413/2349 2283/2157 558/2147 2273/2146
f 2287/2163 2413/2349 2273/2146 557/2143
f 582/2242 2414/2350 2416/2351 2339/2243
f 2414/2350 616/2352 2415/2353 2416/2351
f 2416/2351 2415/2353 562/2158 2280/2155
f 2339/2243 2416/2351 2280/2155 561/2154
f 578/2228 2417/2354 2419/2355 2329/2229
f 2417/2354 591/2262 2355/2265 2419/2355
f 2419/2355 2355/2265 594/2270 2418/2356
f 2329/2229 2419/2355 2418/2356 579/2230
f 571/2199 2312/2202 2420/2357 2320/2214
f 2312/2202 569/2201 2306/2358 2420/2357
f 2420/2357 2306/2358 553/2129 2260/2128
f 2320/2214 2420/2357 2260/2128 552/2127
f 568/2187 2304/2190 2421/2359 2327/2224
f 2304/2190 569/2189 2314/2360 2421/2359
f 2421/2359 2314/2360 572/2223 2324/2222
f 2327/2224 2421/2359 2324/2222 577/2221
f 574/2211 2422/2361 2423/2362 2317/2212
f 2422/2361 575/2363 2325/2364 2423/2362
f 2423/2362 2325/2364 572/2206 2313/2205
f 2317/2212 2423/2362 2313/2205 570/2197
f 586/2252 2424/2365 2428/2366 2427/2367
f 2424/2365 617/2368 2425/2369 2428/2366
f 2428/2366 2425/2369 618/2370 2426/2371
f 2427/2367 2428/2366 2426/2371 616/2352
f 583/2244 2345/2247 2430/2372 2429/2373
f 2345/2247 586/2252 2427/2367 2430/2372
f 2430/2372 2427/2367 616/2352 2414/2350
f 2429/2373 2430/2372 2414/2350 582/2242
f 582/2242 2338/2241 2433/2374 2429/2373
f 2338/2241 581/2238 2431/2375 2433/2374
f 2433/2374 2431/2375 590/2261 2432/2376
f 2429/2373 2433/2374 2432/2376 583/2244
f 584/2248 2342/2245 2434/2377 2398/2330
f 2342/2245 583/2244 2432/2376 2434/2377
f 2434/2377 2432/2376 590/2261 2349/2260
f 2398/2330 2434/2377 2349/2260 589/2259
f 563/2160 2281/2159 2436/2378 2290/2169
f 2281/2159 562/2158 2435/2379 2436/2378
f 2436/2378 2435/2379 527/2042 2200/2041
f 2290/2169 2436/2378 2200/2041 526/2040
f 594/2270 2358/2272 2438/2380 2418/2356
f 2358/2272 587/2253 2437/2381 2438/2380
f 2438/2380 2437/2381 580/2234 2332/2233
f 2418/2356 2438/2380 2332/2233 579/2230
f 581/2238 2335/2237 2439/2382 2431/2375
f 2335/2237 580/2234 2437/2381 2439/2382
f 2439/2382 2437/2381 587/2253 2350/2256
f 2431/2375 2439/2382 2350/2256 590/2261
f 559/2151 2440/2383 2443/2384 2292/2173
f 2440/2383 619/2385 2441/2386 2443/2384
f 2443/2384 2441/2386 620/2387 2442/2388
f 2292/2173 2443/2384 2442/2388 555/2174
f 548/2109 2246/2107 2445/2389 2444/2390
f 2246/2107 545/2099 2267/2133 2445/2389
f 2445/2389 2267/2133 555/2137 2442/2391
f 2444/2390 2445/2389 2442/2391 620/2392
f 566/2179 2446/2393 2447/2394 2296/2180
f 2446/2393 619/2385 2440/2383 2447/2394
f 2447/2394 2440/2383 559/2151 2276/2150
f 2296/2180 2447/2394 2276/2150 556/2141
f 621/2395 2448/2396 2452/2397 2451/2398
f 2448/2396 622/2399 2449/2400 2452/2397
f 2452/2397 2449/2400 623/2401 2450/2402
f 2451/2398 2452/2397 2450/2402 624/2403
f 625/2404 2453/2405 2456/2406 2455/2407
f 2453/2405 626/2408 2454/2409 2456/2406
f 2456/2406 2454/2409 622/2399 2448/2396
f 2455/2407 2456/2406 2448/2396 621/2395
f 627/2410 2457/2411 2461/2412 2460/2413
f 2457/2411 628/2414 2458/2415 2461/2412
f 2461/2412 2458/2415 629/2416 2459/2417
f 2460/2413 2461/2412 2459/2417 630/2418
f 606/2311 2462/2419 2465/2420 2387/2314
f 2462/2419 631/2421 2463/2422 2465/2420
f 2465/2420 2463/2422 612/2333 2464/2423
f 2387/2314 2465/2420 2464/2423 601/2295
f 625/2404 2466/2424 2468/2425 2453/2405
f 2466/2424 630/2418 2459/2417 2468/2425
f 2468/2425 2459/2417 629/2416 2467/2426
f 2453/2405 2468/2425 2467/2426 626/2408
f 598/2284 2396/2324 2470/2427 2384/2310
f 2396/2324 611/2328 2469/2428 2470/2427
f 2470/2427 2469/2428 631/2421 2462/2419
f 2384/2310 2470/2427 2462/2419 606/2311
f 632/2429 2471/2430 2475/2431 2474/2432
f 2471/2430 633/2433 2472/2434 2475/2431
f 2475/2431 2472/2434 634/2435 2473/2436
f 2474/2432 2475/2431 2473/2436 635/2437
f 627/2410 2476/2438 2478/2439 2457/2411
f 2476/2438 635/2437 2473/2436 2478/2439
f 2478/2439 2473/2436 634/2435 2477/2440
f 2457/2411 2478/2439 2477/2440 628/2414
f 632/2429 2474/2432 2482/2441 2481/2442
f 2474/2432 635/2437 2479/2443 2482/2441
f 2482/2441 2479/2443 636/2444 2480/2445
f 2481/2442 2482/2441 2480/2445 637/2446
f 623/2401 2483/2447 2486/2448 2450/2402
f 2483/2447 638/2449 2484/2450 2486/2448
f 2486/2448 2484/2450 639/2451 2485/2452
f 2450/2402 2486/2448 2485/2452 624/2403
f 640/2453 2487/2454 2489/2455 2488/2456
f 2487/2454 636/2444 2479/2443 2489/2455
f 2489/2455 2479/2443 635/2437 2476/2438
f 2488/2456 2489/2455 2476/2438 627/2410
f 641/2457 2490/2458 2492/2459 2491/2460
f 2490/2458 640/2453 2488/2456 2492/2459
f 2492/2459 2488/2456 627/2410 2460/2413
f 2491/2460 2492/2459 2460/2413 630/2418
f 566/2179 2299/2184 2495/2461 2446/2393
f 2299/2184 567/2183 2493/2462 2495/2461
f 2495/2461 2493/2462 642/2463 2494/2464
f 2446/2393 2495/2461 2494/2464 619/2385
f 620/2387 2441/2386 2498/2465 2497/2466
f 2441/2386 619/2385 2494/2464 2498/2465
f 2498/2465 2494/2464 642/2463 2496/2467
f 2497/2466 2498/2465 2496/2467 643/2468
f 551/2119 2253/2117 2500/2469 2499/2470
f 2253/2117 548/2109 2444/2390 2500/2469
f 2500/2469 2444/2390 620/2392 2497/2471
f 2499/2470 2500/2469 2497/2471 643/2472
f 644/2473 2501/2474 2505/2475 2504/2476
f 2501/2474 645/2477 2502/2478 2505/2475
f 2505/2475 2502/2478 646/2479 2503/2480
f 2504/2476 2505/2475 2503/2480 647/2481
f 648/2482 2506/2483 2510/2484 2509/2485
f 2506/2483 649/2486 2507/2487 2510/2484
f 2510/2484 2507/2487 650/2488 2508/2489
f 2509/2485 2510/2484 2508/2489 651/2490
f 651/2490 2508/2489 2514/2491 2513/2492
f 2508/2489 650/2488 2511/2493 2514/2491
f 2514/2491 2511/2493 652/2494 2512/2495
f 2513/2492 2514/2491 2512/2495 653/2496
f 654/2497 2515/2498 2518/2499 2517/2500
f 2515/2498 655/2501 2516/2502 2518/2499
f 2518/2499 2516/2502 649/2486 2506/2483
f 2517/2500 2518/2499 2506/2483 648/2482
f 656/2503 2519/2504 2522/2505 2521/2506
f 2519/2504 657/2507 2520/2508 2522/2505
f 2522/2505 2520/2508 655/2501 2515/2498
f 2521/2506 2522/2505 2515/2498 654/2497
f 658/2509 2523/2510 2526/2511 2525/2512
f 2523/2510 659/2513 2524/2514 2526/2511
f 2526/2511 2524/2514 645/2477 2501/2474
f 2525/2512 2526/2511 2501/2474 644/2473
f 647/2481 2503/2480 2529/2515 2528/2516
f 2503/2480 646/2479 2527/2517 2529/2515
f 2529/2515 2527/2517 657/2507 2519/2504
f 2528/2516 2529/2515 2519/2504 656/2503
f 660/2518 2530/2519 2534/2520 2533/2521
f 2530/2519 661/2522 2531/2523 2534/2520
f 2534/2520 2531/2523 662/2524 2532/2525
f 2533/2521 2534/2520 2532/2525 663/2526
f 663/2526 2532/2525 2538/2527 2537/2528
f 2532/2525 662/2524 2535/2529 2538/2527
f 2538/2527 2535/2529 664/2530 2536/2531
f 2537/2528 2538/2527 2536/2531 665/2532
f 666/2533 2539/2534 2542/2535 2541/2536
f 2539/2534 667/2537 2540/2538 2542/2535
f 2542/2535 2540/2538 661/2522 2530/2519
f 2541/2536 2542/2535 2530/2519 660/2518
f 668/2539 2543/2540 2547/2541 2546/2542
f 2543/2540 669/2543 2544/2544 2547/2541
f 2547/2541 2544/2544 670/2545 2545/2546
f 2546/2542 2547/2541 2545/2546 671/2547
f 671/2547 2545/2546 2550/2548 2549/2549
f 2545/2546 670/2545 2548/2550 2550/2548
f 2550/2548 2548/2550 667/2537 2539/2534
f 2549/2549 2550/2548 2539/2534 666/2533
f 672/2551 2551/2552 2555/2553 2554/2554
f 2551/2552 673/2555 2552/2556 2555/2553
f 2555/2553 2552/2556 674/2557 2553/2558
f 2554/2554 2555/2553 2553/2558 675/2559
f 665/2532 2536/2531 2558/2560 2557/2561
f 2536/2531 664/2530 2556/2562 2558/2560
f 2558/2560 2556/2562 673/2555 2551/2552
f 2557/2561 2558/2560 2551/2552 672/2551
f 676/2563 2559/2564 2563/2565 2562/2566
f 2559/2564 677/2567 2560/2568 2563/2565
f 2563/2565 2560/2568 678/2569 2561/2570
f 2562/2566 2563/2565 2561/2570 679/2571
f 680/2572 2564/2573 2568/2574 2567/2575
f 2564/2573 681/2576 2565/2577 2568/2574
f 2568/2574 2565/2577 682/2578 2566/2579
f 2567/2575 2568/2574 2566/2579 683/2580
f 684/2581 2569/2582 2573/2583 2572/2584
f 2569/2582 685/2585 2570/2586 2573/2583
f 2573/2583 2570/2586 686/2587 2571/2588
f 2572/2584 2573/2583 2571/2588 687/2589
f 687/2589 2571/2588 2576/2590 2575/2591
f 2571/2588 686/2587 2574/2592 2576/2590
f 2576/2590 2574/2592 681/2576 2564/2573
f 2575/2591 2576/2590 2564/2573 680/2572
f 688/2593 2577/2594 2581/2595 2580/2596
f 2577/2594 689/2597 2578/2598 2581/2595
f 2581/2595 2578/2598 690/2599 2579/2600
f 2580/2596 2581/2595 2579/2600 691/2601
f 679/2571 2561/2570 2584/2602 2583/2603
f 2561/2570 678/2569 2582/2604 2584/2602
f 2584/2602 2582/2604 689/2597 2577/2594
f 2583/2603 2584/2602 2577/2594 688/2593
f 683/2580 2566/2579 2587/2605 2586/2606
f 2566/2579 682/2578 2585/2607 2587/2605
f 2587/2605 2585/2607 677/2567 2559/2564
f 2586/2606 2587/2605 2559/2564 676/2563
f 550/2608 2588/2609 2591/2610 2298/2611
f 2588/2609 692/2612 2589/2613 2591/2610
f 2591/2610 2589/2613 693/2614 2590/2615
f 2298/2611 2591/2610 2590/2615 567/2616
f 694/2617 2592/2618 2596/2619 2595/2620
f 2592/2618 695/2621 2593/2622 2596/2619
f 2596/2619 2593/2622 696/2623 2594/2624
f 2595/2620 2596/2619 2594/2624 697/2625
f 695/2626 2597/2627 2600/2628 2593/2629
f 2597/2627 698/2630 2598/2631 2600/2628
f 2600/2628 2598/2631 699/2632 2599/2633
f 2593/2629 2600/2628 2599/2633 696/2634
f 700/2635 2601/2636 2605/2637 2604/2638
f 2601/2636 701/2639 2602/2640 2605/2637
f 2605/2637 2602/2640 702/2641 2603/2642
f 2604/2638 2605/2637 2603/2642 703/2643
f 694/2617 2606/2644 2609/2645 2608/2646
f 2606/2644 692/2612 2607/2647 2609/2645
f 2609/2645 2607/2647 701/2648 2601/2649
f 2608/2646 2609/2645 2601/2649 700/2650
f 697/2651 2594/2652 2612/2653 2611/2654
f 2594/2652 696/2634 2599/2633 2612/2653
f 2612/2653 2599/2633 699/2632 2610/2655
f 2611/2654 2612/2653 2610/2655 703/2643
f 692/2612 2606/2644 2614/2656 2589/2613
f 2606/2644 694/2617 2595/2620 2614/2656
f 2614/2656 2595/2620 697/2625 2613/2657
f 2589/2613 2614/2656 2613/2657 693/2614
f 698/2630 2615/2658 2616/2659 2598/2631
f 2615/2658 700/2635 2604/2638 2616/2659
f 2616/2659 2604/2638 703/2643 2610/2655
f 2598/2631 2616/2659 2610/2655 699/2632
f 695/2621 2592/2618 2617/2660 2597/2661
f 2592/2618 694/2617 2608/2646 2617/2660
f 2617/2660 2608/2646 700/2650 2615/2662
f 2597/2661 2617/2660 2615/2662 698/2663
f 693/2664 2613/2665 2619/2666 2618/2667
f 2613/2665 697/2651 2611/2654 2619/2666
f 2619/2666 2611/2654 703/2643 2603/2642
f 2618/2667 2619/2666 2603/2642 702/2641
f 692/2612 2620/2668 2623/2669 2607/2647
f 2620/2668 704/2670 2621/2671 2623/2669
f 2623/2669 2621/2671 705/2672 2622/2673
f 2607/2647 2623/2669 2622/2673 701/2648
f 706/2674 2624/2675 2627/2676 2626/2677
f 2624/2675 704/2670 2625/2678 2627/2676
f 2627/2676 2625/2678 549/2679 2254/2680
f 2626/2677 2627/2676 2254/2680 551/2681
f 550/2608 2250/2682 2628/2683 2588/2609
f 2250/2682 549/2679 2625/2678 2628/2683
f 2628/2683 2625/2678 704/2670 2620/2668
f 2588/2609 2628/2683 2620/2668 692/2612
f 567/2684 2590/2685 2631/2686 2630/2687
f 2590/2685 693/2664 2618/2667 2631/2686
f 2631/2686 2618/2667 702/2641 2629/2688
f 2630/2687 2631/2686 2629/2688 707/2689
f 551/2681 2499/2690 2634/2691 2626/2677
f 2499/2690 643/2692 2632/2693 2634/2691
f 2634/2691 2632/2693 708/2694 2633/2695
f 2626/2677 2634/2691 2633/2695 706/2674
f 708/2694 2635/2696 2638/2697 2633/2695
f 2635/2696 709/2698 2636/2699 2638/2697
f 2638/2697 2636/2699 710/2700 2637/2701
f 2633/2695 2638/2697 2637/2701 706/2674
f 711/2702 2639/2703 2641/2704 2640/2705
f 2639/2703 708/2694 2632/2706 2641/2704
f 2641/2704 2632/2706 643/2707 2496/2708
f 2640/2705 2641/2704 2496/2708 642/2709
f 711/2702 2642/2710 2644/2711 2639/2703
f 2642/2710 712/2712 2643/2713 2644/2711
f 2644/2711 2643/2713 709/2698 2635/2696
f 2639/2703 2644/2711 2635/2696 708/2694
f 707/2689 2645/2714 2646/2715 2630/2716
f 2645/2714 711/2702 2640/2705 2646/2715
f 2646/2715 2640/2705 642/2709 2493/2717
f 2630/2716 2646/2715 2493/2717 567/2718
f 707/2689 2647/2719 2649/2720 2645/2714
f 2647/2719 713/2721 2648/2722 2649/2720
f 2649/2720 2648/2722 712/2712 2642/2710
f 2645/2714 2649/2720 2642/2710 711/2702
f 713/2721 2647/2719 2651/2723 2650/2724
f 2647/2719 707/2689 2629/2688 2651/2723
f 2651/2723 2629/2688 702/2641 2602/2640
f 2650/2724 2651/2723 2602/2640 701/2639
f 713/2721 2652/2725 2655/2726 2648/2722
f 2652/2725 714/2727 2653/2728 2655/2726
f 2655/2726 2653/2728 715/2729 2654/2730
f 2648/2722 2655/2726 2654/2730 712/2712
f 709/2698 2656/2731 2659/2732 2636/2699
f 2656/2731 716/2733 2657/2734 2659/2732
f 2659/2732 2657/2734 717/2735 2658/2736
f 2636/2699 2659/2732 2658/2736 710/2700
f 718/2737 2660/2738 2664/2739 2663/2740
f 2660/2738 717/2735 2661/2741 2664/2739
f 2664/2739 2661/2741 719/2742 2662/2743
f 2663/2740 2664/2739 2662/2743 720/2744
f 712/2712 2654/2730 2666/2745 2643/2713
f 2654/2730 715/2729 2665/2746 2666/2745
f 2666/2745 2665/2746 716/2733 2656/2731
f 2643/2713 2666/2745 2656/2731 709/2698
f 705/2747 2667/2748 2670/2749 2622/2750
f 2667/2748 718/2751 2668/2752 2670/2749
f 2670/2749 2668/2752 721/2753 2669/2754
f 2622/2750 2670/2749 2669/2754 701/2639
f 701/2639 2669/2754 2672/2755 2650/2724
f 2669/2754 721/2753 2671/2756 2672/2755
f 2672/2755 2671/2756 714/2727 2652/2725
f 2650/2724 2672/2755 2652/2725 713/2721
f 715/2729 2673/2757 2676/2758 2665/2746
f 2673/2757 722/2759 2674/2760 2676/2758
f 2676/2758 2674/2760 723/2761 2675/2762
f 2665/2746 2676/2758 2675/2762 716/2733
f 710/2700 2658/2736 2678/2763 2677/2764
f 2658/2736 717/2735 2660/2738 2678/2763
f 2678/2763 2660/2738 718/2737 2667/2765
f 2677/2764 2678/2763 2667/2765 705/2672
f 721/2753 2679/2766 2682/2767 2671/2756
f 2679/2766 724/2768 2680/2769 2682/2767
f 2682/2767 2680/2769 725/2770 2681/2771
f 2671/2756 2682/2767 2681/2771 714/2727
f 718/2751 2663/2772 2684/2773 2668/2752
f 2663/2772 720/2774 2683/2775 2684/2773
f 2684/2773 2683/2775 724/2768 2679/2766
f 2668/2752 2684/2773 2679/2766 721/2753
f 714/2727 2681/2771 2686/2776 2653/2728
f 2681/2771 725/2770 2685/2777 2686/2776
f 2686/2776 2685/2777 722/2759 2673/2757
f 2653/2728 2686/2776 2673/2757 715/2729
f 725/2770 2687/2778 2690/2779 2685/2777
f 2687/2778 726/2780 2688/2781 2690/2779
f 2690/2779 2688/2781 727/2782 2689/2783
f 2685/2777 2690/2779 2689/2783 722/2759
f 722/2759 2689/2783 2693/2784 2674/2760
f 2689/2783 727/2782 2691/2785 2693/2784
f 2693/2784 2691/2785 728/2786 2692/2787
f 2674/2760 2693/2784 2692/2787 723/2761
f 706/2674 2637/2701 2694/2788 2624/2675
f 2637/2701 710/2700 2677/2764 2694/2788
f 2694/2788 2677/2764 705/2672 2621/2671
f 2624/2675 2694/2788 2621/2671 704/2670
f 724/2768 2695/2789 2697/2790 2680/2769
f 2695/2789 729/2791 2696/2792 2697/2790
f 2697/2790 2696/2792 726/2780 2687/2778
f 2680/2769 2697/2790 2687/2778 725/2770
f 720/2774 2698/2793 2700/2794 2683/2775
f 2698/2793 730/2795 2699/2796 2700/2794
f 2700/2794 2699/2796 729/2791 2695/2789
f 2683/2775 2700/2794 2695/2789 724/2768
f 731/2797 2701/2798 2703/2799 2702/2800
f 2701/2798 728/2786 2691/2785 2703/2799
f 2703/2799 2691/2785 727/2782 2688/2781
f 2702/2800 2703/2799 2688/2781 726/2780
f 729/2791 2699/2796 2705/2801 2696/2792
f 2699/2796 730/2795 2704/2802 2705/2801
f 2705/2801 2704/2802 731/2797 2702/2800
f 2696/2792 2705/2801 2702/2800 726/2780
f 717/2735 2657/2734 2707/2803 2661/2741
f 2657/2734 716/2733 2675/2762 2707/2803
f 2707/2803 2675/2762 723/2761 2706/2804
f 2661/2741 2707/2803 2706/2804 719/2742
f 719/2742 2706/2804 2709/2805 2708/2806
f 2706/2804 723/2761 2692/2807 2709/2805
f 2709/2805 2692/2807 728/2808 2701/2809
f 2708/2806 2709/2805 2701/2809 731/2810
f 720/2744 2662/2743 2710/2811 2698/2812
f 2662/2743 719/2742 2708/2806 2710/2811
f 2710/2811 2708/2806 731/2810 2704/2813
f 2698/2812 2710/2811 2704/2813 730/2814
f 678/2815 2711/2816 2714/2817 2582/2818
f 2711/2816 732/2819 2712/2820 2714/2817
f 2714/2817 2712/2820 733/2821 2713/2822
f 2582/2818 2714/2817 2713/2822 689/2823
f 677/2824 2715/2825 2717/2826 2560/2827
f 2715/2825 734/2828 2716/2829 2717/2826
f 2717/2826 2716/2829 732/2819 2711/2816
f 2560/2827 2717/2826 2711/2816 678/2815
f 732/2819 2718/2830 2721/2831 2712/2820
f 2718/2830 735/2832 2719/2833 2721/2831
f 2721/2831 2719/2833 736/2834 2720/2835
f 2712/2820 2721/2831 2720/2835 733/2821
f 734/2828 2722/2836 2724/2837 2716/2829
f 2722/2836 737/2838 2723/2839 2724/2837
f 2724/2837 2723/2839 735/2832 2718/2830
f 2716/2829 2724/2837 2718/2830 732/2819
f 735/2832 2725/2840 2728/2841 2719/2833
f 2725/2840 738/2842 2726/2843 2728/2841
f 2728/2841 2726/2843 739/2844 2727/2845
f 2719/2833 2728/2841 2727/2845 736/2834
f 737/2838 2729/2846 2731/2847 2723/2839
f 2729/2846 740/2848 2730/2849 2731/2847
f 2731/2847 2730/2849 738/2842 2725/2840
f 2723/2839 2731/2847 2725/2840 735/2832
f 738/2842 2732/2850 2735/2851 2726/2843
f 2732/2850 741/2852 2733/2853 2735/2851
f 2735/2851 2733/2853 742/2854 2734/2855
f 2726/2843 2735/2851 2734/2855 739/2844
f 740/2848 2736/2856 2738/2857 2730/2849
f 2736/2856 743/2858 2737/2859 2738/2857
f 2738/2857 2737/2859 741/2852 2732/2850
f 2730/2849 2738/2857 2732/2850 738/2842
f 686/2860 2739/2861 2742/2862 2574/2863
f 2739/2861 744/2864 2740/2865 2742/2862
f 2742/2862 2740/2865 745/2866 2741/2867
f 2574/2863 2742/2862 2741/2867 681/2868
f 685/2869 2743/2870 2745/2871 2570/2872
f 2743/2870 746/2873 2744/2874 2745/2871
f 2745/2871 2744/2874 744/2864 2739/2861
f 2570/2872 2745/2871 2739/2861 686/2860
f 681/2875 2741/2876 2748/2877 2565/2878
f 2741/2876 745/2879 2746/2880 2748/2877
f 2748/2877 2746/2880 747/2881 2747/2882
f 2565/2878 2748/2877 2747/2882 682/2883
f 677/2824 2585/2884 2750/2885 2715/2825
f 2585/2884 682/2883 2747/2882 2750/2885
f 2750/2885 2747/2882 747/2881 2749/2886
f 2715/2825 2750/2885 2749/2886 734/2828
f 733/2821 2751/2887 2753/2888 2713/2822
f 2751/2887 748/2889 2752/2890 2753/2888
f 2753/2888 2752/2890 690/2891 2578/2892
f 2713/2822 2753/2888 2578/2892 689/2823
f 745/2879 2754/2893 2757/2894 2746/2880
f 2754/2893 749/2895 2755/2896 2757/2894
f 2757/2894 2755/2896 750/2897 2756/2898
f 2746/2880 2757/2894 2756/2898 747/2881
f 746/2873 2758/2899 2761/2900 2744/2874
f 2758/2899 751/2901 2759/2902 2761/2900
f 2761/2900 2759/2902 752/2903 2760/2904
f 2744/2874 2761/2900 2760/2904 744/2864
f 744/2864 2760/2904 2763/2905 2740/2865
f 2760/2904 752/2903 2762/2906 2763/2905
f 2763/2905 2762/2906 749/2907 2754/2908
f 2740/2865 2763/2905 2754/2908 745/2866
f 737/2838 2722/2836 2765/2909 2764/2910
f 2722/2836 734/2828 2749/2886 2765/2909
f 2765/2909 2749/2886 747/2881 2756/2898
f 2764/2910 2765/2909 2756/2898 750/2897
f 733/2821 2720/2835 2768/2911 2751/2887
f 2720/2835 736/2834 2766/2912 2768/2911
f 2768/2911 2766/2912 753/2913 2767/2914
f 2751/2887 2768/2911 2767/2914 748/2889
f 752/2903 2769/2915 2772/2916 2762/2906
f 2769/2915 754/2917 2770/2918 2772/2916
f 2772/2916 2770/2918 755/2919 2771/2920
f 2762/2906 2772/2916 2771/2920 749/2907
f 742/2854 2773/2921 2776/2922 2734/2855
f 2773/2921 756/2923 2774/2924 2776/2922
f 2776/2922 2774/2924 757/2925 2775/2926
f 2734/2855 2776/2922 2775/2926 739/2844
f 750/2927 2777/2928 2780/2929 2764/2930
f 2777/2928 758/2931 2778/2932 2780/2929
f 2780/2929 2778/2932 759/2933 2779/2934
f 2764/2930 2780/2929 2779/2934 737/2935
f 749/2907 2771/2920 2782/2936 2755/2937
f 2771/2920 755/2919 2781/2938 2782/2936
f 2782/2936 2781/2938 758/2931 2777/2928
f 2755/2937 2782/2936 2777/2928 750/2927
f 739/2844 2775/2926 2785/2939 2727/2845
f 2775/2926 757/2925 2783/2940 2785/2939
f 2785/2939 2783/2940 760/2941 2784/2942
f 2727/2845 2785/2939 2784/2942 736/2834
f 736/2834 2784/2942 2788/2943 2766/2912
f 2784/2942 760/2941 2786/2944 2788/2943
f 2788/2943 2786/2944 761/2945 2787/2946
f 2766/2912 2788/2943 2787/2946 753/2913
f 751/2901 2789/2947 2791/2948 2759/2902
f 2789/2947 762/2949 2790/2950 2791/2948
f 2791/2948 2790/2950 754/2917 2769/2915
f 2759/2902 2791/2948 2769/2915 752/2903
f 740/2951 2792/2952 2795/2953 2736/2954
f 2792/2952 763/2955 2793/2956 2795/2953
f 2795/2953 2793/2956 764/2957 2794/2958
f 2736/2954 2795/2953 2794/2958 743/2959
f 737/2935 2779/2934 2797/2960 2729/2961
f 2779/2934 759/2933 2796/2962 2797/2960
f 2797/2960 2796/2962 763/2955 2792/2952
f 2729/2961 2797/2960 2792/2952 740/2951
f 743/2959 2794/2958 2800/2963 2737/2964
f 2794/2958 764/2957 2798/2965 2800/2963
f 2800/2963 2798/2965 765/2966 2799/2967
f 2737/2964 2800/2963 2799/2967 741/2968
f 741/2968 2799/2967 2802/2969 2733/2970
f 2799/2967 765/2966 2801/2971 2802/2969
f 2802/2969 2801/2971 756/2923 2773/2921
f 2733/2970 2802/2969 2773/2921 742/2854
f 765/2966 2798/2965 2804/2972 2801/2971
f 2798/2965 764/2957 2803/2973 2804/2972
f 2804/2972 2803/2973 757/2925 2774/2924
f 2801/2971 2804/2972 2774/2924 756/2923
f 760/2941 2783/2940 2806/2974 2805/2975
f 2783/2940 757/2925 2803/2973 2806/2974
f 2806/2974 2803/2973 764/2957 2793/2956
f 2805/2975 2806/2974 2793/2956 763/2955
f 763/2955 2796/2962 2808/2976 2805/2975
f 2796/2962 759/2933 2807/2977 2808/2976
f 2808/2976 2807/2977 761/2945 2786/2944
f 2805/2975 2808/2976 2786/2944 760/2941
f 601/2295 2464/2423 2810/2978 2373/2296
f 2464/2423 612/2333 2405/2336 2810/2978
f 2810/2978 2405/2336 615/2341 2809/2979
f 2373/2296 2810/2978 2809/2979 602/2297
f 766/2980 2811/2981 2813/2982 2812/2983
f 2811/2981 641/2457 2491/2460 2813/2982
f 2813/2982 2491/2460 630/2418 2466/2424
f 2812/2983 2813/2982 2466/2424 625/2404
f 639/2451 2484/2450 2816/2984 2815/2985
f 2484/2450 638/2449 2814/2986 2816/2984
f 2816/2984 2814/2986 633/2987 2471/2988
f 2815/2985 2816/2984 2471/2988 632/2989
f 613/2337 2817/2990 2819/2991 2818/2992
f 2817/2990 766/2980 2812/2983 2819/2991
f 2819/2991 2812/2983 625/2404 2455/2407
f 2818/2992 2819/2991 2455/2407 621/2395
f 653/2496 2512/2495 2822/2993 2821/2994
f 2512/2495 652/2494 2820/2995 2822/2993
f 2822/2993 2820/2995 659/2996 2523/2997
f 2821/2994 2822/2993 2523/2997 658/2998
f 675/2559 2553/2558 2825/2999 2824/3000
f 2553/2558 674/2557 2823/3001 2825/2999
f 2825/2999 2823/3001 669/3002 2543/3003
f 2824/3000 2825/2999 2543/3003 668/3004
f 691/2601 2579/2600 2828/3005 2827/3006
f 2579/2600 690/2599 2826/3007 2828/3005
f 2828/3005 2826/3007 685/3008 2569/3009
f 2827/3006 2828/3005 2569/3009 684/3010
f 690/2891 2752/2890 2830/3011 2826/3012
f 2752/2890 748/2889 2829/3013 2830/3011
f 2830/3011 2829/3013 746/2873 2743/2870
f 2826/3012 2830/3011 2743/2870 685/2869
f 748/2889 2767/2914 2832/3014 2829/3013
f 2767/2914 753/2913 2831/3015 2832/3014
f 2832/3014 2831/3015 751/2901 2758/2899
f 2829/3013 2832/3014 2758/2899 746/2873
f 753/2913 2787/2946 2834/3016 2831/3015
f 2787/2946 761/2945 2833/3017 2834/3016
f 2834/3016 2833/3017 762/2949 2789/2947
f 2831/3015 2834/3016 2789/2947 751/2901
f 762/2949 2833/3017 2836/3018 2835/3019
f 2833/3017 761/2945 2807/2977 2836/3018
f 2836/3018 2807/2977 759/2933 2778/2932
f 2835/3019 2836/3018 2778/2932 758/2931
f 755/2919 2770/2918 2837/3020 2781/2938
f 2770/2918 754/2917 2790/2950 2837/3020
f 2837/3020 2790/2950 762/2949 2835/3019
f 2781/2938 2837/3020 2835/3019 758/2931
f 472/1793 2029/1801 2841/3021 2840/3022
f 2029/1801 474/1800 2838/3023 2841/3021
f 2841/3021 2838/3023 767/3024 2839/3025
f 2840/3022 2841/3021 2839/3025 768/3026
f 448/1696 2025/1795 2845/3027 2844/3028
f 2025/1795 471/1788 2842/3029 2845/3027
f 2845/3027 2842/3029 769/3030 2843/3031
f 2844/3028 2845/3027 2843/3031 770/3032
f 474/1800 2846/3033 2849/3034 2838/3023
f 2846/3033 771/3035 2847/3036 2849/3034
f 2849/3034 2847/3036 772/3037 2848/3038
f 2838/3023 2849/3034 2848/3038 767/3024
f 471/1788 2023/1791 2851/3039 2842/3029
f 2023/1791 472/1793 2840/3022 2851/3039
f 2851/3039 2840/3022 768/3026 2850/3040
f 2842/3029 2851/3039 2850/3040 769/3030
f 449/1698 1950/1697 2854/3041 2853/3042
f 1950/1697 448/1696 2844/3028 2854/3041
f 2854/3041 2844/3028 770/3032 2852/3043
f 2853/3042 2854/3041 2852/3043 773/3044
f 768/3045 2839/3046 2858/3047 2857/3048
f 2839/3046 767/3049 2855/3050 2858/3047
f 2858/3047 2855/3050 774/3026 2856/3025
f 2857/3048 2858/3047 2856/3025 775/3024
f 773/3044 2852/3043 2862/3051 2861/3052
f 2852/3043 770/3032 2859/3053 2862/3051
f 2862/3051 2859/3053 776/3054 2860/3055
f 2861/3052 2862/3051 2860/3055 777/3056
f 778/3056 2863/3052 2866/3057 2865/3058
f 2863/3052 773/3044 2861/3059 2866/3057
f 2866/3057 2861/3059 777/3060 2864/3061
f 2865/3058 2866/3057 2864/3061 779/3062
f 770/3032 2843/3031 2869/3063 2859/3053
f 2843/3031 769/3030 2867/3064 2869/3063
f 2869/3063 2867/3064 780/3065 2868/3066
f 2859/3053 2869/3063 2868/3066 776/3054
f 769/3030 2850/3064 2871/3067 2867/3040
f 2850/3064 768/3065 2857/3068 2871/3067
f 2871/3067 2857/3068 775/3049 2870/3050
f 2867/3040 2871/3067 2870/3050 780/3026
f 1/1 819/4 2873/3069 821/12
f 819/4 4/9 905/138 2873/3069
f 2873/3069 905/138 47/134 2872/3070
f 821/12 2873/3069 2872/3070 5/13
f 5/13 2872/3070 2874/3071 847/49
f 2872/3070 47/134 900/131 2874/3071
f 2874/3071 900/131 46/130 920/156
f 847/49 2874/3071 920/156 17/50
f 498/1906 2875/3072 2879/3073 2878/3074
f 2875/3072 519/2010 2876/3075 2879/3073
f 2879/3073 2876/3075 117/423 2877/3076
f 2878/3074 2879/3073 2877/3076 98/342
f 413/1591 1906/1628 2881/3077 1881/1592
f 1906/1628 424/1627 1974/1727 2881/3077
f 2881/3077 1974/1727 451/1701 2880/3078
f 1881/1592 2881/3077 2880/3078 408/1578
f 408/1578 2880/3078 2882/3079 1874/1579
f 2880/3078 451/1701 1956/1704 2882/3079
f 2882/3079 1956/1704 452/1706 1958/1709
f 1874/1579 2882/3079 1958/1709 409/1582
f 111/3080 2883/3081 2886/3082 2885/3083
f 2883/3081 125/3084 2884/3085 2886/3082
f 2886/3082 2884/3085 391/1504 1817/1501
f 2885/3083 2886/3082 1817/1501 390/1500
f 611/2328 2887/3086 2889/3087 2469/2428
f 2887/3086 641/2457 2811/2981 2889/3087
f 2889/3087 2811/2981 766/2980 2888/3088
f 2469/2428 2889/3087 2888/3088 631/2421
f 631/2421 2888/3088 2890/3089 2463/2422
f 2888/3088 766/2980 2817/2990 2890/3089
f 2890/3089 2817/2990 613/2337 2402/2334
f 2463/2422 2890/3089 2402/2334 612/2333
f 615/2341 2891/3090 2893/3091 2809/2979
f 2891/3090 781/3092 2892/3093 2893/3091
f 2893/3091 2892/3093 607/2318 2400/2332
f 2809/2979 2893/3091 2400/2332 602/2297
f 610/2326 2894/3094 2895/3095 2395/2327
f 2894/3094 640/2453 2490/2458 2895/3095
f 2895/3095 2490/2458 641/2457 2887/3086
f 2395/2327 2895/3095 2887/3086 611/2328
f 614/2339 2403/2338 2897/3096 2896/3097
f 2403/2338 613/2337 2818/2992 2897/3096
f 2897/3096 2818/2992 621/2395 2451/2398
f 2896/3097 2897/3096 2451/2398 624/2403
f 610/2326 2898/3098 2900/3099 2894/3094
f 2898/3098 782/3100 2899/3101 2900/3099
f 2900/3099 2899/3101 636/2444 2487/2454
f 2894/3094 2900/3099 2487/2454 640/2453
f 600/2291 2369/2290 2904/3102 2903/3103
f 2369/2290 599/2289 2901/3104 2904/3102
f 2904/3102 2901/3104 783/3105 2902/3106
f 2903/3103 2904/3102 2902/3106 784/3107
f 785/3108 2905/3109 2907/3110 2906/3111
f 2905/3109 639/2451 2815/2985 2907/3110
f 2907/3110 2815/2985 632/2989 2481/3112
f 2906/3111 2907/3110 2481/3112 637/3113
f 615/2341 2404/2340 2910/3114 2891/3090
f 2404/2340 614/2339 2908/3115 2910/3114
f 2910/3114 2908/3115 785/3108 2909/3116
f 2891/3090 2910/3114 2909/3116 781/3092
f 624/2403 2485/2452 2911/3117 2896/3097
f 2485/2452 639/2451 2905/3109 2911/3117
f 2911/3117 2905/3109 785/3108 2908/3115
f 2896/3097 2911/3117 2908/3115 614/2339
f 610/2326 2394/2325 2913/3118 2898/3098
f 2394/2325 600/2291 2903/3103 2913/3118
f 2913/3118 2903/3103 784/3107 2912/3119
f 2898/3098 2913/3118 2912/3119 782/3100
f 599/2289 2378/2303 2916/3120 2901/3104
f 2378/2303 604/2302 2914/3121 2916/3120
f 2916/3120 2914/3121 786/3122 2915/3123
f 2901/3104 2916/3120 2915/3123 783/3105
f 593/2268 2353/2267 2918/3124 2377/2301
f 2353/2267 592/2266 2917/3125 2918/3124
f 2918/3124 2917/3125 786/3122 2914/3121
f 2377/2301 2918/3124 2914/3121 604/2302
f 787/3126 2919/3127 2922/3128 2921/3129
f 2919/3127 788/3130 2920/3131 2922/3128
f 2922/3128 2920/3131 76/248 990/253
f 2921/3129 2922/3128 990/253 77/252
f 76/248 2920/3131 2924/3132 987/249
f 2920/3131 788/3130 2923/3133 2924/3132
f 2924/3132 2923/3133 42/120 891/117
f 987/249 2924/3132 891/117 41/116
f 79/258 2925/3134 2927/3135 993/259
f 2925/3134 488/1865 2926/3136 2927/3135
f 2927/3135 2926/3136 787/3126 2921/3129
f 993/259 2927/3135 2921/3129 77/252
f 84/282 1012/281 2930/3137 2929/3138
f 1012/281 83/278 2928/3139 2930/3137
f 2930/3137 2928/3139 487/1861 2070/1860
f 2929/3138 2930/3137 2070/1860 486/1859
f 82/274 1006/273 2934/3140 2933/3141
f 1006/273 7/16 2931/3142 2934/3140
f 2934/3140 2931/3142 789/3143 2932/3144
f 2933/3141 2934/3140 2932/3144 489/1869
f 84/282 2929/3138 2935/3145 1015/285
f 2929/3138 486/1859 2074/1866 2935/3145
f 2935/3145 2074/1866 488/1865 2925/3134
f 1015/285 2935/3145 2925/3134 79/258
f 487/1861 2928/3139 2936/3146 2076/1867
f 2928/3139 83/278 1009/277 2936/3146
f 2936/3146 1009/277 82/274 2933/3141
f 2076/1867 2936/3146 2933/3141 489/1869
f 496/1899 2101/1902 2938/3147 2937/3148
f 2101/1902 498/1906 2878/3074 2938/3147
f 2938/3147 2878/3074 98/342 1053/341
f 2937/3148 2938/3147 1053/341 94/340
f 90/309 1038/316 2940/3149 1040/323
f 1038/316 93/320 2939/3150 2940/3149
f 2940/3149 2939/3150 496/3151 2937/3152
f 1040/323 2940/3149 2937/3152 94/324
f 69/230 974/229 2943/3153 1044/328
f 974/229 68/228 2941/3154 2943/3153
f 2943/3153 2941/3154 771/3035 2942/3155
f 1044/328 2943/3153 2942/3155 95/325
f 10/27 2944/3156 2946/3157 831/23
f 2944/3156 502/1937 2945/3158 2946/3157
f 2946/3157 2945/3158 789/3143 2931/3142
f 831/23 2946/3157 2931/3142 7/16
f 502/1937 2944/3156 2948/3159 2124/1938
f 2944/3156 10/27 1067/361 2948/3159
f 2948/3159 1067/361 100/360 2947/3160
f 2124/1938 2948/3159 2947/3160 503/1941
f 106/384 1087/387 2951/3161 2950/3162
f 1087/387 107/389 2949/3163 2951/3161
f 2951/3161 2949/3163 515/3164 2163/3165
f 2950/3162 2951/3161 2163/3165 514/3166
f 107/389 1091/393 2953/3167 2949/3163
f 1091/393 103/374 2952/3168 2953/3167
f 2953/3167 2952/3168 516/3169 2166/3170
f 2949/3163 2953/3167 2166/3170 515/3164
f 110/400 1098/403 2956/3171 2955/3172
f 1098/403 109/398 1104/407 2956/3171
f 2956/3171 1104/407 112/411 2954/3173
f 2955/3172 2956/3171 2954/3173 790/3174
f 60/196 949/195 2960/3175 2959/3176
f 949/195 59/194 2957/3177 2960/3175
f 2960/3175 2957/3177 791/3178 2958/3179
f 2959/3176 2960/3175 2958/3179 517/3180
f 103/374 1076/372 2961/3181 2952/3168
f 1076/372 60/196 2959/3176 2961/3181
f 2961/3181 2959/3176 517/3180 2169/3182
f 2952/3168 2961/3181 2169/3182 516/3169
f 59/194 1100/405 2963/3183 2957/3177
f 1100/405 110/400 2955/3172 2963/3183
f 2963/3183 2955/3172 790/3174 2962/3184
f 2957/3177 2963/3183 2962/3184 791/3178
f 100/360 1089/390 2964/3185 2947/3160
f 1089/390 106/384 2950/3186 2964/3185
f 2964/3185 2950/3186 514/3187 2172/3188
f 2947/3160 2964/3185 2172/3188 503/1941
f 519/2010 2181/2013 2966/3189 2876/3075
f 2181/2013 521/2017 2965/3190 2966/3189
f 2966/3189 2965/3190 118/425 1112/424
f 2876/3075 2966/3189 1112/424 117/423
f 521/2017 2967/3191 2968/3192 2965/3190
f 2967/3191 219/792 1368/791 2968/3192
f 2968/3192 1368/791 131/467 1140/466
f 2965/3190 2968/3192 1140/466 118/425
f 128/450 1126/449 2971/3193 2970/3194
f 1126/449 127/448 1157/488 2971/3193
f 2971/3193 1157/488 138/490 2969/3195
f 2970/3194 2971/3193 2969/3195 573/3196
f 573/3196 2969/3195 2973/3197 2316/3198
f 2969/3195 138/490 1252/623 2973/3197
f 2973/3197 1252/623 176/627 2972/3199
f 2316/3198 2973/3197 2972/3199 574/3200
f 575/3201 2974/3202 2976/3203 2322/3204
f 2974/3202 177/774 1354/773 2976/3203
f 2976/3203 1354/773 180/643 2975/3205
f 2322/3204 2976/3203 2975/3205 576/3206
f 180/643 1262/642 2978/3207 2975/3205
f 1262/642 179/641 1356/777 2978/3207
f 2978/3207 1356/777 218/776 2977/3208
f 2975/3205 2978/3207 2977/3208 576/3206
f 185/661 2979/3209 2982/3210 1276/662
f 2979/3209 617/2368 2980/3211 2982/3210
f 2982/3210 2980/3211 792/3212 2981/3213
f 1276/662 2982/3210 2981/3213 186/663
f 186/663 2981/3213 2985/3214 1317/725
f 2981/3213 792/3212 2983/3215 2985/3214
f 2985/3214 2983/3215 609/2322 2984/3216
f 1317/725 2985/3214 2984/3216 208/726
f 208/726 2984/3216 2987/3217 1332/743
f 2984/3216 609/2322 2391/2321 2987/3217
f 2987/3217 2391/2321 608/2320 2986/3218
f 1332/743 2987/3217 2986/3218 212/744
f 400/1540 1861/1563 2990/3219 2989/3220
f 1861/1563 397/1525 1838/1528 2990/3219
f 2990/3219 1838/1528 399/1532 2988/3221
f 2989/3220 2990/3219 2988/3221 793/3222
f 217/766 1347/765 2993/3223 2992/3224
f 1347/765 168/588 1370/790 2993/3223
f 2993/3223 1370/790 220/794 2991/3225
f 2992/3224 2993/3223 2991/3225 618/2370
f 574/3200 2972/3199 2994/3226 2422/3227
f 2972/3199 176/627 1255/633 2994/3226
f 2994/3226 1255/633 177/632 2974/3228
f 2422/3227 2994/3226 2974/3228 575/3229
f 185/661 1360/782 2995/3230 2979/3209
f 1360/782 217/766 2992/3224 2995/3230
f 2995/3230 2992/3224 618/2370 2425/2369
f 2979/3209 2995/3230 2425/2369 617/2368
f 68/228 1775/1440 2997/3231 2941/3154
f 1775/1440 370/1439 2996/3232 2997/3231
f 2997/3231 2996/3232 772/3037 2847/3036
f 2941/3154 2997/3231 2847/3036 771/3035
f 43/122 2998/3233 3000/3234 893/123
f 2998/3233 778/3060 2999/3235 3000/3234
f 3000/3234 2999/3235 373/1451 1783/1449
f 893/123 3000/3234 1783/1449 44/124
f 370/1439 1788/1458 3003/3236 2996/3232
f 1788/1458 375/1457 3001/3237 3003/3236
f 3003/3236 3001/3237 794/3238 3002/3239
f 2996/3232 3003/3236 3002/3239 772/3037
f 778/3060 2865/3061 3005/3240 2999/3235
f 2865/3061 779/3062 3004/3241 3005/3240
f 3005/3240 3004/3241 376/1461 1790/1459
f 2999/3235 3005/3240 1790/1459 373/1451
f 396/1522 1830/1521 3007/3242 1856/1557
f 1830/1521 212/744 2986/3218 3007/3242
f 3007/3242 2986/3218 608/2320 3006/3243
f 1856/1557 3007/3242 3006/3243 403/1558
f 795/3244 3008/3245 3010/3246 3009/3247
f 3008/3245 239/1548 1849/1545 3010/3246
f 3010/3246 1849/1545 402/1544 1858/1556
f 3009/3247 3010/3246 1858/1556 404/1560
f 239/860 3008/3248 3012/3249 1415/861
f 3008/3248 795/3250 3011/3251 3012/3249
f 3012/3249 3011/3251 398/1530 1836/1529
f 1415/861 3012/3249 1836/1529 240/862
f 401/1542 1846/1541 3014/3252 1868/1572
f 1846/1541 400/1540 2989/3220 3014/3252
f 3014/3252 2989/3220 793/3222 3013/3253
f 1868/1572 3014/3252 3013/3253 407/1573
f 450/1700 1951/1699 3017/3254 3016/3255
f 1951/1699 449/1698 3015/3256 3017/3254
f 3017/3254 3015/3256 43/122 892/121
f 3016/3255 3017/3254 892/121 42/120
f 787/3126 3018/3257 3020/3258 2919/3127
f 3018/3257 478/1824 2041/1823 3020/3258
f 3020/3258 2041/1823 477/1820 3019/3259
f 2919/3127 3020/3258 3019/3259 788/3130
f 477/1820 2038/1819 3021/3260 3019/3259
f 2038/1819 450/1700 3016/3255 3021/3260
f 3021/3260 3016/3255 42/120 2923/3133
f 3019/3259 3021/3260 2923/3133 788/3130
f 480/1830 2045/1829 3022/3261 2073/1864
f 2045/1829 478/1824 3018/3257 3022/3261
f 3022/3261 3018/3257 787/3126 2926/3136
f 2073/1864 3022/3261 2926/3136 488/1865
f 483/1845 2077/1870 3024/3262 2059/1846
f 2077/1870 489/1869 2932/3144 3024/3262
f 3024/3262 2932/3144 789/3143 3023/3263
f 2059/1846 3024/3262 3023/3263 414/1593
f 495/1896 2104/1910 3026/3264 3025/3265
f 2104/1910 497/1909 2098/3266 3026/3264
f 3026/3264 2098/3266 496/3151 2939/3150
f 3025/3265 3026/3264 2939/3150 93/320
f 495/1896 3025/3265 3028/3267 2094/1892
f 3025/3265 93/320 1037/319 3028/3267
f 3028/3267 1037/319 92/318 3027/3268
f 2094/1892 3028/3267 3027/3268 490/1871
f 95/325 3029/3269 3030/3270 1043/326
f 3029/3269 473/1798 2079/1872 3030/3270
f 3030/3270 2079/1872 490/1871 3027/3268
f 1043/326 3030/3270 3027/3268 92/318
f 473/1798 3029/3269 3031/3271 2028/1799
f 3029/3269 95/325 2942/3155 3031/3271
f 3031/3271 2942/3155 771/3035 2846/3033
f 2028/1799 3031/3271 2846/3033 474/1800
f 416/1601 1887/1599 3032/3272 2127/1940
f 1887/1599 414/1593 3023/3263 3032/3272
f 3032/3272 3023/3263 789/3143 2945/3158
f 2127/1940 3032/3272 2945/3158 502/1937
f 512/1980 3033/3273 3034/3274 2155/1981
f 3033/3273 112/3275 1103/3276 3034/3274
f 3034/3274 1103/3276 111/3277 2885/3278
f 2155/1981 3034/3274 2885/3278 390/1982
f 513/1983 3035/3279 3036/3280 2157/1984
f 3035/3279 790/3281 2954/3282 3036/3280
f 3036/3280 2954/3282 112/3275 3033/3273
f 2157/1984 3036/3280 3033/3273 512/1980
f 464/1764 2170/2002 3038/3283 2003/1765
f 2170/2002 517/2001 2958/3284 3038/3283
f 3038/3283 2958/3284 791/3285 3037/3286
f 2003/1765 3038/3283 3037/3286 465/1766
f 465/1766 3037/3286 3039/3287 2160/1988
f 3037/3286 791/3285 2962/3288 3039/3287
f 3039/3287 2962/3288 790/3281 3035/3279
f 2160/1988 3039/3287 3035/3279 513/1983
f 125/3084 1127/3289 3041/3290 2884/3085
f 1127/3289 128/3291 3040/3292 3041/3290
f 3041/3290 3040/3292 524/2030 2191/2028
f 2884/3085 3041/3290 2191/2028 391/1504
f 521/2017 2180/2016 3043/3293 2967/3191
f 2180/2016 520/2015 2201/2043 3043/3293
f 3043/3293 2201/2043 527/2042 3042/3294
f 2967/3191 3043/3293 3042/3294 219/792
f 128/3291 2970/3295 3044/3296 3040/3292
f 2970/3295 573/2207 2318/2210 3044/3296
f 3044/3296 2318/2210 533/2062 2214/2060
f 3040/3292 3044/3296 2214/2060 524/2030
f 577/2221 2323/2220 3046/3297 2328/2227
f 2323/2220 576/2219 2977/3298 3046/3297
f 3046/3297 2977/3298 218/3299 3045/3300
f 2328/2227 3046/3297 3045/3300 578/2228
f 192/3301 1288/3302 3049/3303 3048/3304
f 1288/3302 195/3305 3047/3306 3049/3303
f 3049/3303 3047/3306 592/2266 2352/2263
f 3048/3304 3049/3303 2352/2263 591/2262
f 586/2252 2344/2251 3051/3307 2424/2365
f 2344/2251 585/2250 3050/3308 3051/3307
f 3051/3307 3050/3308 792/3212 2980/3211
f 2424/2365 3051/3307 2980/3211 617/2368
f 585/2250 2382/2308 3052/3309 3050/3308
f 2382/2308 605/2307 2392/2317 3052/3309
f 3052/3309 2392/2317 609/2322 2983/3215
f 3050/3308 3052/3309 2983/3215 792/3212
f 784/3107 3053/3310 3055/3311 2912/3119
f 3053/3310 793/3312 2988/3313 3055/3311
f 3055/3311 2988/3313 399/3314 3054/3315
f 2912/3119 3055/3311 3054/3315 782/3100
f 616/2352 2426/2371 3057/3316 2415/2353
f 2426/2371 618/2370 2991/3225 3057/3316
f 3057/3316 2991/3225 220/794 3056/3317
f 2415/2353 3057/3316 3056/3317 562/2158
f 218/3299 1357/3318 3058/3319 3045/3300
f 1357/3318 192/3301 3048/3304 3058/3319
f 3058/3319 3048/3304 591/2262 2417/2354
f 3045/3300 3058/3319 2417/2354 578/2228
f 562/2158 3056/3317 3059/3320 2435/2379
f 3056/3317 220/794 1369/793 3059/3320
f 3059/3320 1369/793 219/792 3042/3294
f 2435/2379 3059/3320 3042/3294 527/2042
f 43/122 3015/3256 3060/3321 2998/3233
f 3015/3256 449/1698 2853/3042 3060/3321
f 3060/3321 2853/3042 773/3044 2863/3059
f 2998/3233 3060/3321 2863/3059 778/3060
f 767/3238 2848/3239 3062/3322 2855/3323
f 2848/3239 772/3037 3002/3038 3062/3322
f 3062/3322 3002/3038 794/3024 3061/3048
f 2855/3323 3062/3322 3061/3048 774/3045
f 782/3100 3054/3315 3064/3324 2899/3101
f 3054/3315 399/3314 1837/3325 3064/3324
f 3064/3324 1837/3325 398/3326 3063/3327
f 2899/3101 3064/3324 3063/3327 636/2444
f 781/3092 3065/3328 3066/3329 2892/3093
f 3065/3328 403/1558 3006/3243 3066/3329
f 3066/3329 3006/3243 608/2320 2390/2319
f 2892/3093 3066/3329 2390/2319 607/2318
f 795/3244 3009/3247 3069/3330 3068/3331
f 3009/3247 404/1560 3067/3332 3069/3330
f 3069/3330 3067/3332 785/3108 2906/3111
f 3068/3331 3069/3330 2906/3111 637/3113
f 637/2446 2480/2445 3070/3333 3068/3334
f 2480/2445 636/2444 3063/3327 3070/3333
f 3070/3333 3063/3327 398/3326 3011/3335
f 3068/3334 3070/3333 3011/3335 795/3336
f 783/3105 3071/3337 3072/3338 2902/3106
f 3071/3337 407/3339 3013/3340 3072/3338
f 3072/3338 3013/3340 793/3312 3053/3310
f 2902/3106 3072/3338 3053/3310 784/3107
f 785/3108 3067/3332 3073/3341 2909/3116
f 3067/3332 404/1560 1857/1559 3073/3341
f 3073/3341 1857/1559 403/1558 3065/3328
f 2909/3116 3073/3341 3065/3328 781/3092
f 592/2266 3047/3306 3075/3342 2917/3125
f 3047/3306 195/3305 1865/3343 3075/3342
f 3075/3342 1865/3343 406/3344 3074/3345
f 2917/3125 3075/3342 3074/3345 786/3122
f 786/3122 3074/3345 3076/3346 2915/3123
f 3074/3345 406/3344 1869/3347 3076/3346
f 3076/3346 1869/3347 407/3339 3071/3337
f 2915/3123 3076/3346 3071/3337 783/3105
f 498/1906 2100/1905 3077/3348 2875/3072
f 2100/1905 395/1514 1823/1513 3077/3348
f 3077/3348 1823/1513 394/1512 2178/2011
f 2875/3072 3077/3348 2178/2011 519/2010
f 492/1879 2197/2037 3078/3349 2083/1880
f 2197/2037 385/1486 2176/2006 3078/3349
f 3078/3349 2176/2006 393/1510 1821/1507
f 2083/1880 3078/3349 1821/1507 392/1506
f 124/440 1121/439 3079/3350 1144/470
f 1121/439 123/438 1138/462 3079/3350
f 3079/3350 1138/462 113/412 1109/415
f 1144/470 3079/3350 1109/415 116/420
f 72/3351 3080/3352 3082/3353 979/3354
f 3080/3352 119/427 1134/458 3082/3353
f 3082/3353 1134/458 129/453 3081/3355
f 979/3354 3082/3353 3081/3355 73/3356
f 108/3357 1093/3358 3084/3359 3083/3360
f 1093/3358 73/3356 3081/3355 3084/3359
f 3084/3359 3081/3355 129/453 1129/451
f 3083/3360 3084/3359 1129/451 126/446
f 111/3361 1102/3362 3085/3363 2883/3364
f 1102/3362 108/3357 3083/3360 3085/3363
f 3085/3363 3083/3360 126/446 1124/443
f 2883/3364 3085/3363 1124/443 125/442
f 75/3365 983/3366 3087/3367 3086/3368
f 983/3366 74/349 1136/460 3087/3367
f 3087/3367 1136/460 123/438 1120/436
f 3086/3368 3087/3367 1120/436 120/431
f 72/3351 1058/3369 3088/3370 3080/3352
f 1058/3369 75/3365 3086/3368 3088/3370
f 3088/3370 3086/3368 120/431 1115/428
f 3080/3352 3088/3370 1115/428 119/427
f 88/296 1054/343 3090/3371 3089/3372
f 1054/343 98/342 2877/3076 3090/3371
f 3090/3371 2877/3076 117/423 1111/421
f 3089/3372 3090/3371 1111/421 114/416
f 89/298 1022/297 3091/3373 1137/463
f 1022/297 88/296 3089/3372 3091/3373
f 3091/3373 3089/3372 114/416 1106/413
f 1137/463 3091/3373 1106/413 113/412
f 652/2494 3092/3374 3094/3375 2820/2995
f 3092/3374 675/2559 2824/3000 3094/3375
f 3094/3375 2824/3000 668/3004 3093/3376
f 2820/2995 3094/3375 3093/3376 659/2996
f 649/2486 3095/3377 3097/3378 2507/2487
f 3095/3377 665/2532 2557/2561 3097/3378
f 3097/3378 2557/2561 672/2551 3096/3379
f 2507/2487 3097/3378 3096/3379 650/2488
f 650/2488 3096/3379 3098/3380 2511/2493
f 3096/3379 672/2551 2554/2554 3098/3380
f 3098/3380 2554/2554 675/2559 3092/3374
f 2511/2493 3098/3380 3092/3374 652/2494
f 645/2477 3099/3381 3101/3382 2502/2478
f 3099/3381 671/2547 2549/2549 3101/3382
f 3101/3382 2549/2549 666/2533 3100/3383
f 2502/2478 3101/3382 3100/3383 646/2479
f 659/2513 3093/3384 3102/3385 2524/2514
f 3093/3384 668/2539 2546/2542 3102/3385
f 3102/3385 2546/2542 671/2547 3099/3381
f 2524/2514 3102/3385 3099/3381 645/2477
f 646/2479 3100/3383 3104/3386 2527/2517
f 3100/3383 666/2533 2541/2536 3104/3386
f 3104/3386 2541/2536 660/2518 3103/3387
f 2527/2517 3104/3386 3103/3387 657/2507
f 655/2501 3105/3388 3106/3389 2516/2502
f 3105/3388 663/2526 2537/2528 3106/3389
f 3106/3389 2537/2528 665/2532 3095/3377
f 2516/2502 3106/3389 3095/3377 649/2486
f 657/2507 3103/3387 3107/3390 2520/2508
f 3103/3387 660/2518 2533/2521 3107/3390
f 3107/3390 2533/2521 663/2526 3105/3388
f 2520/2508 3107/3390 3105/3388 655/2501
f 638/2449 3108/3391 3110/3392 2814/2986
f 3108/3391 653/2496 2821/2994 3110/3392
f 3110/3392 2821/2994 658/2998 3109/3393
f 2814/2986 3110/3392 3109/3393 633/2987
f 628/2414 3111/3394 3113/3395 2458/2415
f 3111/3394 647/2481 2528/2516 3113/3395
f 3113/3395 2528/2516 656/2503 3112/3396
f 2458/2415 3113/3395 3112/3396 629/2416
f 633/2433 3109/3397 3115/3398 2472/2434
f 3109/3397 658/2509 2525/2512 3115/3398
f 3115/3398 2525/2512 644/2473 3114/3399
f 2472/2434 3115/3398 3114/3399 634/2435
f 629/2416 3112/3396 3117/3400 2467/2426
f 3112/3396 656/2503 2521/2506 3117/3400
f 3117/3400 2521/2506 654/2497 3116/3401
f 2467/2426 3117/3400 3116/3401 626/2408
f 626/2408 3116/3401 3119/3402 2454/2409
f 3116/3401 654/2497 2517/2500 3119/3402
f 3119/3402 2517/2500 648/2482 3118/3403
f 2454/2409 3119/3402 3118/3403 622/2399
f 623/2401 3120/3404 3121/3405 2483/2447
f 3120/3404 651/2490 2513/2492 3121/3405
f 3121/3405 2513/2492 653/2496 3108/3391
f 2483/2447 3121/3405 3108/3391 638/2449
f 622/2399 3118/3403 3122/3406 2449/2400
f 3118/3403 648/2482 2509/2485 3122/3406
f 3122/3406 2509/2485 651/2490 3120/3404
f 2449/2400 3122/3406 3120/3404 623/2401
f 634/2435 3114/3399 3123/3407 2477/2440
f 3114/3399 644/2473 2504/2476 3123/3407
f 3123/3407 2504/2476 647/2481 3111/3394
f 2477/2440 3123/3407 3111/3394 628/2414
f 256/913 1756/1412 3126/3408 3125/3409
f 1756/1412 259/1411 3124/3410 3126/3408
f 3126/3408 3124/3410 268/1415 1758/1413
f 3125/3409 3126/3408 1758/1413 273/966
f 254/908 1445/907 3129/3411 3128/3412
f 1445/907 253/906 3127/3413 3129/3411
f 3129/3411 3127/3413 272/962 1489/971
f 3128/3412 3129/3411 1489/971 264/940
f 253/906 1450/914 3130/3414 3127/3413
f 1450/914 256/913 3125/3409 3130/3414
f 3130/3414 3125/3409 273/966 1484/963
f 3127/3413 3130/3414 1484/963 272/962
f 252/902 1441/901 3133/3415 3132/3416
f 1441/901 251/900 3131/3417 3133/3415
f 3133/3415 3131/3417 266/944 1481/959
f 3132/3416 3133/3415 1481/959 269/954
f 259/926 1458/925 3134/3418 3124/3419
f 1458/925 252/902 3132/3416 3134/3418
f 3134/3418 3132/3416 269/954 1476/951
f 3124/3419 3134/3418 1476/951 268/950
f 251/900 1461/928 3136/3420 3131/3417
f 1461/928 258/922 3135/3421 3136/3420
f 3136/3420 3135/3421 260/929 1472/945
f 3131/3417 3136/3420 1472/945 266/944
f 257/918 1452/917 3138/3422 3137/3423
f 1452/917 254/908 3128/3412 3138/3422
f 3138/3422 3128/3412 264/940 1468/938
f 3137/3423 3138/3422 1468/938 261/933
f 258/922 1455/921 3139/3424 3135/3421
f 1455/921 257/918 3137/3423 3139/3424
f 3139/3424 3137/3423 261/933 1463/930
f 3135/3421 3139/3424 1463/930 260/929
f 243/870 1850/1551 3141/3425 1421/871
f 1850/1551 238/1550 3140/3426 3141/3425
f 3141/3425 3140/3426 234/1400 1748/1397
f 1421/871 3141/3425 1748/1397 244/872
f 225/816 1384/815 3142/3427 1448/909
f 1384/815 224/814 1422/867 3142/3427
f 3142/3427 1422/867 244/872 1750/1399
f 1448/909 3142/3427 1750/1399 255/911
f 246/877 3143/3428 3145/3429 1425/878
f 3143/3428 229/825 1412/854 3145/3429
f 3145/3429 1412/854 235/848 3144/3430
f 1425/878 3145/3429 3144/3430 241/864
f 238/856 1417/859 3146/3431 3140/3432
f 1417/859 241/864 3144/3430 3146/3431
f 3146/3431 3144/3430 235/848 1406/845
f 3140/3432 3146/3431 1406/845 234/844
f 367/1395 3147/3433 3149/3434 1745/1396
f 3147/3433 227/819 1402/840 3149/3434
f 3149/3434 1402/840 230/829 3148/3435
f 1745/1396 3149/3434 3148/3435 248/883
f 246/877 1429/884 3150/3436 3143/3428
f 1429/884 248/883 3148/3435 3150/3436
f 3150/3436 3148/3435 230/829 1392/826
f 3143/3428 3150/3436 1392/826 229/825
f 367/1395 1753/1408 3152/3437 3147/3433
f 1753/1408 368/1407 3151/3438 3152/3437
f 3152/3437 3151/3438 223/810 1388/820
f 3147/3433 3152/3437 1388/820 227/819
f 368/1407 1841/1535 3153/3439 3151/3438
f 1841/1535 242/868 1419/865 3153/3439
f 3153/3439 1419/865 224/814 1383/811
f 3151/3438 3153/3439 1383/811 223/810
f 796/3440 3154/3441 3157/3442 3156/3443
f 3154/3441 691/2601 2827/3006 3157/3442
f 3157/3442 2827/3006 684/3010 3155/3444
f 3156/3443 3157/3442 3155/3444 797/3445
f 798/3446 3158/3447 3161/3448 3160/3449
f 3158/3447 683/2580 2586/2606 3161/3448
f 3161/3448 2586/2606 676/2563 3159/3450
f 3160/3449 3161/3448 3159/3450 799/3451
f 800/3452 3162/3453 3165/3454 3164/3455
f 3162/3453 679/2571 2583/2603 3165/3454
f 3165/3454 2583/2603 688/2593 3163/3456
f 3164/3455 3165/3454 3163/3456 801/3457
f 801/3457 3163/3456 3167/3458 3166/3459
f 3163/3456 688/2593 2580/2596 3167/3458
f 3167/3458 2580/2596 691/2601 3154/3441
f 3166/3459 3167/3458 3154/3441 796/3440
f 802/3460 3168/3461 3171/3462 3170/3463
f 3168/3461 687/2589 2575/2591 3171/3462
f 3171/3462 2575/2591 680/2572 3169/3464
f 3170/3463 3171/3462 3169/3464 803/3465
f 797/3466 3155/3467 3173/3468 3172/3469
f 3155/3467 684/2581 2572/2584 3173/3468
f 3173/3468 2572/2584 687/2589 3168/3461
f 3172/3469 3173/3468 3168/3461 802/3460
f 803/3465 3169/3464 3175/3470 3174/3471
f 3169/3464 680/2572 2567/2575 3175/3470
f 3175/3470 2567/2575 683/2580 3158/3447
f 3174/3471 3175/3470 3158/3447 798/3446
f 799/3451 3159/3450 3177/3472 3176/3473
f 3159/3450 676/2563 2562/2566 3177/3472
f 3177/3472 2562/2566 679/2571 3162/3453
f 3176/3473 3177/3472 3162/3453 800/3452
f 804/3474 3178/3475 3181/3476 3180/3477
f 3178/3475 805/3478 3179/3479 3181/3476
f 3181/3476 3179/3479 284/1421 1761/1419
f 3180/3477 3181/3476 1761/1419 289/1008
f 806/3480 3182/3481 3185/3482 3184/3483
f 3182/3481 807/3484 3183/3485 3185/3482
f 3185/3482 3183/3485 276/974 1518/1016
f 3184/3483 3185/3482 1518/1016 281/987
f 808/3486 3186/3487 3189/3488 3188/3489
f 3186/3487 809/3490 3187/3491 3189/3488
f 3189/3488 3187/3491 288/1004 1515/1013
f 3188/3489 3189/3488 1515/1013 277/978
f 809/3490 3190/3492 3191/3493 3187/3491
f 3190/3492 804/3474 3180/3477 3191/3493
f 3191/3493 3180/3477 289/1008 1510/1005
f 3187/3491 3191/3493 1510/1005 288/1004
f 810/3494 3192/3495 3195/3496 3194/3497
f 3192/3495 811/3498 3193/3499 3195/3496
f 3195/3496 3193/3499 280/983 1507/1001
f 3194/3497 3195/3496 1507/1001 285/996
f 805/3500 3196/3501 3197/3502 3179/3503
f 3196/3501 810/3494 3194/3497 3197/3502
f 3197/3502 3194/3497 285/996 1502/993
f 3179/3503 3197/3502 1502/993 284/992
f 811/3498 3198/3504 3199/3505 3193/3499
f 3198/3504 806/3480 3184/3483 3199/3505
f 3199/3505 3184/3483 281/987 1497/984
f 3193/3499 3199/3505 1497/984 280/983
f 807/3484 3200/3506 3201/3507 3183/3485
f 3200/3506 808/3486 3188/3489 3201/3507
f 3201/3507 3188/3489 277/978 1492/975
f 3183/3485 3201/3507 1492/975 276/974
f 662/2524 3202/3508 3204/3509 2535/2529
f 3202/3508 799/3451 3176/3473 3204/3509
f 3204/3509 3176/3473 800/3452 3203/3510
f 2535/2529 3204/3509 3203/3510 664/2530
f 667/2537 3205/3511 3207/3512 2540/2538
f 3205/3511 803/3465 3174/3471 3207/3512
f 3207/3512 3174/3471 798/3446 3206/3513
f 2540/2538 3207/3512 3206/3513 661/2522
f 669/2543 3208/3514 3210/3515 2544/2544
f 3208/3514 797/3466 3172/3469 3210/3515
f 3210/3515 3172/3469 802/3460 3209/3516
f 2544/2544 3210/3515 3209/3516 670/2545
f 670/2545 3209/3516 3211/3517 2548/2550
f 3209/3516 802/3460 3170/3463 3211/3517
f 3211/3517 3170/3463 803/3465 3205/3511
f 2548/2550 3211/3517 3205/3511 667/2537
f 673/2555 3212/3518 3214/3519 2552/2556
f 3212/3518 801/3457 3166/3459 3214/3519
f 3214/3519 3166/3459 796/3440 3213/3520
f 2552/2556 3214/3519 3213/3520 674/2557
f 664/2530 3203/3510 3215/3521 2556/2562
f 3203/3510 800/3452 3164/3455 3215/3521
f 3215/3521 3164/3455 801/3457 3212/3518
f 2556/2562 3215/3521 3212/3518 673/2555
f 661/2522 3206/3513 3216/3522 2531/2523
f 3206/3513 798/3446 3160/3449 3216/3522
f 3216/3522 3160/3449 799/3451 3202/3508
f 2531/2523 3216/3522 3202/3508 662/2524
f 674/2557 3213/3520 3217/3523 2823/3001
f 3213/3520 796/3440 3156/3443 3217/3523
f 3217/3523 3156/3443 797/3445 3208/3524
f 2823/3001 3217/3523 3208/3524 669/3002
f 262/935 1470/943 3220/3525 3219/3526
f 1470/943 265/942 3218/3527 3220/3525
f 3220/3525 3218/3527 808/3486 3200/3506
f 3219/3526 3220/3525 3200/3506 807/3484
f 267/949 1473/948 3223/3528 3222/3529
f 1473/948 263/937 3221/3530 3223/3528
f 3223/3528 3221/3530 806/3480 3198/3504
f 3222/3529 3223/3528 3198/3504 811/3498
f 271/958 1478/957 3226/3531 3225/3532
f 1478/957 270/956 3224/3533 3226/3531
f 3226/3531 3224/3533 810/3494 3196/3501
f 3225/3532 3226/3531 3196/3501 805/3500
f 270/956 1482/961 3227/3534 3224/3533
f 1482/961 267/949 3222/3529 3227/3534
f 3227/3534 3222/3529 811/3498 3192/3495
f 3224/3533 3227/3534 3192/3495 810/3494
f 275/970 1486/969 3230/3535 3229/3536
f 1486/969 274/968 3228/3537 3230/3535
f 3230/3535 3228/3537 804/3474 3190/3492
f 3229/3536 3230/3535 3190/3492 809/3490
f 265/942 1490/973 3231/3538 3218/3527
f 1490/973 275/970 3229/3536 3231/3538
f 3231/3538 3229/3536 809/3490 3186/3487
f 3218/3527 3231/3538 3186/3487 808/3486
f 263/937 1465/936 3232/3539 3221/3530
f 1465/936 262/935 3219/3526 3232/3539
f 3232/3539 3219/3526 807/3484 3182/3481
f 3221/3530 3232/3539 3182/3481 806/3480
f 274/968 1759/1418 3233/3540 3228/3537
f 1759/1418 271/1417 3225/3541 3233/3540
f 3233/3540 3225/3541 805/3478 3178/3475
f 3228/3537 3233/3540 3178/3475 804/3474
f 375/1457 3234/3542 3236/3543 3001/3237
f 3234/3542 812/3544 3235/3545 3236/3543
f 3236/3543 3235/3545 774/3045 3061/3323
f 3001/3237 3236/3543 3061/3323 794/3238
f 812/3546 3237/3547 3239/3548 3235/3549
f 3237/3547 813/3550 3238/3551 3239/3548
f 3239/3548 3238/3551 775/3024 2856/3025
f 3235/3549 3239/3548 2856/3025 774/3026
f 813/3552 3240/3553 3241/3554 3238/3555
f 3240/3553 776/3054 2868/3556 3241/3554
f 3241/3554 2868/3556 780/3026 2870/3050
f 3238/3555 3241/3554 2870/3050 775/3049
f 374/1455 3242/3557 3244/3558 1787/1456
f 3242/3557 814/3559 3243/3560 3244/3558
f 3244/3558 3243/3560 812/3544 3234/3542
f 1787/1456 3244/3558 3234/3542 375/1457
f 814/3561 3245/3562 3247/3563 3243/3564
f 3245/3562 815/3565 3246/3566 3247/3563
f 3247/3563 3246/3566 813/3550 3237/3547
f 3243/3564 3247/3563 3237/3547 812/3546
f 815/3567 3248/3568 3249/3569 3246/3570
f 3248/3568 777/3056 2860/3055 3249/3569
f 3249/3569 2860/3055 776/3054 3240/3553
f 3246/3570 3249/3569 3240/3553 813/3552
f 378/1467 1794/1466 3251/3571 1797/1470
f 1794/1466 377/1463 3250/3572 3251/3571
f 3251/3571 3250/3572 814/3573 3242/3574
f 1797/1470 3251/3571 3242/3574 374/1455
f 377/1463 1791/1462 3253/3575 3250/3576
f 1791/1462 376/1461 3252/3577 3253/3575
f 3253/3575 3252/3577 815/3578 3245/3579
f 3250/3576 3253/3575 3245/3579 814/3580
f 376/1461 3004/3241 3254/3581 3252/3582
f 3004/3241 779/3062 2864/3061 3254/3581
f 3254/3581 2864/3061 777/3060 3248/3583
f 3252/3582 3254/3581 3248/3583 815/3584

 